account_id,customer_id,account_type,balance,currency,branch_code,status,opened_date,created_at,updated_at
20001,1583,Savings,84300.43,INR,BR003,ACTIVE,2022-05-28,2026-09-10 11:36:56.634052,2026-09-10 11:36:56.634052
20002,2731,Savings,92847.80,INR,BR004,ACTIVE,2020-06-30,2026-09-10 11:36:56.634052,2026-09-10 11:36:56.634052
20003,3548,Savings,19209.66,INR,BR004,ACTIVE,2022-04-09,2026-09-10 11:36:56.634052,2026-09-10 11:36:56.634052
20004,1982,Current,428800.23,INR,BR004,ACTIVE,2024-06-20,2026-09-10 11:36:56.634052,2026-09-10 11:36:56.634052
20005,2975,Savings,264722.64,INR,BR004,ACTIVE,2023-02-06,2026-09-10 11:36:56.634052,2026-09-10 11:36:56.634052
20006,1550,Savings,164551.85,INR,BR002,ACTIVE,2024-08-03,2026-09-10 11:36:56.634052,2026-09-10 11:36:56.634052
20007,3165,Savings,145498.92,INR,BR002,ACTIVE,2024-11-14,2026-09-10 11:36:56.634052,2026-09-10 11:36:56.634052
20008,4822,Savings,272803.45,INR,BR001,ACTIVE,2023-03-31,2026-09-10 11:36:56.634052,2026-09-10 11:36:56.634052
20009,2388,Savings,164015.73,INR,BR004,ACTIVE,2024-03-23,2026-09-10 11:36:56.634052,2026-09-10 11:36:56.634052
20010,2938,Savings,431995.27,INR,BR003,ACTIVE,2022-08-19,2026-09-10 11:36:56.634052,2026-09-10 11:36:56.634052
20011,1204,Savings,106267.76,INR,BR001,ACTIVE,2020-12-13,2026-09-10 11:36:56.634052,2026-09-10 11:36:56.634052
20012,1351,Savings,441268.59,INR,BR001,ACTIVE,2021-08-15,2026-09-10 11:36:56.634052,2026-09-10 11:36:56.634052
20013,1319,Savings,332382.13,INR,BR002,ACTIVE,2022-05-23,2026-09-10 11:36:56.634052,2026-09-10 11:36:56.634052
20014,4431,Savings,478357.98,INR,BR001,ACTIVE,2022-05-25,2026-09-10 11:36:56.634052,2026-09-10 11:36:56.634052
20015,4589,Savings,8538.51,INR,BR003,ACTIVE,2024-09-16,2026-09-10 11:36:56.634052,2026-09-10 11:36:56.634052
20016,3988,Savings,30488.69,INR,BR004,ACTIVE,2023-02-11,2026-09-10 11:36:56.634052,2026-09-10 11:36:56.634052
20017,3537,Savings,250946.40,INR,BR001,ACTIVE,2020-12-13,2026-09-10 11:36:56.634052,2026-09-10 11:36:56.634052
20018,2693,Current,456277.04,INR,BR003,ACTIVE,2022-12-26,2026-09-10 11:36:56.634052,2026-09-10 11:36:56.634052
20019,1107,Savings,365666.68,INR,BR002,ACTIVE,2020-02-14,2026-09-10 11:36:56.634052,2026-09-10 11:36:56.634052
20020,4812,Savings,311445.83,INR,BR002,ACTIVE,2022-10-14,2026-09-10 11:36:56.634052,2026-09-10 11:36:56.634052
20021,3702,Savings,16769.48,INR,BR004,ACTIVE,2021-07-24,2026-09-10 11:36:56.634052,2026-09-10 11:36:56.634052
20022,4898,Savings,177727.73,INR,BR001,ACTIVE,2024-07-29,2026-09-10 11:36:56.634052,2026-09-10 11:36:56.634052
20023,3220,Savings,173580.59,INR,BR003,ACTIVE,2024-04-30,2026-09-10 11:36:56.634052,2026-09-10 11:36:56.634052
20024,4730,Savings,271500.76,INR,BR002,ACTIVE,2024-03-03,2026-09-10 11:36:56.634052,2026-09-10 11:36:56.634052
20025,3567,Savings,129656.06,INR,BR003,ACTIVE,2020-10-22,2026-09-10 11:36:56.634052,2026-09-10 11:36:56.634052
20026,2879,Current,134310.70,INR,BR002,ACTIVE,2022-05-09,2026-09-10 11:36:56.634052,2026-09-10 11:36:56.634052
20027,4937,Current,310809.54,INR,BR002,ACTIVE,2020-07-24,2026-09-10 11:36:56.634052,2026-09-10 11:36:56.634052
20028,1958,Savings,472339.20,INR,BR004,ACTIVE,2021-01-20,2026-09-10 11:36:56.634052,2026-09-10 11:36:56.634052
20029,3861,Savings,330429.37,INR,BR003,ACTIVE,2021-02-11,2026-09-10 11:36:56.634052,2026-09-10 11:36:56.634052
20030,3576,Savings,334396.93,INR,BR003,ACTIVE,2022-07-04,2026-09-10 11:36:56.634052,2026-09-10 11:36:56.634052
20031,3368,Savings,493121.19,INR,BR003,ACTIVE,2025-01-07,2026-09-10 11:36:56.634052,2026-09-10 11:36:56.634052
20032,2061,Savings,77585.61,INR,BR002,ACTIVE,2022-01-20,2026-09-10 11:36:56.634052,2026-09-10 11:36:56.634052
20033,3547,Savings,17883.55,INR,BR004,ACTIVE,2024-06-20,2026-09-10 11:36:56.634052,2026-09-10 11:36:56.634052
20034,4737,Savings,373011.46,INR,BR003,ACTIVE,2021-07-19,2026-09-10 11:36:56.634052,2026-09-10 11:36:56.634052
20035,3313,Current,219954.93,INR,BR001,ACTIVE,2022-12-06,2026-09-10 11:36:56.634052,2026-09-10 11:36:56.634052
20036,4767,Savings,214982.85,INR,BR003,ACTIVE,2022-08-17,2026-09-10 11:36:56.634052,2026-09-10 11:36:56.634052
20037,2692,Savings,113426.38,INR,BR002,ACTIVE,2020-01-21,2026-09-10 11:36:56.634052,2026-09-10 11:36:56.634052
20038,2673,Savings,253924.66,INR,BR004,ACTIVE,2024-10-02,2026-09-10 11:36:56.634052,2026-09-10 11:36:56.634052
20039,3956,Savings,221644.00,INR,BR003,ACTIVE,2024-04-04,2026-09-10 11:36:56.634052,2026-09-10 11:36:56.634052
20040,1402,Savings,173379.55,INR,BR003,ACTIVE,2020-01-09,2026-09-10 11:36:56.634052,2026-09-10 11:36:56.634052
20041,4035,Savings,221929.83,INR,BR003,ACTIVE,2024-08-28,2026-09-10 11:36:56.634052,2026-09-10 11:36:56.634052
20042,1602,Savings,192533.55,INR,BR001,ACTIVE,2023-04-01,2026-09-10 11:36:56.634052,2026-09-10 11:36:56.634052
20043,4000,Savings,470008.28,INR,BR002,ACTIVE,2022-06-17,2026-09-10 11:36:56.634052,2026-09-10 11:36:56.634052
20044,1218,Savings,490145.58,INR,BR001,ACTIVE,2021-09-17,2026-09-10 11:36:56.634052,2026-09-10 11:36:56.634052
20045,3378,Savings,420110.57,INR,BR001,ACTIVE,2023-05-02,2026-09-10 11:36:56.634052,2026-09-10 11:36:56.634052
20046,1186,Savings,495216.63,INR,BR002,ACTIVE,2021-12-08,2026-09-10 11:36:56.634052,2026-09-10 11:36:56.634052
20047,4453,Savings,133594.00,INR,BR002,ACTIVE,2020-05-01,2026-09-10 11:36:56.634052,2026-09-10 11:36:56.634052
20048,3257,Savings,421619.63,INR,BR003,ACTIVE,2023-09-29,2026-09-10 11:36:56.634052,2026-09-10 11:36:56.634052
20049,4635,Savings,203907.88,INR,BR002,ACTIVE,2022-09-08,2026-09-10 11:36:56.634052,2026-09-10 11:36:56.634052
20050,1288,Savings,373322.06,INR,BR003,ACTIVE,2021-06-20,2026-09-10 11:36:56.634052,2026-09-10 11:36:56.634052
20051,1088,Savings,101494.93,INR,BR001,ACTIVE,2021-07-27,2026-09-10 11:36:56.634052,2026-09-10 11:36:56.634052
20052,4051,Savings,406166.09,INR,BR003,ACTIVE,2022-06-21,2026-09-10 11:36:56.634052,2026-09-10 11:36:56.634052
20053,3184,Savings,42648.75,INR,BR002,ACTIVE,2022-03-08,2026-09-10 11:36:56.634052,2026-09-10 11:36:56.634052
20054,3206,Current,136008.30,INR,BR003,ACTIVE,2022-12-29,2026-09-10 11:36:56.634052,2026-09-10 11:36:56.634052
20055,3842,Savings,411154.36,INR,BR001,ACTIVE,2022-08-28,2026-09-10 11:36:56.634052,2026-09-10 11:36:56.634052
20056,3968,Current,373832.45,INR,BR002,ACTIVE,2023-09-11,2026-09-10 11:36:56.634052,2026-09-10 11:36:56.634052
20057,1155,Savings,251122.13,INR,BR002,ACTIVE,2022-10-04,2026-09-10 11:36:56.634052,2026-09-10 11:36:56.634052
20058,4535,Current,336723.59,INR,BR004,ACTIVE,2023-10-23,2026-09-10 11:36:56.634052,2026-09-10 11:36:56.634052
20059,1220,Current,93601.44,INR,BR003,ACTIVE,2024-10-28,2026-09-10 11:36:56.634052,2026-09-10 11:36:56.634052
20060,2483,Savings,334214.05,INR,BR003,ACTIVE,2021-12-17,2026-09-10 11:36:56.634052,2026-09-10 11:36:56.634052
20061,4239,Savings,4980.11,INR,BR003,ACTIVE,2020-11-22,2026-09-10 11:36:56.634052,2026-09-10 11:36:56.634052
20062,1322,Savings,416774.72,INR,BR001,ACTIVE,2021-07-27,2026-09-10 11:36:56.634052,2026-09-10 11:36:56.634052
20063,3739,Savings,258627.52,INR,BR001,ACTIVE,2022-03-20,2026-09-10 11:36:56.634052,2026-09-10 11:36:56.634052
20064,1841,Current,471995.35,INR,BR002,ACTIVE,2020-05-05,2026-09-10 11:36:56.634052,2026-09-10 11:36:56.634052
20065,2586,Savings,239603.97,INR,BR002,ACTIVE,2024-01-11,2026-09-10 11:36:56.634052,2026-09-10 11:36:56.634052
20066,2837,Current,217110.55,INR,BR001,ACTIVE,2022-04-17,2026-09-10 11:36:56.634052,2026-09-10 11:36:56.634052
20067,3560,Savings,225576.35,INR,BR003,ACTIVE,2020-07-22,2026-09-10 11:36:56.634052,2026-09-10 11:36:56.634052
20068,3135,Savings,180504.58,INR,BR003,ACTIVE,2023-10-06,2026-09-10 11:36:56.634052,2026-09-10 11:36:56.634052
20069,2569,Current,84170.87,INR,BR001,ACTIVE,2020-04-28,2026-09-10 11:36:56.634052,2026-09-10 11:36:56.634052
20070,3323,Savings,421189.30,INR,BR003,ACTIVE,2020-04-02,2026-09-10 11:36:56.634052,2026-09-10 11:36:56.634052
20071,3189,Savings,195153.62,INR,BR001,ACTIVE,2022-08-10,2026-09-10 11:36:56.634052,2026-09-10 11:36:56.634052
20072,4790,Savings,265025.11,INR,BR003,ACTIVE,2020-04-01,2026-09-10 11:36:56.634052,2026-09-10 11:36:56.634052
20073,2760,Current,10923.57,INR,BR003,ACTIVE,2022-03-26,2026-09-10 11:36:56.634052,2026-09-10 11:36:56.634052
20074,1625,Savings,31066.68,INR,BR004,ACTIVE,2021-01-30,2026-09-10 11:36:56.634052,2026-09-10 11:36:56.634052
20075,4862,Current,298994.43,INR,BR002,ACTIVE,2021-01-22,2026-09-10 11:36:56.634052,2026-09-10 11:36:56.634052
20076,3964,Savings,439734.81,INR,BR003,ACTIVE,2024-12-31,2026-09-10 11:36:56.634052,2026-09-10 11:36:56.634052
20077,1353,Savings,247204.52,INR,BR003,ACTIVE,2022-01-19,2026-09-10 11:36:56.634052,2026-09-10 11:36:56.634052
20078,2029,Savings,83322.32,INR,BR001,ACTIVE,2023-03-26,2026-09-10 11:36:56.634052,2026-09-10 11:36:56.634052
20079,3430,Savings,58947.53,INR,BR004,ACTIVE,2022-06-09,2026-09-10 11:36:56.634052,2026-09-10 11:36:56.634052
20080,4796,Savings,449994.21,INR,BR004,ACTIVE,2020-02-05,2026-09-10 11:36:56.634052,2026-09-10 11:36:56.634052
20081,4840,Savings,351117.29,INR,BR001,ACTIVE,2021-04-04,2026-09-10 11:36:56.634052,2026-09-10 11:36:56.634052
20082,2358,Savings,483131.58,INR,BR001,ACTIVE,2021-10-28,2026-09-10 11:36:56.634052,2026-09-10 11:36:56.634052
20083,1475,Savings,42091.96,INR,BR001,ACTIVE,2021-03-31,2026-09-10 11:36:56.634052,2026-09-10 11:36:56.634052
20084,3010,Savings,451403.81,INR,BR003,ACTIVE,2023-09-15,2026-09-10 11:36:56.634052,2026-09-10 11:36:56.634052
20085,1928,Savings,422970.52,INR,BR001,ACTIVE,2022-12-18,2026-09-10 11:36:56.634052,2026-09-10 11:36:56.634052
20086,1030,Savings,446699.41,INR,BR002,ACTIVE,2024-05-02,2026-09-10 11:36:56.634052,2026-09-10 11:36:56.634052
20087,4419,Savings,3875.72,INR,BR001,ACTIVE,2021-09-14,2026-09-10 11:36:56.634052,2026-09-10 11:36:56.634052
20088,3970,Savings,371209.84,INR,BR003,ACTIVE,2021-12-09,2026-09-10 11:36:56.634052,2026-09-10 11:36:56.634052
20089,3642,Current,274920.12,INR,BR002,ACTIVE,2023-11-23,2026-09-10 11:36:56.634052,2026-09-10 11:36:56.634052
20090,3541,Savings,287016.54,INR,BR003,ACTIVE,2024-04-02,2026-09-10 11:36:56.634052,2026-09-10 11:36:56.634052
20091,4820,Current,235131.79,INR,BR002,ACTIVE,2023-06-04,2026-09-10 11:36:56.634052,2026-09-10 11:36:56.634052
20092,1495,Savings,371595.78,INR,BR002,ACTIVE,2020-07-23,2026-09-10 11:36:56.634052,2026-09-10 11:36:56.634052
20093,4928,Savings,499919.81,INR,BR002,ACTIVE,2023-10-16,2026-09-10 11:36:56.634052,2026-09-10 11:36:56.634052
20094,1388,Savings,355558.64,INR,BR003,ACTIVE,2022-02-26,2026-09-10 11:36:56.634052,2026-09-10 11:36:56.634052
20095,1873,Savings,339347.16,INR,BR002,ACTIVE,2020-05-05,2026-09-10 11:36:56.634052,2026-09-10 11:36:56.634052
20096,1835,Savings,327564.42,INR,BR004,ACTIVE,2021-11-18,2026-09-10 11:36:56.634052,2026-09-10 11:36:56.634052
20097,4325,Savings,347910.62,INR,BR004,ACTIVE,2024-08-31,2026-09-10 11:36:56.634052,2026-09-10 11:36:56.634052
20098,1630,Current,171714.12,INR,BR003,ACTIVE,2023-08-21,2026-09-10 11:36:56.634052,2026-09-10 11:36:56.634052
20099,3987,Savings,160789.65,INR,BR004,ACTIVE,2021-11-05,2026-09-10 11:36:56.634052,2026-09-10 11:36:56.634052
20100,1030,Savings,392384.65,INR,BR002,ACTIVE,2020-05-10,2026-09-10 11:36:56.634052,2026-09-10 11:36:56.634052
20101,3671,Savings,27490.92,INR,BR001,ACTIVE,2022-12-28,2026-09-10 11:36:56.634052,2026-09-10 11:36:56.634052
20102,4984,Savings,379864.62,INR,BR001,ACTIVE,2023-02-20,2026-09-10 11:36:56.634052,2026-09-10 11:36:56.634052
20103,4838,Savings,407106.95,INR,BR002,ACTIVE,2023-02-19,2026-09-10 11:36:56.634052,2026-09-10 11:36:56.634052
20104,4783,Savings,261277.38,INR,BR004,ACTIVE,2021-12-22,2026-09-10 11:36:56.634052,2026-09-10 11:36:56.634052
20105,1807,Savings,455163.90,INR,BR002,ACTIVE,2024-08-30,2026-09-10 11:36:56.634052,2026-09-10 11:36:56.634052
20106,3390,Savings,237070.63,INR,BR001,ACTIVE,2023-11-22,2026-09-10 11:36:56.634052,2026-09-10 11:36:56.634052
20107,2833,Savings,89865.25,INR,BR001,ACTIVE,2024-06-19,2026-09-10 11:36:56.634052,2026-09-10 11:36:56.634052
20108,2311,Savings,181337.93,INR,BR003,ACTIVE,2023-02-22,2026-09-10 11:36:56.634052,2026-09-10 11:36:56.634052
20109,2969,Savings,453027.89,INR,BR001,ACTIVE,2020-07-11,2026-09-10 11:36:56.634052,2026-09-10 11:36:56.634052
20110,4469,Savings,496875.41,INR,BR003,ACTIVE,2022-06-08,2026-09-10 11:36:56.634052,2026-09-10 11:36:56.634052
20111,4049,Savings,211505.13,INR,BR004,ACTIVE,2023-01-08,2026-09-10 11:36:56.634052,2026-09-10 11:36:56.634052
20112,4581,Savings,84256.43,INR,BR002,ACTIVE,2020-12-05,2026-09-10 11:36:56.634052,2026-09-10 11:36:56.634052
20113,2961,Current,143878.31,INR,BR003,ACTIVE,2022-05-12,2026-09-10 11:36:56.634052,2026-09-10 11:36:56.634052
20114,1244,Savings,277094.87,INR,BR002,ACTIVE,2023-04-04,2026-09-10 11:36:56.634052,2026-09-10 11:36:56.634052
20115,1221,Savings,286475.86,INR,BR003,ACTIVE,2022-03-20,2026-09-10 11:36:56.634052,2026-09-10 11:36:56.634052
20116,2180,Current,315399.64,INR,BR004,ACTIVE,2024-09-05,2026-09-10 11:36:56.634052,2026-09-10 11:36:56.634052
20117,2407,Savings,417841.33,INR,BR004,ACTIVE,2020-11-08,2026-09-10 11:36:56.634052,2026-09-10 11:36:56.634052
20118,2772,Savings,355895.86,INR,BR003,ACTIVE,2022-06-22,2026-09-10 11:36:56.634052,2026-09-10 11:36:56.634052
20119,2344,Savings,131159.27,INR,BR003,ACTIVE,2022-05-28,2026-09-10 11:36:56.634052,2026-09-10 11:36:56.634052
20120,3421,Current,198126.99,INR,BR004,ACTIVE,2020-02-01,2026-09-10 11:36:56.634052,2026-09-10 11:36:56.634052
20121,1531,Savings,420068.48,INR,BR002,ACTIVE,2022-03-29,2026-09-10 11:36:56.634052,2026-09-10 11:36:56.634052
20122,3263,Savings,317057.95,INR,BR004,ACTIVE,2023-02-09,2026-09-10 11:36:56.634052,2026-09-10 11:36:56.634052
20123,3415,Savings,84042.61,INR,BR002,ACTIVE,2022-06-17,2026-09-10 11:36:56.634052,2026-09-10 11:36:56.634052
20124,3162,Savings,163443.86,INR,BR003,ACTIVE,2022-03-02,2026-09-10 11:36:56.634052,2026-09-10 11:36:56.634052
20125,4272,Savings,395754.37,INR,BR002,ACTIVE,2021-05-12,2026-09-10 11:36:56.634052,2026-09-10 11:36:56.634052
20126,1025,Savings,86874.97,INR,BR003,ACTIVE,2022-11-20,2026-09-10 11:36:56.634052,2026-09-10 11:36:56.634052
20127,3982,Current,345834.28,INR,BR002,ACTIVE,2020-10-29,2026-09-10 11:36:56.634052,2026-09-10 11:36:56.634052
20128,2145,Current,282204.73,INR,BR003,ACTIVE,2021-01-25,2026-09-10 11:36:56.634052,2026-09-10 11:36:56.634052
20129,2766,Savings,74589.98,INR,BR001,ACTIVE,2022-09-10,2026-09-10 11:36:56.634052,2026-09-10 11:36:56.634052
20130,3659,Savings,344750.58,INR,BR001,ACTIVE,2021-09-17,2026-09-10 11:36:56.634052,2026-09-10 11:36:56.634052
20131,1858,Savings,72032.14,INR,BR004,ACTIVE,2021-06-19,2026-09-10 11:36:56.634052,2026-09-10 11:36:56.634052
20132,2027,Savings,199819.35,INR,BR004,ACTIVE,2022-01-13,2026-09-10 11:36:56.634052,2026-09-10 11:36:56.634052
20133,1898,Savings,154971.40,INR,BR003,ACTIVE,2024-09-30,2026-09-10 11:36:56.634052,2026-09-10 11:36:56.634052
20134,1773,Savings,345314.97,INR,BR002,ACTIVE,2020-10-04,2026-09-10 11:36:56.634052,2026-09-10 11:36:56.634052
20135,3493,Savings,391398.82,INR,BR003,ACTIVE,2021-03-20,2026-09-10 11:36:56.634052,2026-09-10 11:36:56.634052
20136,4326,Savings,84989.97,INR,BR001,ACTIVE,2020-05-03,2026-09-10 11:36:56.634052,2026-09-10 11:36:56.634052
20137,1020,Current,406186.37,INR,BR001,ACTIVE,2022-05-31,2026-09-10 11:36:56.634052,2026-09-10 11:36:56.634052
20138,2228,Savings,4599.81,INR,BR003,ACTIVE,2022-11-16,2026-09-10 11:36:56.634052,2026-09-10 11:36:56.634052
20139,1806,Current,265499.22,INR,BR001,ACTIVE,2023-04-19,2026-09-10 11:36:56.634052,2026-09-10 11:36:56.634052
20140,2381,Savings,258877.66,INR,BR004,ACTIVE,2023-05-09,2026-09-10 11:36:56.634052,2026-09-10 11:36:56.634052
20141,3176,Savings,312286.89,INR,BR003,ACTIVE,2022-05-19,2026-09-10 11:36:56.634052,2026-09-10 11:36:56.634052
20142,3406,Savings,120610.56,INR,BR004,ACTIVE,2020-06-10,2026-09-10 11:36:56.634052,2026-09-10 11:36:56.634052
20143,4364,Savings,5918.56,INR,BR004,ACTIVE,2023-10-01,2026-09-10 11:36:56.634052,2026-09-10 11:36:56.634052
20144,4246,Current,227926.70,INR,BR004,ACTIVE,2024-11-11,2026-09-10 11:36:56.634052,2026-09-10 11:36:56.634052
20145,4805,Savings,36631.70,INR,BR001,ACTIVE,2022-07-26,2026-09-10 11:36:56.634052,2026-09-10 11:36:56.634052
20146,4427,Savings,446204.75,INR,BR002,ACTIVE,2022-06-17,2026-09-10 11:36:56.634052,2026-09-10 11:36:56.634052
20147,1881,Savings,87659.50,INR,BR002,ACTIVE,2020-12-07,2026-09-10 11:36:56.634052,2026-09-10 11:36:56.634052
20148,4109,Savings,213191.25,INR,BR002,ACTIVE,2022-11-18,2026-09-10 11:36:56.634052,2026-09-10 11:36:56.634052
20149,2334,Current,217566.19,INR,BR004,ACTIVE,2024-09-08,2026-09-10 11:36:56.634052,2026-09-10 11:36:56.634052
20150,2685,Savings,276879.46,INR,BR003,ACTIVE,2022-02-26,2026-09-10 11:36:56.634052,2026-09-10 11:36:56.634052
20151,3965,Current,391483.64,INR,BR004,ACTIVE,2023-04-14,2026-09-10 11:36:56.634052,2026-09-10 11:36:56.634052
20152,4676,Savings,236601.93,INR,BR004,ACTIVE,2021-01-11,2026-09-10 11:36:56.634052,2026-09-10 11:36:56.634052
20153,2606,Savings,13850.88,INR,BR003,ACTIVE,2024-09-08,2026-09-10 11:36:56.634052,2026-09-10 11:36:56.634052
20154,2108,Savings,385784.10,INR,BR002,ACTIVE,2021-10-27,2026-09-10 11:36:56.634052,2026-09-10 11:36:56.634052
20155,3558,Current,42004.48,INR,BR002,ACTIVE,2020-12-30,2026-09-10 11:36:56.634052,2026-09-10 11:36:56.634052
20156,1444,Current,321135.09,INR,BR002,ACTIVE,2024-09-29,2026-09-10 11:36:56.634052,2026-09-10 11:36:56.634052
20157,4492,Current,401911.32,INR,BR004,ACTIVE,2023-09-12,2026-09-10 11:36:56.634052,2026-09-10 11:36:56.634052
20158,3043,Savings,142062.40,INR,BR004,ACTIVE,2022-04-24,2026-09-10 11:36:56.634052,2026-09-10 11:36:56.634052
20159,2229,Savings,225104.13,INR,BR001,ACTIVE,2024-06-08,2026-09-10 11:36:56.634052,2026-09-10 11:36:56.634052
20160,2512,Savings,8153.59,INR,BR002,ACTIVE,2024-03-31,2026-09-10 11:36:56.634052,2026-09-10 11:36:56.634052
20161,1779,Savings,402133.72,INR,BR004,ACTIVE,2023-12-08,2026-09-10 11:36:56.634052,2026-09-10 11:36:56.634052
20162,4160,Savings,351927.28,INR,BR001,ACTIVE,2022-04-16,2026-09-10 11:36:56.634052,2026-09-10 11:36:56.634052
20163,3300,Savings,116462.31,INR,BR004,ACTIVE,2020-04-07,2026-09-10 11:36:56.634052,2026-09-10 11:36:56.634052
20164,2747,Savings,195722.87,INR,BR004,ACTIVE,2021-04-25,2026-09-10 11:36:56.634052,2026-09-10 11:36:56.634052
20165,2879,Savings,347962.93,INR,BR002,ACTIVE,2023-05-22,2026-09-10 11:36:56.634052,2026-09-10 11:36:56.634052
20166,2055,Current,179723.40,INR,BR003,ACTIVE,2024-10-03,2026-09-10 11:36:56.634052,2026-09-10 11:36:56.634052
20167,4941,Current,82044.97,INR,BR004,ACTIVE,2020-01-19,2026-09-10 11:36:56.634052,2026-09-10 11:36:56.634052
20168,1421,Savings,259734.26,INR,BR004,ACTIVE,2023-09-07,2026-09-10 11:36:56.634052,2026-09-10 11:36:56.634052
20169,2852,Savings,362060.22,INR,BR004,ACTIVE,2020-10-12,2026-09-10 11:36:56.634052,2026-09-10 11:36:56.634052
20170,3109,Savings,161083.94,INR,BR002,ACTIVE,2022-12-13,2026-09-10 11:36:56.634052,2026-09-10 11:36:56.634052
20171,1579,Savings,61764.36,INR,BR004,ACTIVE,2020-08-08,2026-09-10 11:36:56.634052,2026-09-10 11:36:56.634052
20172,2250,Savings,414942.54,INR,BR001,ACTIVE,2020-11-29,2026-09-10 11:36:56.634052,2026-09-10 11:36:56.634052
20173,4997,Savings,127148.13,INR,BR002,ACTIVE,2021-02-26,2026-09-10 11:36:56.634052,2026-09-10 11:36:56.634052
20174,2987,Savings,256894.66,INR,BR001,ACTIVE,2022-03-05,2026-09-10 11:36:56.634052,2026-09-10 11:36:56.634052
20175,2359,Savings,345980.23,INR,BR002,ACTIVE,2022-06-11,2026-09-10 11:36:56.634052,2026-09-10 11:36:56.634052
20176,4911,Current,159220.52,INR,BR004,ACTIVE,2020-02-06,2026-09-10 11:36:56.634052,2026-09-10 11:36:56.634052
20177,3627,Savings,324669.63,INR,BR004,ACTIVE,2021-12-26,2026-09-10 11:36:56.634052,2026-09-10 11:36:56.634052
20178,3688,Savings,230395.04,INR,BR001,ACTIVE,2022-04-30,2026-09-10 11:36:56.634052,2026-09-10 11:36:56.634052
20179,1111,Savings,285647.89,INR,BR001,ACTIVE,2024-06-18,2026-09-10 11:36:56.634052,2026-09-10 11:36:56.634052
20180,1491,Savings,295697.48,INR,BR002,ACTIVE,2024-06-24,2026-09-10 11:36:56.634052,2026-09-10 11:36:56.634052
20181,2296,Savings,412251.19,INR,BR002,ACTIVE,2020-04-19,2026-09-10 11:36:56.634052,2026-09-10 11:36:56.634052
20182,2837,Savings,328506.81,INR,BR003,ACTIVE,2020-09-26,2026-09-10 11:36:56.634052,2026-09-10 11:36:56.634052
20183,3082,Current,132889.04,INR,BR003,ACTIVE,2024-02-22,2026-09-10 11:36:56.634052,2026-09-10 11:36:56.634052
20184,3260,Savings,30742.57,INR,BR003,ACTIVE,2021-03-08,2026-09-10 11:36:56.634052,2026-09-10 11:36:56.634052
20185,4372,Savings,1990.79,INR,BR004,ACTIVE,2021-04-07,2026-09-10 11:36:56.634052,2026-09-10 11:36:56.634052
20186,2397,Savings,452304.27,INR,BR001,ACTIVE,2021-10-29,2026-09-10 11:36:56.634052,2026-09-10 11:36:56.634052
20187,3173,Savings,471112.92,INR,BR001,ACTIVE,2024-04-09,2026-09-10 11:36:56.634052,2026-09-10 11:36:56.634052
20188,4175,Savings,47961.63,INR,BR003,ACTIVE,2024-10-10,2026-09-10 11:36:56.634052,2026-09-10 11:36:56.634052
20189,2742,Savings,244039.76,INR,BR003,ACTIVE,2024-05-05,2026-09-10 11:36:56.634052,2026-09-10 11:36:56.634052
20190,4192,Savings,76646.01,INR,BR002,ACTIVE,2021-06-25,2026-09-10 11:36:56.634052,2026-09-10 11:36:56.634052
20191,4754,Savings,474425.79,INR,BR003,ACTIVE,2021-04-01,2026-09-10 11:36:56.634052,2026-09-10 11:36:56.634052
20192,4619,Current,124169.43,INR,BR001,ACTIVE,2023-05-13,2026-09-10 11:36:56.634052,2026-09-10 11:36:56.634052
20193,1894,Savings,251321.90,INR,BR002,ACTIVE,2024-07-17,2026-09-10 11:36:56.634052,2026-09-10 11:36:56.634052
20194,3379,Savings,83644.48,INR,BR003,ACTIVE,2020-12-29,2026-09-10 11:36:56.634052,2026-09-10 11:36:56.634052
20195,4830,Savings,167047.78,INR,BR004,ACTIVE,2020-09-11,2026-09-10 11:36:56.634052,2026-09-10 11:36:56.634052
20196,2876,Savings,134136.37,INR,BR003,ACTIVE,2022-11-16,2026-09-10 11:36:56.634052,2026-09-10 11:36:56.634052
20197,2950,Savings,238237.60,INR,BR004,ACTIVE,2023-10-01,2026-09-10 11:36:56.634052,2026-09-10 11:36:56.634052
20198,4381,Savings,210471.20,INR,BR003,ACTIVE,2020-11-17,2026-09-10 11:36:56.634052,2026-09-10 11:36:56.634052
20199,2594,Savings,166068.10,INR,BR002,ACTIVE,2023-08-26,2026-09-10 11:36:56.634052,2026-09-10 11:36:56.634052
20200,1412,Savings,53832.93,INR,BR004,ACTIVE,2021-06-13,2026-09-10 11:36:56.634052,2026-09-10 11:36:56.634052
20201,2423,Savings,242759.02,INR,BR004,ACTIVE,2024-02-27,2026-09-10 11:36:56.634052,2026-09-10 11:36:56.634052
20202,3982,Savings,425253.80,INR,BR002,ACTIVE,2024-10-12,2026-09-10 11:36:56.634052,2026-09-10 11:36:56.634052
20203,4378,Savings,365381.44,INR,BR004,ACTIVE,2024-04-26,2026-09-10 11:36:56.634052,2026-09-10 11:36:56.634052
20204,2677,Savings,360566.87,INR,BR002,ACTIVE,2021-05-02,2026-09-10 11:36:56.634052,2026-09-10 11:36:56.634052
20205,4695,Savings,183679.78,INR,BR003,ACTIVE,2023-08-14,2026-09-10 11:36:56.634052,2026-09-10 11:36:56.634052
20206,2187,Savings,354501.12,INR,BR002,ACTIVE,2024-05-25,2026-09-10 11:36:56.634052,2026-09-10 11:36:56.634052
20207,2647,Current,233300.21,INR,BR002,ACTIVE,2024-02-25,2026-09-10 11:36:56.634052,2026-09-10 11:36:56.634052
20208,3712,Savings,75987.77,INR,BR002,ACTIVE,2023-01-19,2026-09-10 11:36:56.634052,2026-09-10 11:36:56.634052
20209,4960,Current,210105.83,INR,BR002,ACTIVE,2023-09-11,2026-09-10 11:36:56.634052,2026-09-10 11:36:56.634052
20210,2089,Savings,67236.58,INR,BR001,ACTIVE,2020-03-19,2026-09-10 11:36:56.634052,2026-09-10 11:36:56.634052
20211,4690,Savings,58126.93,INR,BR004,ACTIVE,2021-02-19,2026-09-10 11:36:56.634052,2026-09-10 11:36:56.634052
20212,2240,Savings,12506.59,INR,BR003,ACTIVE,2020-08-08,2026-09-10 11:36:56.634052,2026-09-10 11:36:56.634052
20213,1603,Savings,142144.30,INR,BR002,ACTIVE,2020-12-16,2026-09-10 11:36:56.634052,2026-09-10 11:36:56.634052
20214,2938,Savings,166106.52,INR,BR001,ACTIVE,2020-12-22,2026-09-10 11:36:56.634052,2026-09-10 11:36:56.634052
20215,1026,Savings,350022.41,INR,BR001,ACTIVE,2022-11-25,2026-09-10 11:36:56.634052,2026-09-10 11:36:56.634052
20216,3717,Savings,269464.39,INR,BR003,ACTIVE,2021-07-19,2026-09-10 11:36:56.634052,2026-09-10 11:36:56.634052
20217,1584,Savings,429366.41,INR,BR004,ACTIVE,2020-09-30,2026-09-10 11:36:56.634052,2026-09-10 11:36:56.634052
20218,2068,Savings,89058.84,INR,BR003,ACTIVE,2021-06-08,2026-09-10 11:36:56.634052,2026-09-10 11:36:56.634052
20219,2114,Savings,133712.37,INR,BR002,ACTIVE,2024-06-02,2026-09-10 11:36:56.634052,2026-09-10 11:36:56.634052
20220,2157,Current,470596.98,INR,BR004,ACTIVE,2023-05-31,2026-09-10 11:36:56.634052,2026-09-10 11:36:56.634052
20221,2185,Savings,222578.58,INR,BR004,ACTIVE,2023-02-28,2026-09-10 11:36:56.634052,2026-09-10 11:36:56.634052
20222,2768,Savings,394736.42,INR,BR003,ACTIVE,2022-09-20,2026-09-10 11:36:56.634052,2026-09-10 11:36:56.634052
20223,1380,Current,246591.66,INR,BR003,ACTIVE,2024-10-09,2026-09-10 11:36:56.634052,2026-09-10 11:36:56.634052
20224,2285,Savings,236071.74,INR,BR004,ACTIVE,2021-06-11,2026-09-10 11:36:56.634052,2026-09-10 11:36:56.634052
20225,2407,Savings,74910.03,INR,BR003,ACTIVE,2020-01-06,2026-09-10 11:36:56.634052,2026-09-10 11:36:56.634052
20226,1369,Savings,425748.61,INR,BR004,ACTIVE,2022-10-23,2026-09-10 11:36:56.634052,2026-09-10 11:36:56.634052
20227,4183,Savings,40099.28,INR,BR003,ACTIVE,2024-10-03,2026-09-10 11:36:56.634052,2026-09-10 11:36:56.634052
20228,4748,Current,155820.29,INR,BR004,ACTIVE,2021-06-22,2026-09-10 11:36:56.634052,2026-09-10 11:36:56.634052
20229,2101,Savings,337060.57,INR,BR002,ACTIVE,2021-01-15,2026-09-10 11:36:56.634052,2026-09-10 11:36:56.634052
20230,3257,Savings,254121.52,INR,BR001,ACTIVE,2020-05-18,2026-09-10 11:36:56.634052,2026-09-10 11:36:56.634052
20231,2037,Savings,440807.79,INR,BR003,ACTIVE,2023-06-09,2026-09-10 11:36:56.634052,2026-09-10 11:36:56.634052
20232,2945,Savings,20609.68,INR,BR004,ACTIVE,2020-06-08,2026-09-10 11:36:56.634052,2026-09-10 11:36:56.634052
20233,2594,Savings,325054.35,INR,BR001,ACTIVE,2022-04-07,2026-09-10 11:36:56.634052,2026-09-10 11:36:56.634052
20234,2922,Savings,239255.27,INR,BR001,ACTIVE,2021-12-02,2026-09-10 11:36:56.634052,2026-09-10 11:36:56.634052
20235,4928,Savings,78001.60,INR,BR001,ACTIVE,2020-06-12,2026-09-10 11:36:56.634052,2026-09-10 11:36:56.634052
20236,4620,Savings,371882.70,INR,BR003,ACTIVE,2022-04-17,2026-09-10 11:36:56.634052,2026-09-10 11:36:56.634052
20237,1025,Savings,206242.12,INR,BR003,ACTIVE,2025-01-25,2026-09-10 11:36:56.634052,2026-09-10 11:36:56.634052
20238,1546,Current,266259.37,INR,BR002,ACTIVE,2021-07-21,2026-09-10 11:36:56.634052,2026-09-10 11:36:56.634052
20239,2164,Savings,483665.77,INR,BR003,ACTIVE,2024-08-30,2026-09-10 11:36:56.634052,2026-09-10 11:36:56.634052
20240,1275,Savings,243628.81,INR,BR003,ACTIVE,2024-01-31,2026-09-10 11:36:56.634052,2026-09-10 11:36:56.634052
20241,4442,Savings,411863.06,INR,BR003,ACTIVE,2024-08-25,2026-09-10 11:36:56.634052,2026-09-10 11:36:56.634052
20242,3922,Current,385019.18,INR,BR001,ACTIVE,2021-04-14,2026-09-10 11:36:56.634052,2026-09-10 11:36:56.634052
20243,3270,Savings,331714.54,INR,BR002,ACTIVE,2021-10-27,2026-09-10 11:36:56.634052,2026-09-10 11:36:56.634052
20244,4109,Savings,448509.26,INR,BR001,ACTIVE,2021-12-31,2026-09-10 11:36:56.634052,2026-09-10 11:36:56.634052
20245,3923,Savings,126549.22,INR,BR002,ACTIVE,2020-12-29,2026-09-10 11:36:56.634052,2026-09-10 11:36:56.634052
20246,2153,Savings,410564.84,INR,BR003,ACTIVE,2023-05-14,2026-09-10 11:36:56.634052,2026-09-10 11:36:56.634052
20247,4388,Savings,189515.96,INR,BR004,ACTIVE,2024-09-27,2026-09-10 11:36:56.634052,2026-09-10 11:36:56.634052
20248,2347,Savings,406432.95,INR,BR003,ACTIVE,2022-12-09,2026-09-10 11:36:56.634052,2026-09-10 11:36:56.634052
20249,2457,Savings,247400.55,INR,BR001,ACTIVE,2024-03-29,2026-09-10 11:36:56.634052,2026-09-10 11:36:56.634052
20250,3266,Savings,428996.92,INR,BR001,ACTIVE,2023-03-31,2026-09-10 11:36:56.634052,2026-09-10 11:36:56.634052
20251,2871,Savings,447526.93,INR,BR001,ACTIVE,2021-09-12,2026-09-10 11:36:56.634052,2026-09-10 11:36:56.634052
20252,2272,Savings,299224.29,INR,BR002,ACTIVE,2024-02-11,2026-09-10 11:36:56.634052,2026-09-10 11:36:56.634052
20253,1111,Current,254305.85,INR,BR001,ACTIVE,2020-12-08,2026-09-10 11:36:56.634052,2026-09-10 11:36:56.634052
20254,3864,Savings,391856.79,INR,BR004,ACTIVE,2020-07-15,2026-09-10 11:36:56.634052,2026-09-10 11:36:56.634052
20255,2756,Savings,134226.12,INR,BR004,ACTIVE,2020-05-05,2026-09-10 11:36:56.634052,2026-09-10 11:36:56.634052
20256,1708,Savings,8658.99,INR,BR003,ACTIVE,2024-07-10,2026-09-10 11:36:56.634052,2026-09-10 11:36:56.634052
20257,3195,Current,204140.20,INR,BR002,ACTIVE,2020-03-01,2026-09-10 11:36:56.634052,2026-09-10 11:36:56.634052
20258,2368,Savings,254379.29,INR,BR002,ACTIVE,2024-09-04,2026-09-10 11:36:56.634052,2026-09-10 11:36:56.634052
20259,4581,Current,149334.10,INR,BR003,ACTIVE,2022-03-28,2026-09-10 11:36:56.634052,2026-09-10 11:36:56.634052
20260,2529,Savings,192297.58,INR,BR001,ACTIVE,2024-10-27,2026-09-10 11:36:56.634052,2026-09-10 11:36:56.634052
20261,1552,Savings,67396.06,INR,BR001,ACTIVE,2024-11-26,2026-09-10 11:36:56.634052,2026-09-10 11:36:56.634052
20262,1134,Savings,139367.66,INR,BR003,ACTIVE,2021-02-01,2026-09-10 11:36:56.634052,2026-09-10 11:36:56.634052
20263,3512,Savings,120807.58,INR,BR003,ACTIVE,2024-07-29,2026-09-10 11:36:56.634052,2026-09-10 11:36:56.634052
20264,3912,Savings,151192.44,INR,BR003,ACTIVE,2023-05-26,2026-09-10 11:36:56.634052,2026-09-10 11:36:56.634052
20265,3014,Current,150228.00,INR,BR003,ACTIVE,2021-10-12,2026-09-10 11:36:56.634052,2026-09-10 11:36:56.634052
20266,4263,Savings,279925.22,INR,BR002,ACTIVE,2023-03-31,2026-09-10 11:36:56.634052,2026-09-10 11:36:56.634052
20267,2187,Savings,126047.87,INR,BR002,ACTIVE,2020-04-06,2026-09-10 11:36:56.634052,2026-09-10 11:36:56.634052
20268,3504,Savings,470539.67,INR,BR001,ACTIVE,2023-09-20,2026-09-10 11:36:56.634052,2026-09-10 11:36:56.634052
20269,2085,Current,256126.14,INR,BR002,ACTIVE,2021-12-30,2026-09-10 11:36:56.634052,2026-09-10 11:36:56.634052
20270,2029,Savings,65354.04,INR,BR002,ACTIVE,2021-10-09,2026-09-10 11:36:56.634052,2026-09-10 11:36:56.634052
20271,2061,Savings,140523.53,INR,BR002,ACTIVE,2022-03-27,2026-09-10 11:36:56.634052,2026-09-10 11:36:56.634052
20272,3508,Savings,365148.99,INR,BR003,ACTIVE,2020-06-02,2026-09-10 11:36:56.634052,2026-09-10 11:36:56.634052
20273,4289,Savings,7815.86,INR,BR002,ACTIVE,2021-10-22,2026-09-10 11:36:56.634052,2026-09-10 11:36:56.634052
20274,2761,Savings,468971.18,INR,BR001,ACTIVE,2021-01-17,2026-09-10 11:36:56.634052,2026-09-10 11:36:56.634052
20275,3023,Savings,223143.28,INR,BR002,ACTIVE,2024-12-25,2026-09-10 11:36:56.634052,2026-09-10 11:36:56.634052
20276,2752,Current,261018.43,INR,BR003,ACTIVE,2024-05-07,2026-09-10 11:36:56.634052,2026-09-10 11:36:56.634052
20277,3187,Current,494217.71,INR,BR002,ACTIVE,2023-06-28,2026-09-10 11:36:56.634052,2026-09-10 11:36:56.634052
20278,3666,Savings,252198.14,INR,BR004,ACTIVE,2021-01-22,2026-09-10 11:36:56.634052,2026-09-10 11:36:56.634052
20279,4171,Savings,473924.25,INR,BR001,ACTIVE,2022-03-16,2026-09-10 11:36:56.634052,2026-09-10 11:36:56.634052
20280,3728,Savings,457700.33,INR,BR002,ACTIVE,2022-04-27,2026-09-10 11:36:56.634052,2026-09-10 11:36:56.634052
20281,4009,Savings,470716.45,INR,BR001,ACTIVE,2020-06-15,2026-09-10 11:36:56.634052,2026-09-10 11:36:56.634052
20282,4336,Savings,406374.16,INR,BR003,ACTIVE,2024-07-09,2026-09-10 11:36:56.634052,2026-09-10 11:36:56.634052
20283,3647,Savings,148902.64,INR,BR001,ACTIVE,2023-07-24,2026-09-10 11:36:56.634052,2026-09-10 11:36:56.634052
20284,1596,Current,173844.86,INR,BR004,ACTIVE,2022-06-01,2026-09-10 11:36:56.634052,2026-09-10 11:36:56.634052
20285,4296,Savings,183127.05,INR,BR004,ACTIVE,2023-05-08,2026-09-10 11:36:56.634052,2026-09-10 11:36:56.634052
20286,1011,Savings,489611.24,INR,BR001,ACTIVE,2022-03-05,2026-09-10 11:36:56.634052,2026-09-10 11:36:56.634052
20287,3375,Savings,181017.00,INR,BR003,ACTIVE,2023-05-10,2026-09-10 11:36:56.634052,2026-09-10 11:36:56.634052
20288,2722,Current,55235.97,INR,BR001,ACTIVE,2023-12-03,2026-09-10 11:36:56.634052,2026-09-10 11:36:56.634052
20289,4422,Savings,389386.12,INR,BR002,ACTIVE,2021-01-08,2026-09-10 11:36:56.634052,2026-09-10 11:36:56.634052
20290,3427,Savings,183665.58,INR,BR002,ACTIVE,2023-10-21,2026-09-10 11:36:56.634052,2026-09-10 11:36:56.634052
20291,3279,Current,310847.02,INR,BR001,ACTIVE,2023-09-13,2026-09-10 11:36:56.634052,2026-09-10 11:36:56.634052
20292,2165,Savings,462255.85,INR,BR002,ACTIVE,2020-10-14,2026-09-10 11:36:56.634052,2026-09-10 11:36:56.634052
20293,1618,Savings,288177.28,INR,BR002,ACTIVE,2023-04-17,2026-09-10 11:36:56.634052,2026-09-10 11:36:56.634052
20294,1765,Savings,319212.39,INR,BR003,ACTIVE,2024-04-12,2026-09-10 11:36:56.634052,2026-09-10 11:36:56.634052
20295,1049,Current,321788.42,INR,BR001,ACTIVE,2024-12-16,2026-09-10 11:36:56.634052,2026-09-10 11:36:56.634052
20296,1451,Savings,306587.19,INR,BR002,ACTIVE,2023-11-06,2026-09-10 11:36:56.634052,2026-09-10 11:36:56.634052
20297,2799,Current,80724.92,INR,BR001,ACTIVE,2024-08-20,2026-09-10 11:36:56.634052,2026-09-10 11:36:56.634052
20298,1491,Current,228751.29,INR,BR001,ACTIVE,2022-10-30,2026-09-10 11:36:56.634052,2026-09-10 11:36:56.634052
20299,4277,Savings,4824.35,INR,BR002,ACTIVE,2023-05-05,2026-09-10 11:36:56.634052,2026-09-10 11:36:56.634052
20300,2893,Savings,313506.14,INR,BR003,ACTIVE,2021-05-14,2026-09-10 11:36:56.634052,2026-09-10 11:36:56.634052
20301,2433,Savings,288103.79,INR,BR003,ACTIVE,2022-10-04,2026-09-10 11:36:56.634052,2026-09-10 11:36:56.634052
20302,3455,Savings,159750.47,INR,BR004,ACTIVE,2022-10-24,2026-09-10 11:36:56.634052,2026-09-10 11:36:56.634052
20303,2075,Savings,262423.86,INR,BR001,ACTIVE,2024-12-13,2026-09-10 11:36:56.634052,2026-09-10 11:36:56.634052
20304,3223,Savings,247035.83,INR,BR004,ACTIVE,2020-12-31,2026-09-10 11:36:56.634052,2026-09-10 11:36:56.634052
20305,4809,Savings,126206.69,INR,BR003,ACTIVE,2021-12-24,2026-09-10 11:36:56.634052,2026-09-10 11:36:56.634052
20306,2285,Current,147350.49,INR,BR002,ACTIVE,2024-05-13,2026-09-10 11:36:56.634052,2026-09-10 11:36:56.634052
20307,3528,Current,381507.96,INR,BR002,ACTIVE,2023-03-31,2026-09-10 11:36:56.634052,2026-09-10 11:36:56.634052
20308,2758,Savings,378110.43,INR,BR003,ACTIVE,2020-01-15,2026-09-10 11:36:56.634052,2026-09-10 11:36:56.634052
20309,1223,Savings,235421.29,INR,BR003,ACTIVE,2022-05-05,2026-09-10 11:36:56.634052,2026-09-10 11:36:56.634052
20310,1269,Current,359036.97,INR,BR001,ACTIVE,2022-01-21,2026-09-10 11:36:56.634052,2026-09-10 11:36:56.634052
20311,3858,Current,225949.84,INR,BR004,ACTIVE,2022-12-26,2026-09-10 11:36:56.634052,2026-09-10 11:36:56.634052
20312,3941,Savings,425835.64,INR,BR004,ACTIVE,2024-01-15,2026-09-10 11:36:56.634052,2026-09-10 11:36:56.634052
20313,1901,Savings,167070.53,INR,BR003,ACTIVE,2022-04-27,2026-09-10 11:36:56.634052,2026-09-10 11:36:56.634052
20314,1919,Savings,463718.96,INR,BR001,ACTIVE,2020-11-05,2026-09-10 11:36:56.634052,2026-09-10 11:36:56.634052
20315,3366,Savings,271599.54,INR,BR002,ACTIVE,2020-08-03,2026-09-10 11:36:56.634052,2026-09-10 11:36:56.634052
20316,1385,Savings,268308.24,INR,BR003,ACTIVE,2021-06-13,2026-09-10 11:36:56.634052,2026-09-10 11:36:56.634052
20317,2610,Current,335734.38,INR,BR004,ACTIVE,2020-02-29,2026-09-10 11:36:56.634052,2026-09-10 11:36:56.634052
20318,1626,Current,171087.15,INR,BR001,ACTIVE,2021-08-23,2026-09-10 11:36:56.634052,2026-09-10 11:36:56.634052
20319,4291,Savings,362440.46,INR,BR001,ACTIVE,2020-02-24,2026-09-10 11:36:56.634052,2026-09-10 11:36:56.634052
20320,4126,Savings,160892.13,INR,BR001,ACTIVE,2021-11-25,2026-09-10 11:36:56.634052,2026-09-10 11:36:56.634052
20321,2224,Savings,199371.88,INR,BR004,ACTIVE,2023-12-12,2026-09-10 11:36:56.634052,2026-09-10 11:36:56.634052
20322,2908,Savings,337677.01,INR,BR001,ACTIVE,2024-02-29,2026-09-10 11:36:56.634052,2026-09-10 11:36:56.634052
20323,3691,Savings,189846.10,INR,BR002,ACTIVE,2022-01-08,2026-09-10 11:36:56.634052,2026-09-10 11:36:56.634052
20324,2363,Current,100787.09,INR,BR004,ACTIVE,2021-09-06,2026-09-10 11:36:56.634052,2026-09-10 11:36:56.634052
20325,3752,Savings,436078.83,INR,BR003,ACTIVE,2022-09-30,2026-09-10 11:36:56.634052,2026-09-10 11:36:56.634052
20326,2715,Savings,461155.54,INR,BR001,ACTIVE,2021-06-06,2026-09-10 11:36:56.634052,2026-09-10 11:36:56.634052
20327,4970,Savings,313738.79,INR,BR004,ACTIVE,2023-09-16,2026-09-10 11:36:56.634052,2026-09-10 11:36:56.634052
20328,3353,Savings,405764.23,INR,BR003,ACTIVE,2020-06-10,2026-09-10 11:36:56.634052,2026-09-10 11:36:56.634052
20329,4871,Current,493339.53,INR,BR003,ACTIVE,2023-03-27,2026-09-10 11:36:56.634052,2026-09-10 11:36:56.634052
20330,2776,Savings,307772.60,INR,BR002,ACTIVE,2023-06-26,2026-09-10 11:36:56.634052,2026-09-10 11:36:56.634052
20331,2269,Savings,454487.53,INR,BR003,ACTIVE,2021-09-11,2026-09-10 11:36:56.634052,2026-09-10 11:36:56.634052
20332,1842,Current,180268.12,INR,BR002,ACTIVE,2022-07-14,2026-09-10 11:36:56.634052,2026-09-10 11:36:56.634052
20333,2653,Savings,350535.75,INR,BR004,ACTIVE,2020-04-11,2026-09-10 11:36:56.634052,2026-09-10 11:36:56.634052
20334,2232,Savings,28846.93,INR,BR002,ACTIVE,2022-07-12,2026-09-10 11:36:56.634052,2026-09-10 11:36:56.634052
20335,2748,Savings,394696.81,INR,BR004,ACTIVE,2021-07-19,2026-09-10 11:36:56.634052,2026-09-10 11:36:56.634052
20336,3559,Savings,415071.77,INR,BR004,ACTIVE,2021-04-22,2026-09-10 11:36:56.634052,2026-09-10 11:36:56.634052
20337,2283,Savings,201186.54,INR,BR001,ACTIVE,2020-04-07,2026-09-10 11:36:56.634052,2026-09-10 11:36:56.634052
20338,4452,Savings,319838.55,INR,BR002,ACTIVE,2023-09-16,2026-09-10 11:36:56.634052,2026-09-10 11:36:56.634052
20339,3211,Savings,429322.19,INR,BR004,ACTIVE,2020-06-16,2026-09-10 11:36:56.634052,2026-09-10 11:36:56.634052
20340,1738,Savings,441920.47,INR,BR001,ACTIVE,2023-02-19,2026-09-10 11:36:56.634052,2026-09-10 11:36:56.634052
20341,1341,Current,54159.23,INR,BR002,ACTIVE,2024-06-05,2026-09-10 11:36:56.634052,2026-09-10 11:36:56.634052
20342,3980,Savings,413916.39,INR,BR002,ACTIVE,2023-08-13,2026-09-10 11:36:56.634052,2026-09-10 11:36:56.634052
20343,4648,Current,137847.43,INR,BR003,ACTIVE,2024-12-06,2026-09-10 11:36:56.634052,2026-09-10 11:36:56.634052
20344,2952,Savings,363926.14,INR,BR001,ACTIVE,2024-03-05,2026-09-10 11:36:56.634052,2026-09-10 11:36:56.634052
20345,2782,Savings,163256.91,INR,BR003,ACTIVE,2023-07-31,2026-09-10 11:36:56.634052,2026-09-10 11:36:56.634052
20346,1530,Savings,29108.51,INR,BR004,ACTIVE,2022-11-25,2026-09-10 11:36:56.634052,2026-09-10 11:36:56.634052
20347,1034,Savings,105725.48,INR,BR002,ACTIVE,2024-01-12,2026-09-10 11:36:56.634052,2026-09-10 11:36:56.634052
20348,4896,Savings,204927.22,INR,BR004,ACTIVE,2023-11-14,2026-09-10 11:36:56.634052,2026-09-10 11:36:56.634052
20349,4046,Savings,370873.08,INR,BR001,ACTIVE,2020-02-06,2026-09-10 11:36:56.634052,2026-09-10 11:36:56.634052
20350,1323,Current,51251.11,INR,BR002,ACTIVE,2022-11-06,2026-09-10 11:36:56.634052,2026-09-10 11:36:56.634052
20351,2205,Current,406654.13,INR,BR004,ACTIVE,2021-07-31,2026-09-10 11:36:56.634052,2026-09-10 11:36:56.634052
20352,2987,Savings,498478.59,INR,BR002,ACTIVE,2022-01-11,2026-09-10 11:36:56.634052,2026-09-10 11:36:56.634052
20353,1347,Savings,394340.56,INR,BR003,ACTIVE,2023-09-24,2026-09-10 11:36:56.634052,2026-09-10 11:36:56.634052
20354,2730,Savings,237394.52,INR,BR001,ACTIVE,2022-11-08,2026-09-10 11:36:56.634052,2026-09-10 11:36:56.634052
20355,2216,Savings,284511.95,INR,BR001,ACTIVE,2023-09-30,2026-09-10 11:36:56.634052,2026-09-10 11:36:56.634052
20356,2603,Current,4074.09,INR,BR001,ACTIVE,2020-04-25,2026-09-10 11:36:56.634052,2026-09-10 11:36:56.634052
20357,3769,Savings,105427.65,INR,BR002,ACTIVE,2022-03-16,2026-09-10 11:36:56.634052,2026-09-10 11:36:56.634052
20358,4950,Savings,449595.08,INR,BR004,ACTIVE,2020-05-11,2026-09-10 11:36:56.634052,2026-09-10 11:36:56.634052
20359,2703,Savings,11842.97,INR,BR004,ACTIVE,2022-12-18,2026-09-10 11:36:56.634052,2026-09-10 11:36:56.634052
20360,4318,Savings,452492.68,INR,BR001,ACTIVE,2022-04-14,2026-09-10 11:36:56.634052,2026-09-10 11:36:56.634052
20361,1245,Savings,57513.05,INR,BR002,ACTIVE,2024-10-13,2026-09-10 11:36:56.634052,2026-09-10 11:36:56.634052
20362,3726,Savings,67403.99,INR,BR002,ACTIVE,2020-10-02,2026-09-10 11:36:56.634052,2026-09-10 11:36:56.634052
20363,2832,Savings,88499.61,INR,BR002,ACTIVE,2023-09-14,2026-09-10 11:36:56.634052,2026-09-10 11:36:56.634052
20364,3963,Savings,399893.28,INR,BR004,ACTIVE,2022-02-24,2026-09-10 11:36:56.634052,2026-09-10 11:36:56.634052
20365,3771,Savings,239615.10,INR,BR001,ACTIVE,2021-09-27,2026-09-10 11:36:56.634052,2026-09-10 11:36:56.634052
20366,4052,Savings,73453.12,INR,BR004,ACTIVE,2024-09-11,2026-09-10 11:36:56.634052,2026-09-10 11:36:56.634052
20367,1133,Current,343714.11,INR,BR003,ACTIVE,2022-12-03,2026-09-10 11:36:56.634052,2026-09-10 11:36:56.634052
20368,4269,Current,470403.49,INR,BR002,ACTIVE,2023-01-23,2026-09-10 11:36:56.634052,2026-09-10 11:36:56.634052
20369,3958,Current,286653.29,INR,BR003,ACTIVE,2021-07-12,2026-09-10 11:36:56.634052,2026-09-10 11:36:56.634052
20370,2371,Current,50251.30,INR,BR001,ACTIVE,2020-11-24,2026-09-10 11:36:56.634052,2026-09-10 11:36:56.634052
20371,3097,Savings,28320.55,INR,BR001,ACTIVE,2021-09-07,2026-09-10 11:36:56.634052,2026-09-10 11:36:56.634052
20372,2088,Savings,398140.31,INR,BR004,ACTIVE,2022-06-07,2026-09-10 11:36:56.634052,2026-09-10 11:36:56.634052
20373,2648,Savings,313415.74,INR,BR001,ACTIVE,2022-12-13,2026-09-10 11:36:56.634052,2026-09-10 11:36:56.634052
20374,2892,Current,461406.01,INR,BR001,ACTIVE,2021-04-19,2026-09-10 11:36:56.634052,2026-09-10 11:36:56.634052
20375,2721,Savings,274077.83,INR,BR004,ACTIVE,2023-08-03,2026-09-10 11:36:56.634052,2026-09-10 11:36:56.634052
20376,2128,Savings,32135.31,INR,BR004,ACTIVE,2023-11-15,2026-09-10 11:36:56.634052,2026-09-10 11:36:56.634052
20377,3261,Current,202439.74,INR,BR004,ACTIVE,2023-06-02,2026-09-10 11:36:56.634052,2026-09-10 11:36:56.634052
20378,2541,Savings,329337.35,INR,BR004,ACTIVE,2020-08-03,2026-09-10 11:36:56.634052,2026-09-10 11:36:56.634052
20379,1119,Savings,193057.79,INR,BR001,ACTIVE,2024-11-18,2026-09-10 11:36:56.634052,2026-09-10 11:36:56.634052
20380,3904,Savings,499796.11,INR,BR003,ACTIVE,2021-01-28,2026-09-10 11:36:56.634052,2026-09-10 11:36:56.634052
20381,3809,Savings,203283.93,INR,BR004,ACTIVE,2024-04-27,2026-09-10 11:36:56.634052,2026-09-10 11:36:56.634052
20382,3727,Savings,273571.83,INR,BR001,ACTIVE,2024-04-23,2026-09-10 11:36:56.634052,2026-09-10 11:36:56.634052
20383,1895,Savings,113470.62,INR,BR001,ACTIVE,2023-06-24,2026-09-10 11:36:56.634052,2026-09-10 11:36:56.634052
20384,2266,Savings,76916.96,INR,BR001,ACTIVE,2024-07-16,2026-09-10 11:36:56.634052,2026-09-10 11:36:56.634052
20385,3328,Savings,323007.46,INR,BR001,ACTIVE,2023-10-26,2026-09-10 11:36:56.634052,2026-09-10 11:36:56.634052
20386,3472,Savings,294717.76,INR,BR001,ACTIVE,2022-05-10,2026-09-10 11:36:56.634052,2026-09-10 11:36:56.634052
20387,1363,Savings,3165.09,INR,BR004,ACTIVE,2020-10-02,2026-09-10 11:36:56.634052,2026-09-10 11:36:56.634052
20388,4069,Current,143105.99,INR,BR004,ACTIVE,2022-05-03,2026-09-10 11:36:56.634052,2026-09-10 11:36:56.634052
20389,2774,Savings,322146.21,INR,BR002,ACTIVE,2021-04-03,2026-09-10 11:36:56.634052,2026-09-10 11:36:56.634052
20390,4378,Current,406312.42,INR,BR002,ACTIVE,2021-10-23,2026-09-10 11:36:56.634052,2026-09-10 11:36:56.634052
20391,2741,Savings,156871.96,INR,BR004,ACTIVE,2024-05-24,2026-09-10 11:36:56.634052,2026-09-10 11:36:56.634052
20392,4558,Savings,324070.75,INR,BR004,ACTIVE,2020-07-29,2026-09-10 11:36:56.634052,2026-09-10 11:36:56.634052
20393,1314,Savings,133363.71,INR,BR004,ACTIVE,2020-10-18,2026-09-10 11:36:56.634052,2026-09-10 11:36:56.634052
20394,2537,Savings,345499.57,INR,BR003,ACTIVE,2020-07-18,2026-09-10 11:36:56.634052,2026-09-10 11:36:56.634052
20395,2707,Savings,349276.05,INR,BR004,ACTIVE,2025-01-08,2026-09-10 11:36:56.634052,2026-09-10 11:36:56.634052
20396,4239,Savings,65981.51,INR,BR001,ACTIVE,2020-06-18,2026-09-10 11:36:56.634052,2026-09-10 11:36:56.634052
20397,4466,Savings,332879.80,INR,BR003,ACTIVE,2020-10-16,2026-09-10 11:36:56.634052,2026-09-10 11:36:56.634052
20398,3818,Current,167450.02,INR,BR003,ACTIVE,2020-03-26,2026-09-10 11:36:56.634052,2026-09-10 11:36:56.634052
20399,2087,Savings,87124.87,INR,BR001,ACTIVE,2023-03-29,2026-09-10 11:36:56.634052,2026-09-10 11:36:56.634052
20400,1272,Current,250680.26,INR,BR001,ACTIVE,2020-06-07,2026-09-10 11:36:56.634052,2026-09-10 11:36:56.634052
20401,2061,Savings,226696.05,INR,BR002,ACTIVE,2021-12-18,2026-09-10 11:36:56.634052,2026-09-10 11:36:56.634052
20402,4088,Savings,387163.53,INR,BR001,ACTIVE,2020-11-06,2026-09-10 11:36:56.634052,2026-09-10 11:36:56.634052
20403,2790,Savings,43173.24,INR,BR004,ACTIVE,2023-10-05,2026-09-10 11:36:56.634052,2026-09-10 11:36:56.634052
20404,3391,Current,395086.88,INR,BR004,ACTIVE,2023-11-20,2026-09-10 11:36:56.634052,2026-09-10 11:36:56.634052
20405,3394,Savings,53935.10,INR,BR002,ACTIVE,2021-10-10,2026-09-10 11:36:56.634052,2026-09-10 11:36:56.634052
20406,4920,Savings,104522.06,INR,BR003,ACTIVE,2024-10-04,2026-09-10 11:36:56.634052,2026-09-10 11:36:56.634052
20407,4611,Savings,258425.18,INR,BR003,ACTIVE,2021-06-16,2026-09-10 11:36:56.634052,2026-09-10 11:36:56.634052
20408,4695,Savings,232124.13,INR,BR002,ACTIVE,2024-09-12,2026-09-10 11:36:56.634052,2026-09-10 11:36:56.634052
20409,3281,Savings,494440.63,INR,BR004,ACTIVE,2023-01-19,2026-09-10 11:36:56.634052,2026-09-10 11:36:56.634052
20410,1990,Savings,295147.38,INR,BR002,ACTIVE,2022-08-23,2026-09-10 11:36:56.634052,2026-09-10 11:36:56.634052
20411,3624,Current,164390.36,INR,BR004,ACTIVE,2023-08-04,2026-09-10 11:36:56.634052,2026-09-10 11:36:56.634052
20412,4681,Current,450174.29,INR,BR004,ACTIVE,2022-06-12,2026-09-10 11:36:56.634052,2026-09-10 11:36:56.634052
20413,3464,Savings,156795.26,INR,BR001,ACTIVE,2023-07-10,2026-09-10 11:36:56.634052,2026-09-10 11:36:56.634052
20414,1905,Savings,137614.04,INR,BR002,ACTIVE,2022-02-03,2026-09-10 11:36:56.634052,2026-09-10 11:36:56.634052
20415,3315,Savings,247691.53,INR,BR002,ACTIVE,2023-06-07,2026-09-10 11:36:56.634052,2026-09-10 11:36:56.634052
20416,4045,Savings,456674.22,INR,BR004,ACTIVE,2024-03-30,2026-09-10 11:36:56.634052,2026-09-10 11:36:56.634052
20417,4398,Savings,354548.61,INR,BR004,ACTIVE,2020-11-16,2026-09-10 11:36:56.634052,2026-09-10 11:36:56.634052
20418,4998,Savings,339064.12,INR,BR001,ACTIVE,2022-08-16,2026-09-10 11:36:56.634052,2026-09-10 11:36:56.634052
20419,1744,Savings,363312.56,INR,BR004,ACTIVE,2020-03-30,2026-09-10 11:36:56.634052,2026-09-10 11:36:56.634052
20420,1911,Savings,330160.66,INR,BR004,ACTIVE,2023-05-06,2026-09-10 11:36:56.634052,2026-09-10 11:36:56.634052
20421,3491,Current,380138.38,INR,BR003,ACTIVE,2022-05-26,2026-09-10 11:36:56.634052,2026-09-10 11:36:56.634052
20422,3608,Savings,97188.25,INR,BR002,ACTIVE,2020-05-25,2026-09-10 11:36:56.634052,2026-09-10 11:36:56.634052
20423,2886,Savings,89451.89,INR,BR001,ACTIVE,2020-12-06,2026-09-10 11:36:56.634052,2026-09-10 11:36:56.634052
20424,2746,Savings,181719.51,INR,BR001,ACTIVE,2021-10-27,2026-09-10 11:36:56.634052,2026-09-10 11:36:56.634052
20425,3124,Savings,425628.93,INR,BR004,ACTIVE,2022-11-04,2026-09-10 11:36:56.634052,2026-09-10 11:36:56.634052
20426,1247,Savings,357512.65,INR,BR002,ACTIVE,2022-11-13,2026-09-10 11:36:56.634052,2026-09-10 11:36:56.634052
20427,2852,Savings,283670.20,INR,BR003,ACTIVE,2024-12-03,2026-09-10 11:36:56.634052,2026-09-10 11:36:56.634052
20428,3628,Savings,10704.27,INR,BR001,ACTIVE,2024-06-18,2026-09-10 11:36:56.634052,2026-09-10 11:36:56.634052
20429,3361,Savings,118665.34,INR,BR004,ACTIVE,2020-12-06,2026-09-10 11:36:56.634052,2026-09-10 11:36:56.634052
20430,1576,Savings,401953.46,INR,BR002,ACTIVE,2021-09-10,2026-09-10 11:36:56.634052,2026-09-10 11:36:56.634052
20431,4766,Savings,122000.86,INR,BR003,ACTIVE,2020-09-30,2026-09-10 11:36:56.634052,2026-09-10 11:36:56.634052
20432,2616,Savings,365414.81,INR,BR002,ACTIVE,2024-01-19,2026-09-10 11:36:56.634052,2026-09-10 11:36:56.634052
20433,3391,Savings,93132.50,INR,BR001,ACTIVE,2020-05-04,2026-09-10 11:36:56.634052,2026-09-10 11:36:56.634052
20434,3763,Savings,303577.41,INR,BR004,ACTIVE,2024-09-22,2026-09-10 11:36:56.634052,2026-09-10 11:36:56.634052
20435,2206,Savings,314477.47,INR,BR004,ACTIVE,2022-11-14,2026-09-10 11:36:56.634052,2026-09-10 11:36:56.634052
20436,1984,Savings,376231.15,INR,BR001,ACTIVE,2023-08-03,2026-09-10 11:36:56.634052,2026-09-10 11:36:56.634052
20437,3774,Savings,219732.86,INR,BR001,ACTIVE,2023-03-24,2026-09-10 11:36:56.634052,2026-09-10 11:36:56.634052
20438,3680,Current,316704.67,INR,BR002,ACTIVE,2021-11-26,2026-09-10 11:36:56.634052,2026-09-10 11:36:56.634052
20439,3447,Current,243997.92,INR,BR001,ACTIVE,2023-07-21,2026-09-10 11:36:56.634052,2026-09-10 11:36:56.634052
20440,4313,Savings,473721.68,INR,BR002,ACTIVE,2020-09-12,2026-09-10 11:36:56.634052,2026-09-10 11:36:56.634052
20441,4919,Savings,261418.48,INR,BR004,ACTIVE,2023-06-04,2026-09-10 11:36:56.634052,2026-09-10 11:36:56.634052
20442,3762,Savings,105589.34,INR,BR003,ACTIVE,2024-11-21,2026-09-10 11:36:56.634052,2026-09-10 11:36:56.634052
20443,1924,Savings,334278.38,INR,BR004,ACTIVE,2022-07-19,2026-09-10 11:36:56.634052,2026-09-10 11:36:56.634052
20444,1292,Savings,274685.20,INR,BR004,ACTIVE,2021-12-28,2026-09-10 11:36:56.634052,2026-09-10 11:36:56.634052
20445,3102,Savings,402110.92,INR,BR003,ACTIVE,2023-06-10,2026-09-10 11:36:56.634052,2026-09-10 11:36:56.634052
20446,4217,Savings,89278.89,INR,BR003,ACTIVE,2024-10-31,2026-09-10 11:36:56.634052,2026-09-10 11:36:56.634052
20447,2380,Savings,131208.86,INR,BR003,ACTIVE,2023-06-28,2026-09-10 11:36:56.634052,2026-09-10 11:36:56.634052
20448,4670,Current,460892.92,INR,BR004,ACTIVE,2022-03-19,2026-09-10 11:36:56.634052,2026-09-10 11:36:56.634052
20449,4031,Savings,465083.03,INR,BR001,ACTIVE,2021-08-27,2026-09-10 11:36:56.634052,2026-09-10 11:36:56.634052
20450,3525,Savings,221686.13,INR,BR004,ACTIVE,2021-05-11,2026-09-10 11:36:56.634052,2026-09-10 11:36:56.634052
20451,1022,Savings,24827.84,INR,BR001,ACTIVE,2022-02-04,2026-09-10 11:36:56.634052,2026-09-10 11:36:56.634052
20452,4403,Savings,153970.98,INR,BR002,ACTIVE,2024-11-05,2026-09-10 11:36:56.634052,2026-09-10 11:36:56.634052
20453,2316,Savings,124314.20,INR,BR004,ACTIVE,2024-08-14,2026-09-10 11:36:56.634052,2026-09-10 11:36:56.634052
20454,4308,Savings,207923.75,INR,BR003,ACTIVE,2023-07-01,2026-09-10 11:36:56.634052,2026-09-10 11:36:56.634052
20455,2053,Savings,159582.51,INR,BR004,ACTIVE,2020-01-02,2026-09-10 11:36:56.634052,2026-09-10 11:36:56.634052
20456,3743,Current,414667.18,INR,BR004,ACTIVE,2022-03-02,2026-09-10 11:36:56.634052,2026-09-10 11:36:56.634052
20457,2962,Savings,2514.97,INR,BR003,ACTIVE,2021-06-14,2026-09-10 11:36:56.634052,2026-09-10 11:36:56.634052
20458,3208,Savings,322671.29,INR,BR002,ACTIVE,2020-10-18,2026-09-10 11:36:56.634052,2026-09-10 11:36:56.634052
20459,1910,Savings,332470.84,INR,BR002,ACTIVE,2024-10-06,2026-09-10 11:36:56.634052,2026-09-10 11:36:56.634052
20460,1530,Savings,330652.66,INR,BR002,ACTIVE,2022-03-17,2026-09-10 11:36:56.634052,2026-09-10 11:36:56.634052
20461,4622,Current,260776.75,INR,BR002,ACTIVE,2024-07-28,2026-09-10 11:36:56.634052,2026-09-10 11:36:56.634052
20462,1101,Savings,305940.93,INR,BR004,ACTIVE,2024-05-21,2026-09-10 11:36:56.634052,2026-09-10 11:36:56.634052
20463,2314,Savings,405436.66,INR,BR004,ACTIVE,2022-03-11,2026-09-10 11:36:56.634052,2026-09-10 11:36:56.634052
20464,4449,Savings,392314.19,INR,BR003,ACTIVE,2022-08-11,2026-09-10 11:36:56.634052,2026-09-10 11:36:56.634052
20465,4245,Savings,18278.06,INR,BR001,ACTIVE,2022-11-08,2026-09-10 11:36:56.634052,2026-09-10 11:36:56.634052
20466,3391,Savings,16187.83,INR,BR003,ACTIVE,2022-04-07,2026-09-10 11:36:56.634052,2026-09-10 11:36:56.634052
20467,2952,Savings,419633.46,INR,BR002,ACTIVE,2021-12-02,2026-09-10 11:36:56.634052,2026-09-10 11:36:56.634052
20468,2902,Savings,287790.11,INR,BR001,ACTIVE,2021-06-20,2026-09-10 11:36:56.634052,2026-09-10 11:36:56.634052
20469,1579,Savings,478756.24,INR,BR003,ACTIVE,2023-08-26,2026-09-10 11:36:56.634052,2026-09-10 11:36:56.634052
20470,2215,Savings,216364.21,INR,BR002,ACTIVE,2021-11-30,2026-09-10 11:36:56.634052,2026-09-10 11:36:56.634052
20471,4511,Savings,89194.17,INR,BR001,ACTIVE,2020-05-14,2026-09-10 11:36:56.634052,2026-09-10 11:36:56.634052
20472,4627,Savings,237144.22,INR,BR001,ACTIVE,2023-12-25,2026-09-10 11:36:56.634052,2026-09-10 11:36:56.634052
20473,4707,Current,218835.61,INR,BR002,ACTIVE,2021-07-10,2026-09-10 11:36:56.634052,2026-09-10 11:36:56.634052
20474,1790,Current,259071.51,INR,BR001,ACTIVE,2023-02-24,2026-09-10 11:36:56.634052,2026-09-10 11:36:56.634052
20475,2367,Current,404165.67,INR,BR003,ACTIVE,2020-09-11,2026-09-10 11:36:56.634052,2026-09-10 11:36:56.634052
20476,4780,Savings,328136.41,INR,BR003,ACTIVE,2023-04-30,2026-09-10 11:36:56.634052,2026-09-10 11:36:56.634052
20477,3893,Savings,93452.39,INR,BR003,ACTIVE,2024-11-16,2026-09-10 11:36:56.634052,2026-09-10 11:36:56.634052
20478,3173,Current,367504.15,INR,BR001,ACTIVE,2024-09-27,2026-09-10 11:36:56.634052,2026-09-10 11:36:56.634052
20479,2632,Current,296356.21,INR,BR001,ACTIVE,2023-03-10,2026-09-10 11:36:56.634052,2026-09-10 11:36:56.634052
20480,3938,Savings,289577.05,INR,BR002,ACTIVE,2021-10-31,2026-09-10 11:36:56.634052,2026-09-10 11:36:56.634052
20481,3717,Savings,339450.18,INR,BR002,ACTIVE,2024-08-10,2026-09-10 11:36:56.634052,2026-09-10 11:36:56.634052
20482,4624,Savings,282418.76,INR,BR001,ACTIVE,2020-08-23,2026-09-10 11:36:56.634052,2026-09-10 11:36:56.634052
20483,2384,Current,229299.35,INR,BR003,ACTIVE,2023-03-10,2026-09-10 11:36:56.634052,2026-09-10 11:36:56.634052
20484,1503,Savings,320549.76,INR,BR001,ACTIVE,2020-06-27,2026-09-10 11:36:56.634052,2026-09-10 11:36:56.634052
20485,1173,Savings,362139.81,INR,BR004,ACTIVE,2020-10-28,2026-09-10 11:36:56.634052,2026-09-10 11:36:56.634052
20486,1887,Current,113657.70,INR,BR003,ACTIVE,2023-11-16,2026-09-10 11:36:56.634052,2026-09-10 11:36:56.634052
20487,2418,Savings,249027.90,INR,BR004,ACTIVE,2021-12-27,2026-09-10 11:36:56.634052,2026-09-10 11:36:56.634052
20488,4533,Savings,229628.06,INR,BR002,ACTIVE,2023-08-12,2026-09-10 11:36:56.634052,2026-09-10 11:36:56.634052
20489,4757,Savings,20911.73,INR,BR001,ACTIVE,2024-04-16,2026-09-10 11:36:56.634052,2026-09-10 11:36:56.634052
20490,3168,Savings,417384.89,INR,BR004,ACTIVE,2024-01-20,2026-09-10 11:36:56.634052,2026-09-10 11:36:56.634052
20491,1273,Savings,189313.63,INR,BR001,ACTIVE,2023-08-09,2026-09-10 11:36:56.634052,2026-09-10 11:36:56.634052
20492,4430,Savings,37271.93,INR,BR004,ACTIVE,2021-07-16,2026-09-10 11:36:56.634052,2026-09-10 11:36:56.634052
20493,2410,Savings,229491.65,INR,BR001,ACTIVE,2023-07-22,2026-09-10 11:36:56.634052,2026-09-10 11:36:56.634052
20494,3961,Savings,81578.92,INR,BR003,ACTIVE,2022-11-26,2026-09-10 11:36:56.634052,2026-09-10 11:36:56.634052
20495,3924,Savings,352502.79,INR,BR002,ACTIVE,2024-05-14,2026-09-10 11:36:56.634052,2026-09-10 11:36:56.634052
20496,1858,Current,286314.02,INR,BR003,ACTIVE,2021-08-26,2026-09-10 11:36:56.634052,2026-09-10 11:36:56.634052
20497,2911,Current,135786.79,INR,BR002,ACTIVE,2023-04-10,2026-09-10 11:36:56.634052,2026-09-10 11:36:56.634052
20498,2958,Savings,475286.46,INR,BR003,ACTIVE,2023-10-06,2026-09-10 11:36:56.634052,2026-09-10 11:36:56.634052
20499,4391,Current,146580.93,INR,BR002,ACTIVE,2020-11-22,2026-09-10 11:36:56.634052,2026-09-10 11:36:56.634052
20500,1261,Savings,277943.46,INR,BR003,ACTIVE,2024-10-05,2026-09-10 11:36:56.634052,2026-09-10 11:36:56.634052
20501,4353,Savings,400982.34,INR,BR001,ACTIVE,2021-02-09,2026-09-10 11:36:56.634052,2026-09-10 11:36:56.634052
20502,2353,Savings,257432.26,INR,BR003,ACTIVE,2023-02-17,2026-09-10 11:36:56.634052,2026-09-10 11:36:56.634052
20503,2148,Savings,480466.98,INR,BR004,ACTIVE,2023-01-22,2026-09-10 11:36:56.634052,2026-09-10 11:36:56.634052
20504,2500,Savings,422083.43,INR,BR004,ACTIVE,2024-04-30,2026-09-10 11:36:56.634052,2026-09-10 11:36:56.634052
20505,1278,Savings,460588.49,INR,BR001,ACTIVE,2024-07-06,2026-09-10 11:36:56.634052,2026-09-10 11:36:56.634052
20506,3141,Current,186978.59,INR,BR001,ACTIVE,2021-04-10,2026-09-10 11:36:56.634052,2026-09-10 11:36:56.634052
20507,4007,Savings,274629.35,INR,BR001,ACTIVE,2020-04-15,2026-09-10 11:36:56.634052,2026-09-10 11:36:56.634052
20508,4619,Savings,420242.98,INR,BR004,ACTIVE,2022-05-30,2026-09-10 11:36:56.634052,2026-09-10 11:36:56.634052
20509,1823,Savings,451846.52,INR,BR003,ACTIVE,2021-06-14,2026-09-10 11:36:56.634052,2026-09-10 11:36:56.634052
20510,3176,Savings,472237.43,INR,BR001,ACTIVE,2024-10-15,2026-09-10 11:36:56.634052,2026-09-10 11:36:56.634052
20511,1532,Savings,439696.84,INR,BR003,ACTIVE,2024-09-18,2026-09-10 11:36:56.634052,2026-09-10 11:36:56.634052
20512,3821,Savings,365646.70,INR,BR002,ACTIVE,2023-06-18,2026-09-10 11:36:56.634052,2026-09-10 11:36:56.634052
20513,1167,Savings,13083.19,INR,BR003,ACTIVE,2022-10-12,2026-09-10 11:36:56.634052,2026-09-10 11:36:56.634052
20514,1831,Savings,158161.77,INR,BR003,ACTIVE,2021-06-11,2026-09-10 11:36:56.634052,2026-09-10 11:36:56.634052
20515,1236,Current,65339.21,INR,BR004,ACTIVE,2023-04-25,2026-09-10 11:36:56.634052,2026-09-10 11:36:56.634052
20516,2056,Savings,78224.54,INR,BR003,ACTIVE,2024-01-09,2026-09-10 11:36:56.634052,2026-09-10 11:36:56.634052
20517,2255,Savings,146162.69,INR,BR004,ACTIVE,2025-01-23,2026-09-10 11:36:56.634052,2026-09-10 11:36:56.634052
20518,1191,Savings,38295.49,INR,BR002,ACTIVE,2023-04-02,2026-09-10 11:36:56.634052,2026-09-10 11:36:56.634052
20519,4914,Savings,122272.87,INR,BR004,ACTIVE,2023-04-22,2026-09-10 11:36:56.634052,2026-09-10 11:36:56.634052
20520,3705,Savings,478532.44,INR,BR002,ACTIVE,2020-01-01,2026-09-10 11:36:56.634052,2026-09-10 11:36:56.634052
20521,1613,Savings,156659.85,INR,BR002,ACTIVE,2024-02-26,2026-09-10 11:36:56.634052,2026-09-10 11:36:56.634052
20522,4663,Current,80696.82,INR,BR001,ACTIVE,2020-12-23,2026-09-10 11:36:56.634052,2026-09-10 11:36:56.634052
20523,2532,Savings,359431.79,INR,BR003,ACTIVE,2020-02-09,2026-09-10 11:36:56.634052,2026-09-10 11:36:56.634052
20524,4529,Current,414424.07,INR,BR003,ACTIVE,2020-01-04,2026-09-10 11:36:56.634052,2026-09-10 11:36:56.634052
20525,4744,Savings,157704.89,INR,BR001,ACTIVE,2020-08-19,2026-09-10 11:36:56.634052,2026-09-10 11:36:56.634052
20526,3303,Savings,139970.16,INR,BR001,ACTIVE,2022-01-24,2026-09-10 11:36:56.634052,2026-09-10 11:36:56.634052
20527,4351,Savings,121638.01,INR,BR003,ACTIVE,2020-07-13,2026-09-10 11:36:56.634052,2026-09-10 11:36:56.634052
20528,2724,Savings,197237.36,INR,BR001,ACTIVE,2023-09-05,2026-09-10 11:36:56.634052,2026-09-10 11:36:56.634052
20529,1973,Savings,44528.65,INR,BR001,ACTIVE,2022-01-04,2026-09-10 11:36:56.634052,2026-09-10 11:36:56.634052
20530,4794,Savings,334895.48,INR,BR002,ACTIVE,2023-02-19,2026-09-10 11:36:56.634052,2026-09-10 11:36:56.634052
20531,4825,Savings,411290.94,INR,BR001,ACTIVE,2022-01-16,2026-09-10 11:36:56.634052,2026-09-10 11:36:56.634052
20532,4128,Savings,332177.46,INR,BR001,ACTIVE,2024-09-24,2026-09-10 11:36:56.634052,2026-09-10 11:36:56.634052
20533,1649,Savings,211178.65,INR,BR004,ACTIVE,2024-09-07,2026-09-10 11:36:56.634052,2026-09-10 11:36:56.634052
20534,1106,Current,145192.16,INR,BR003,ACTIVE,2023-06-09,2026-09-10 11:36:56.634052,2026-09-10 11:36:56.634052
20535,2605,Savings,205313.64,INR,BR004,ACTIVE,2020-04-10,2026-09-10 11:36:56.634052,2026-09-10 11:36:56.634052
20536,4774,Savings,212494.90,INR,BR001,ACTIVE,2022-05-12,2026-09-10 11:36:56.634052,2026-09-10 11:36:56.634052
20537,1192,Savings,333344.39,INR,BR001,ACTIVE,2022-04-24,2026-09-10 11:36:56.634052,2026-09-10 11:36:56.634052
20538,2003,Current,464102.12,INR,BR004,ACTIVE,2023-02-24,2026-09-10 11:36:56.634052,2026-09-10 11:36:56.634052
20539,2302,Current,36222.66,INR,BR001,ACTIVE,2021-08-30,2026-09-10 11:36:56.634052,2026-09-10 11:36:56.634052
20540,2568,Savings,476723.44,INR,BR002,ACTIVE,2020-05-29,2026-09-10 11:36:56.634052,2026-09-10 11:36:56.634052
20541,3223,Current,455190.44,INR,BR004,ACTIVE,2023-07-29,2026-09-10 11:36:56.634052,2026-09-10 11:36:56.634052
20542,2794,Savings,59748.42,INR,BR004,ACTIVE,2022-02-08,2026-09-10 11:36:56.634052,2026-09-10 11:36:56.634052
20543,1635,Savings,92608.93,INR,BR003,ACTIVE,2020-08-27,2026-09-10 11:36:56.634052,2026-09-10 11:36:56.634052
20544,1085,Savings,156486.21,INR,BR004,ACTIVE,2022-04-04,2026-09-10 11:36:56.634052,2026-09-10 11:36:56.634052
20545,3012,Savings,280273.35,INR,BR002,ACTIVE,2021-06-27,2026-09-10 11:36:56.634052,2026-09-10 11:36:56.634052
20546,3996,Savings,68103.62,INR,BR001,ACTIVE,2024-05-14,2026-09-10 11:36:56.634052,2026-09-10 11:36:56.634052
20547,1728,Savings,100967.14,INR,BR004,ACTIVE,2020-09-08,2026-09-10 11:36:56.634052,2026-09-10 11:36:56.634052
20548,4288,Savings,451434.97,INR,BR004,ACTIVE,2023-08-29,2026-09-10 11:36:56.634052,2026-09-10 11:36:56.634052
20549,4086,Savings,55541.01,INR,BR003,ACTIVE,2020-05-25,2026-09-10 11:36:56.634052,2026-09-10 11:36:56.634052
20550,2061,Savings,200040.25,INR,BR003,ACTIVE,2023-11-09,2026-09-10 11:36:56.634052,2026-09-10 11:36:56.634052
20551,4099,Savings,381737.89,INR,BR001,ACTIVE,2021-01-28,2026-09-10 11:36:56.634052,2026-09-10 11:36:56.634052
20552,2688,Savings,444402.98,INR,BR004,ACTIVE,2024-11-21,2026-09-10 11:36:56.634052,2026-09-10 11:36:56.634052
20553,2600,Savings,168685.24,INR,BR002,ACTIVE,2021-04-24,2026-09-10 11:36:56.634052,2026-09-10 11:36:56.634052
20554,1070,Savings,83054.32,INR,BR001,ACTIVE,2024-05-01,2026-09-10 11:36:56.634052,2026-09-10 11:36:56.634052
20555,1154,Current,368768.82,INR,BR002,ACTIVE,2022-01-29,2026-09-10 11:36:56.634052,2026-09-10 11:36:56.634052
20556,2462,Savings,386506.32,INR,BR004,ACTIVE,2022-08-28,2026-09-10 11:36:56.634052,2026-09-10 11:36:56.634052
20557,3813,Savings,490036.69,INR,BR001,ACTIVE,2022-06-24,2026-09-10 11:36:56.634052,2026-09-10 11:36:56.634052
20558,3319,Savings,70631.38,INR,BR003,ACTIVE,2022-06-26,2026-09-10 11:36:56.634052,2026-09-10 11:36:56.634052
20559,3589,Savings,355001.02,INR,BR003,ACTIVE,2022-01-16,2026-09-10 11:36:56.634052,2026-09-10 11:36:56.634052
20560,3020,Savings,209228.98,INR,BR002,ACTIVE,2020-11-01,2026-09-10 11:36:56.634052,2026-09-10 11:36:56.634052
20561,2098,Savings,457400.09,INR,BR001,ACTIVE,2024-02-08,2026-09-10 11:36:56.634052,2026-09-10 11:36:56.634052
20562,4868,Savings,204507.61,INR,BR002,ACTIVE,2022-02-06,2026-09-10 11:36:56.634052,2026-09-10 11:36:56.634052
20563,1571,Savings,223534.23,INR,BR003,ACTIVE,2021-05-16,2026-09-10 11:36:56.634052,2026-09-10 11:36:56.634052
20564,4827,Savings,64271.50,INR,BR004,ACTIVE,2020-02-22,2026-09-10 11:36:56.634052,2026-09-10 11:36:56.634052
20565,4913,Savings,161147.46,INR,BR003,ACTIVE,2022-07-31,2026-09-10 11:36:56.634052,2026-09-10 11:36:56.634052
20566,1149,Savings,201019.39,INR,BR004,ACTIVE,2024-06-03,2026-09-10 11:36:56.634052,2026-09-10 11:36:56.634052
20567,4578,Savings,9736.87,INR,BR002,ACTIVE,2020-03-13,2026-09-10 11:36:56.634052,2026-09-10 11:36:56.634052
20568,3058,Savings,219349.66,INR,BR002,ACTIVE,2020-05-20,2026-09-10 11:36:56.634052,2026-09-10 11:36:56.634052
20569,3692,Savings,168822.96,INR,BR002,ACTIVE,2024-08-10,2026-09-10 11:36:56.634052,2026-09-10 11:36:56.634052
20570,4574,Savings,402116.03,INR,BR004,ACTIVE,2022-12-30,2026-09-10 11:36:56.634052,2026-09-10 11:36:56.634052
20571,3110,Savings,54449.19,INR,BR002,ACTIVE,2024-09-08,2026-09-10 11:36:56.634052,2026-09-10 11:36:56.634052
20572,2412,Current,380345.35,INR,BR002,ACTIVE,2021-04-08,2026-09-10 11:36:56.634052,2026-09-10 11:36:56.634052
20573,2919,Savings,357291.76,INR,BR001,ACTIVE,2021-05-06,2026-09-10 11:36:56.634052,2026-09-10 11:36:56.634052
20574,1774,Savings,121649.38,INR,BR004,ACTIVE,2022-03-24,2026-09-10 11:36:56.634052,2026-09-10 11:36:56.634052
20575,2754,Current,42552.56,INR,BR002,ACTIVE,2024-08-05,2026-09-10 11:36:56.634052,2026-09-10 11:36:56.634052
20576,4304,Savings,421074.89,INR,BR002,ACTIVE,2024-03-20,2026-09-10 11:36:56.634052,2026-09-10 11:36:56.634052
20577,2872,Savings,125465.59,INR,BR004,ACTIVE,2022-06-05,2026-09-10 11:36:56.634052,2026-09-10 11:36:56.634052
20578,4656,Current,73634.50,INR,BR004,ACTIVE,2020-07-23,2026-09-10 11:36:56.634052,2026-09-10 11:36:56.634052
20579,3576,Savings,180159.26,INR,BR003,ACTIVE,2022-01-30,2026-09-10 11:36:56.634052,2026-09-10 11:36:56.634052
20580,2574,Savings,201040.53,INR,BR003,ACTIVE,2022-11-23,2026-09-10 11:36:56.634052,2026-09-10 11:36:56.634052
20581,2713,Current,163717.90,INR,BR001,ACTIVE,2024-05-30,2026-09-10 11:36:56.634052,2026-09-10 11:36:56.634052
20582,3493,Savings,488264.08,INR,BR002,ACTIVE,2021-01-01,2026-09-10 11:36:56.634052,2026-09-10 11:36:56.634052
20583,2345,Savings,440529.51,INR,BR004,ACTIVE,2020-10-16,2026-09-10 11:36:56.634052,2026-09-10 11:36:56.634052
20584,4966,Savings,436614.77,INR,BR002,ACTIVE,2023-10-10,2026-09-10 11:36:56.634052,2026-09-10 11:36:56.634052
20585,2107,Savings,199985.03,INR,BR003,ACTIVE,2020-04-07,2026-09-10 11:36:56.634052,2026-09-10 11:36:56.634052
20586,4506,Savings,481471.95,INR,BR003,ACTIVE,2024-01-22,2026-09-10 11:36:56.634052,2026-09-10 11:36:56.634052
20587,1017,Current,342323.63,INR,BR003,ACTIVE,2020-11-08,2026-09-10 11:36:56.634052,2026-09-10 11:36:56.634052
20588,3417,Savings,416165.34,INR,BR004,ACTIVE,2024-05-14,2026-09-10 11:36:56.634052,2026-09-10 11:36:56.634052
20589,2692,Savings,250936.69,INR,BR002,ACTIVE,2024-05-21,2026-09-10 11:36:56.634052,2026-09-10 11:36:56.634052
20590,3732,Savings,81148.03,INR,BR004,ACTIVE,2023-04-28,2026-09-10 11:36:56.634052,2026-09-10 11:36:56.634052
20591,3956,Savings,443555.87,INR,BR002,ACTIVE,2021-02-10,2026-09-10 11:36:56.634052,2026-09-10 11:36:56.634052
20592,4654,Savings,243726.94,INR,BR001,ACTIVE,2021-08-08,2026-09-10 11:36:56.634052,2026-09-10 11:36:56.634052
20593,1583,Current,484308.90,INR,BR003,ACTIVE,2024-08-04,2026-09-10 11:36:56.634052,2026-09-10 11:36:56.634052
20594,1255,Savings,128175.64,INR,BR003,ACTIVE,2021-03-13,2026-09-10 11:36:56.634052,2026-09-10 11:36:56.634052
20595,3504,Savings,496197.12,INR,BR003,ACTIVE,2020-10-10,2026-09-10 11:36:56.634052,2026-09-10 11:36:56.634052
20596,3691,Savings,111989.92,INR,BR003,ACTIVE,2023-09-10,2026-09-10 11:36:56.634052,2026-09-10 11:36:56.634052
20597,1561,Savings,184715.21,INR,BR004,ACTIVE,2020-11-20,2026-09-10 11:36:56.634052,2026-09-10 11:36:56.634052
20598,3581,Savings,297414.24,INR,BR003,ACTIVE,2024-01-23,2026-09-10 11:36:56.634052,2026-09-10 11:36:56.634052
20599,2416,Savings,346968.21,INR,BR002,ACTIVE,2020-09-10,2026-09-10 11:36:56.634052,2026-09-10 11:36:56.634052
20600,1320,Current,360420.80,INR,BR002,ACTIVE,2024-10-02,2026-09-10 11:36:56.634052,2026-09-10 11:36:56.634052
20601,1220,Savings,238649.95,INR,BR003,ACTIVE,2021-04-04,2026-09-10 11:36:56.634052,2026-09-10 11:36:56.634052
20602,1699,Savings,39336.65,INR,BR003,ACTIVE,2022-02-01,2026-09-10 11:36:56.634052,2026-09-10 11:36:56.634052
20603,2438,Current,248528.03,INR,BR004,ACTIVE,2022-04-18,2026-09-10 11:36:56.634052,2026-09-10 11:36:56.634052
20604,1032,Savings,168009.29,INR,BR004,ACTIVE,2023-12-15,2026-09-10 11:36:56.634052,2026-09-10 11:36:56.634052
20605,1715,Savings,329170.15,INR,BR002,ACTIVE,2020-08-31,2026-09-10 11:36:56.634052,2026-09-10 11:36:56.634052
20606,4860,Current,91955.52,INR,BR002,ACTIVE,2020-09-11,2026-09-10 11:36:56.634052,2026-09-10 11:36:56.634052
20607,3802,Savings,197562.25,INR,BR001,ACTIVE,2023-10-12,2026-09-10 11:36:56.634052,2026-09-10 11:36:56.634052
20608,2040,Savings,483093.46,INR,BR002,ACTIVE,2024-07-24,2026-09-10 11:36:56.634052,2026-09-10 11:36:56.634052
20609,1409,Savings,45344.83,INR,BR001,ACTIVE,2023-11-08,2026-09-10 11:36:56.634052,2026-09-10 11:36:56.634052
20610,3876,Savings,301564.74,INR,BR003,ACTIVE,2020-05-17,2026-09-10 11:36:56.634052,2026-09-10 11:36:56.634052
20611,3221,Savings,46233.47,INR,BR003,ACTIVE,2021-12-12,2026-09-10 11:36:56.634052,2026-09-10 11:36:56.634052
20612,4721,Savings,79340.83,INR,BR003,ACTIVE,2024-07-18,2026-09-10 11:36:56.634052,2026-09-10 11:36:56.634052
20613,4251,Savings,302862.26,INR,BR002,ACTIVE,2024-03-08,2026-09-10 11:36:56.634052,2026-09-10 11:36:56.634052
20614,4943,Savings,222553.77,INR,BR002,ACTIVE,2023-09-28,2026-09-10 11:36:56.634052,2026-09-10 11:36:56.634052
20615,4645,Savings,274701.00,INR,BR003,ACTIVE,2021-12-11,2026-09-10 11:36:56.634052,2026-09-10 11:36:56.634052
20616,4569,Savings,440056.21,INR,BR004,ACTIVE,2021-03-05,2026-09-10 11:36:56.634052,2026-09-10 11:36:56.634052
20617,1936,Current,408802.88,INR,BR003,ACTIVE,2021-11-08,2026-09-10 11:36:56.634052,2026-09-10 11:36:56.634052
20618,2128,Savings,444102.74,INR,BR001,ACTIVE,2021-11-26,2026-09-10 11:36:56.634052,2026-09-10 11:36:56.634052
20619,2341,Savings,308511.21,INR,BR004,ACTIVE,2022-03-23,2026-09-10 11:36:56.634052,2026-09-10 11:36:56.634052
20620,1707,Savings,245331.94,INR,BR004,ACTIVE,2022-02-11,2026-09-10 11:36:56.634052,2026-09-10 11:36:56.634052
20621,4840,Savings,230139.59,INR,BR002,ACTIVE,2020-01-02,2026-09-10 11:36:56.634052,2026-09-10 11:36:56.634052
20622,4024,Current,370164.47,INR,BR002,ACTIVE,2021-08-06,2026-09-10 11:36:56.634052,2026-09-10 11:36:56.634052
20623,4660,Current,261128.64,INR,BR001,ACTIVE,2020-12-07,2026-09-10 11:36:56.634052,2026-09-10 11:36:56.634052
20624,1783,Savings,53778.63,INR,BR003,ACTIVE,2020-12-07,2026-09-10 11:36:56.634052,2026-09-10 11:36:56.634052
20625,2205,Current,71827.57,INR,BR003,ACTIVE,2021-08-06,2026-09-10 11:36:56.634052,2026-09-10 11:36:56.634052
20626,3180,Savings,179184.30,INR,BR002,ACTIVE,2020-01-27,2026-09-10 11:36:56.634052,2026-09-10 11:36:56.634052
20627,3711,Savings,34843.86,INR,BR002,ACTIVE,2023-06-26,2026-09-10 11:36:56.634052,2026-09-10 11:36:56.634052
20628,2179,Savings,120376.38,INR,BR003,ACTIVE,2023-10-14,2026-09-10 11:36:56.634052,2026-09-10 11:36:56.634052
20629,3407,Savings,328544.03,INR,BR004,ACTIVE,2022-09-15,2026-09-10 11:36:56.634052,2026-09-10 11:36:56.634052
20630,2259,Savings,7202.73,INR,BR001,ACTIVE,2020-09-11,2026-09-10 11:36:56.634052,2026-09-10 11:36:56.634052
20631,3808,Savings,302442.34,INR,BR001,ACTIVE,2023-11-06,2026-09-10 11:36:56.634052,2026-09-10 11:36:56.634052
20632,1165,Savings,386406.10,INR,BR001,ACTIVE,2022-08-10,2026-09-10 11:36:56.634052,2026-09-10 11:36:56.634052
20633,3765,Current,85906.72,INR,BR002,ACTIVE,2021-09-10,2026-09-10 11:36:56.634052,2026-09-10 11:36:56.634052
20634,3475,Current,91303.31,INR,BR004,ACTIVE,2023-03-01,2026-09-10 11:36:56.634052,2026-09-10 11:36:56.634052
20635,3725,Savings,15399.33,INR,BR001,ACTIVE,2021-08-13,2026-09-10 11:36:56.634052,2026-09-10 11:36:56.634052
20636,3536,Savings,256712.57,INR,BR004,ACTIVE,2022-10-25,2026-09-10 11:36:56.634052,2026-09-10 11:36:56.634052
20637,1213,Savings,327639.19,INR,BR002,ACTIVE,2025-01-28,2026-09-10 11:36:56.634052,2026-09-10 11:36:56.634052
20638,2949,Savings,228997.88,INR,BR002,ACTIVE,2024-06-28,2026-09-10 11:36:56.634052,2026-09-10 11:36:56.634052
20639,1766,Current,195334.96,INR,BR003,ACTIVE,2021-07-03,2026-09-10 11:36:56.634052,2026-09-10 11:36:56.634052
20640,3205,Current,227752.00,INR,BR004,ACTIVE,2021-01-30,2026-09-10 11:36:56.634052,2026-09-10 11:36:56.634052
20641,4761,Current,390982.58,INR,BR004,ACTIVE,2024-08-31,2026-09-10 11:36:56.634052,2026-09-10 11:36:56.634052
20642,4147,Savings,17723.64,INR,BR004,ACTIVE,2024-07-24,2026-09-10 11:36:56.634052,2026-09-10 11:36:56.634052
20643,3483,Current,392125.46,INR,BR003,ACTIVE,2021-09-03,2026-09-10 11:36:56.634052,2026-09-10 11:36:56.634052
20644,2202,Savings,333504.72,INR,BR001,ACTIVE,2021-11-27,2026-09-10 11:36:56.634052,2026-09-10 11:36:56.634052
20645,2820,Savings,121471.85,INR,BR001,ACTIVE,2024-08-22,2026-09-10 11:36:56.634052,2026-09-10 11:36:56.634052
20646,3890,Savings,262845.12,INR,BR002,ACTIVE,2021-02-04,2026-09-10 11:36:56.634052,2026-09-10 11:36:56.634052
20647,1645,Current,25596.04,INR,BR003,ACTIVE,2023-11-10,2026-09-10 11:36:56.634052,2026-09-10 11:36:56.634052
20648,2661,Current,190414.75,INR,BR004,ACTIVE,2022-09-28,2026-09-10 11:36:56.634052,2026-09-10 11:36:56.634052
20649,3360,Savings,87847.20,INR,BR003,ACTIVE,2021-06-29,2026-09-10 11:36:56.634052,2026-09-10 11:36:56.634052
20650,2856,Savings,12127.89,INR,BR002,ACTIVE,2021-01-15,2026-09-10 11:36:56.634052,2026-09-10 11:36:56.634052
20651,1127,Current,179187.66,INR,BR001,ACTIVE,2022-06-07,2026-09-10 11:36:56.634052,2026-09-10 11:36:56.634052
20652,1377,Savings,363330.10,INR,BR001,ACTIVE,2020-12-17,2026-09-10 11:36:56.634052,2026-09-10 11:36:56.634052
20653,4417,Savings,460589.91,INR,BR002,ACTIVE,2024-05-01,2026-09-10 11:36:56.634052,2026-09-10 11:36:56.634052
20654,1225,Savings,331469.49,INR,BR003,ACTIVE,2023-12-17,2026-09-10 11:36:56.634052,2026-09-10 11:36:56.634052
20655,4089,Savings,201583.09,INR,BR002,ACTIVE,2020-05-13,2026-09-10 11:36:56.634052,2026-09-10 11:36:56.634052
20656,1497,Current,499748.56,INR,BR004,ACTIVE,2020-07-11,2026-09-10 11:36:56.634052,2026-09-10 11:36:56.634052
20657,3017,Savings,142188.81,INR,BR004,ACTIVE,2024-07-27,2026-09-10 11:36:56.634052,2026-09-10 11:36:56.634052
20658,1473,Savings,94378.58,INR,BR002,ACTIVE,2021-05-20,2026-09-10 11:36:56.634052,2026-09-10 11:36:56.634052
20659,2889,Savings,232377.45,INR,BR004,ACTIVE,2021-11-29,2026-09-10 11:36:56.634052,2026-09-10 11:36:56.634052
20660,4383,Savings,252950.80,INR,BR004,ACTIVE,2024-10-06,2026-09-10 11:36:56.634052,2026-09-10 11:36:56.634052
20661,4830,Savings,178056.87,INR,BR001,ACTIVE,2024-09-28,2026-09-10 11:36:56.634052,2026-09-10 11:36:56.634052
20662,2161,Current,348054.04,INR,BR003,ACTIVE,2021-08-03,2026-09-10 11:36:56.634052,2026-09-10 11:36:56.634052
20663,3523,Savings,92748.34,INR,BR001,ACTIVE,2021-08-14,2026-09-10 11:36:56.634052,2026-09-10 11:36:56.634052
20664,1217,Current,255659.54,INR,BR001,ACTIVE,2024-03-20,2026-09-10 11:36:56.634052,2026-09-10 11:36:56.634052
20665,1196,Current,250563.35,INR,BR003,ACTIVE,2020-12-26,2026-09-10 11:36:56.634052,2026-09-10 11:36:56.634052
20666,3249,Savings,412069.42,INR,BR001,ACTIVE,2022-04-22,2026-09-10 11:36:56.634052,2026-09-10 11:36:56.634052
20667,1366,Savings,463557.13,INR,BR004,ACTIVE,2023-02-09,2026-09-10 11:36:56.634052,2026-09-10 11:36:56.634052
20668,3767,Savings,331969.67,INR,BR002,ACTIVE,2021-07-18,2026-09-10 11:36:56.634052,2026-09-10 11:36:56.634052
20669,2552,Savings,153380.42,INR,BR002,ACTIVE,2021-09-06,2026-09-10 11:36:56.634052,2026-09-10 11:36:56.634052
20670,3448,Savings,345115.90,INR,BR003,ACTIVE,2023-01-18,2026-09-10 11:36:56.634052,2026-09-10 11:36:56.634052
20671,2549,Savings,126434.19,INR,BR002,ACTIVE,2022-02-12,2026-09-10 11:36:56.634052,2026-09-10 11:36:56.634052
20672,3638,Savings,483305.65,INR,BR002,ACTIVE,2022-09-30,2026-09-10 11:36:56.634052,2026-09-10 11:36:56.634052
20673,1214,Savings,411358.70,INR,BR002,ACTIVE,2024-12-01,2026-09-10 11:36:56.634052,2026-09-10 11:36:56.634052
20674,3389,Savings,216163.94,INR,BR002,ACTIVE,2024-05-01,2026-09-10 11:36:56.634052,2026-09-10 11:36:56.634052
20675,4401,Savings,392387.42,INR,BR001,ACTIVE,2021-10-08,2026-09-10 11:36:56.634052,2026-09-10 11:36:56.634052
20676,4007,Savings,204919.17,INR,BR004,ACTIVE,2020-02-21,2026-09-10 11:36:56.634052,2026-09-10 11:36:56.634052
20677,1119,Savings,38230.47,INR,BR004,ACTIVE,2023-07-12,2026-09-10 11:36:56.634052,2026-09-10 11:36:56.634052
20678,4497,Savings,353677.67,INR,BR002,ACTIVE,2020-11-07,2026-09-10 11:36:56.634052,2026-09-10 11:36:56.634052
20679,2717,Savings,202902.30,INR,BR003,ACTIVE,2023-06-20,2026-09-10 11:36:56.634052,2026-09-10 11:36:56.634052
20680,3884,Current,465229.59,INR,BR001,ACTIVE,2021-05-05,2026-09-10 11:36:56.634052,2026-09-10 11:36:56.634052
20681,1842,Savings,153974.05,INR,BR002,ACTIVE,2020-08-06,2026-09-10 11:36:56.634052,2026-09-10 11:36:56.634052
20682,3915,Savings,421823.08,INR,BR002,ACTIVE,2021-07-06,2026-09-10 11:36:56.634052,2026-09-10 11:36:56.634052
20683,4445,Savings,340538.48,INR,BR003,ACTIVE,2023-09-04,2026-09-10 11:36:56.634052,2026-09-10 11:36:56.634052
20684,2673,Savings,426808.98,INR,BR001,ACTIVE,2021-08-24,2026-09-10 11:36:56.634052,2026-09-10 11:36:56.634052
20685,2203,Savings,146649.06,INR,BR002,ACTIVE,2021-04-30,2026-09-10 11:36:56.634052,2026-09-10 11:36:56.634052
20686,2456,Savings,231211.36,INR,BR003,ACTIVE,2024-06-28,2026-09-10 11:36:56.634052,2026-09-10 11:36:56.634052
20687,2744,Savings,411741.38,INR,BR001,ACTIVE,2020-07-04,2026-09-10 11:36:56.634052,2026-09-10 11:36:56.634052
20688,1945,Savings,322265.59,INR,BR001,ACTIVE,2023-03-20,2026-09-10 11:36:56.634052,2026-09-10 11:36:56.634052
20689,3450,Savings,180601.03,INR,BR002,ACTIVE,2021-03-04,2026-09-10 11:36:56.634052,2026-09-10 11:36:56.634052
20690,4466,Savings,256485.82,INR,BR003,ACTIVE,2024-08-19,2026-09-10 11:36:56.634052,2026-09-10 11:36:56.634052
20691,3931,Savings,498052.95,INR,BR003,ACTIVE,2022-06-10,2026-09-10 11:36:56.634052,2026-09-10 11:36:56.634052
20692,1566,Current,371182.15,INR,BR002,ACTIVE,2020-12-24,2026-09-10 11:36:56.634052,2026-09-10 11:36:56.634052
20693,4151,Savings,307646.80,INR,BR002,ACTIVE,2024-10-15,2026-09-10 11:36:56.634052,2026-09-10 11:36:56.634052
20694,4855,Savings,414127.78,INR,BR002,ACTIVE,2020-04-29,2026-09-10 11:36:56.634052,2026-09-10 11:36:56.634052
20695,4979,Savings,221573.14,INR,BR003,ACTIVE,2024-08-03,2026-09-10 11:36:56.634052,2026-09-10 11:36:56.634052
20696,3472,Savings,475081.94,INR,BR001,ACTIVE,2020-03-21,2026-09-10 11:36:56.634052,2026-09-10 11:36:56.634052
20697,1118,Savings,276458.59,INR,BR002,ACTIVE,2024-04-19,2026-09-10 11:36:56.634052,2026-09-10 11:36:56.634052
20698,1368,Savings,164109.20,INR,BR004,ACTIVE,2023-11-03,2026-09-10 11:36:56.634052,2026-09-10 11:36:56.634052
20699,2130,Savings,43923.97,INR,BR004,ACTIVE,2024-01-16,2026-09-10 11:36:56.634052,2026-09-10 11:36:56.634052
20700,4177,Savings,188471.91,INR,BR002,ACTIVE,2024-10-09,2026-09-10 11:36:56.634052,2026-09-10 11:36:56.634052
20701,4375,Savings,284750.55,INR,BR004,ACTIVE,2023-03-31,2026-09-10 11:36:56.634052,2026-09-10 11:36:56.634052
20702,3678,Savings,351920.82,INR,BR001,ACTIVE,2021-08-24,2026-09-10 11:36:56.634052,2026-09-10 11:36:56.634052
20703,2918,Savings,437683.23,INR,BR001,ACTIVE,2022-06-18,2026-09-10 11:36:56.634052,2026-09-10 11:36:56.634052
20704,4813,Savings,472036.46,INR,BR004,ACTIVE,2020-11-16,2026-09-10 11:36:56.634052,2026-09-10 11:36:56.634052
20705,3196,Savings,52124.47,INR,BR003,ACTIVE,2024-01-15,2026-09-10 11:36:56.634052,2026-09-10 11:36:56.634052
20706,2890,Savings,300851.59,INR,BR002,ACTIVE,2024-05-16,2026-09-10 11:36:56.634052,2026-09-10 11:36:56.634052
20707,3198,Savings,333628.23,INR,BR003,ACTIVE,2024-03-25,2026-09-10 11:36:56.634052,2026-09-10 11:36:56.634052
20708,1816,Savings,86859.84,INR,BR001,ACTIVE,2023-07-13,2026-09-10 11:36:56.634052,2026-09-10 11:36:56.634052
20709,3304,Savings,273254.74,INR,BR004,ACTIVE,2020-10-29,2026-09-10 11:36:56.634052,2026-09-10 11:36:56.634052
20710,3130,Savings,168081.98,INR,BR002,ACTIVE,2022-03-26,2026-09-10 11:36:56.634052,2026-09-10 11:36:56.634052
20711,3064,Savings,39631.25,INR,BR004,ACTIVE,2022-08-12,2026-09-10 11:36:56.634052,2026-09-10 11:36:56.634052
20712,1901,Savings,33867.13,INR,BR004,ACTIVE,2024-12-03,2026-09-10 11:36:56.634052,2026-09-10 11:36:56.634052
20713,1193,Savings,379847.28,INR,BR003,ACTIVE,2024-02-04,2026-09-10 11:36:56.634052,2026-09-10 11:36:56.634052
20714,3771,Savings,308112.27,INR,BR003,ACTIVE,2021-06-11,2026-09-10 11:36:56.634052,2026-09-10 11:36:56.634052
20715,2098,Current,357845.72,INR,BR004,ACTIVE,2022-05-08,2026-09-10 11:36:56.634052,2026-09-10 11:36:56.634052
20716,4349,Savings,342953.80,INR,BR001,ACTIVE,2023-02-13,2026-09-10 11:36:56.634052,2026-09-10 11:36:56.634052
20717,2085,Savings,68021.84,INR,BR002,ACTIVE,2020-12-11,2026-09-10 11:36:56.634052,2026-09-10 11:36:56.634052
20718,4021,Savings,76631.06,INR,BR004,ACTIVE,2020-02-03,2026-09-10 11:36:56.634052,2026-09-10 11:36:56.634052
20719,1951,Savings,126989.38,INR,BR004,ACTIVE,2022-11-01,2026-09-10 11:36:56.634052,2026-09-10 11:36:56.634052
20720,3584,Current,200151.19,INR,BR004,ACTIVE,2024-02-04,2026-09-10 11:36:56.634052,2026-09-10 11:36:56.634052
20721,4607,Savings,469648.94,INR,BR004,ACTIVE,2024-07-25,2026-09-10 11:36:56.634052,2026-09-10 11:36:56.634052
20722,3391,Savings,337272.29,INR,BR003,ACTIVE,2021-01-11,2026-09-10 11:36:56.634052,2026-09-10 11:36:56.634052
20723,3443,Savings,128330.80,INR,BR003,ACTIVE,2022-02-18,2026-09-10 11:36:56.634052,2026-09-10 11:36:56.634052
20724,1943,Savings,28936.07,INR,BR001,ACTIVE,2020-06-03,2026-09-10 11:36:56.634052,2026-09-10 11:36:56.634052
20725,1258,Savings,342427.74,INR,BR002,ACTIVE,2022-02-28,2026-09-10 11:36:56.634052,2026-09-10 11:36:56.634052
20726,2222,Savings,313033.92,INR,BR004,ACTIVE,2020-05-22,2026-09-10 11:36:56.634052,2026-09-10 11:36:56.634052
20727,3101,Savings,338205.95,INR,BR001,ACTIVE,2022-07-13,2026-09-10 11:36:56.634052,2026-09-10 11:36:56.634052
20728,1651,Savings,131328.65,INR,BR003,ACTIVE,2023-05-17,2026-09-10 11:36:56.634052,2026-09-10 11:36:56.634052
20729,3319,Savings,258964.65,INR,BR002,ACTIVE,2024-03-20,2026-09-10 11:36:56.634052,2026-09-10 11:36:56.634052
20730,3249,Savings,181489.70,INR,BR001,ACTIVE,2020-10-04,2026-09-10 11:36:56.634052,2026-09-10 11:36:56.634052
20731,1396,Savings,409031.77,INR,BR002,ACTIVE,2020-01-11,2026-09-10 11:36:56.634052,2026-09-10 11:36:56.634052
20732,3426,Current,35628.93,INR,BR002,ACTIVE,2023-03-03,2026-09-10 11:36:56.634052,2026-09-10 11:36:56.634052
20733,2915,Savings,138445.45,INR,BR002,ACTIVE,2020-12-19,2026-09-10 11:36:56.634052,2026-09-10 11:36:56.634052
20734,3724,Savings,301873.92,INR,BR003,ACTIVE,2020-10-30,2026-09-10 11:36:56.634052,2026-09-10 11:36:56.634052
20735,4676,Savings,103406.66,INR,BR004,ACTIVE,2020-05-18,2026-09-10 11:36:56.634052,2026-09-10 11:36:56.634052
20736,3583,Savings,336684.00,INR,BR002,ACTIVE,2022-05-13,2026-09-10 11:36:56.634052,2026-09-10 11:36:56.634052
20737,1923,Current,69249.48,INR,BR001,ACTIVE,2020-06-17,2026-09-10 11:36:56.634052,2026-09-10 11:36:56.634052
20738,4160,Savings,12383.33,INR,BR002,ACTIVE,2025-01-12,2026-09-10 11:36:56.634052,2026-09-10 11:36:56.634052
20739,1398,Savings,431883.77,INR,BR002,ACTIVE,2022-06-07,2026-09-10 11:36:56.634052,2026-09-10 11:36:56.634052
20740,2206,Savings,167388.76,INR,BR003,ACTIVE,2021-10-08,2026-09-10 11:36:56.634052,2026-09-10 11:36:56.634052
20741,3915,Savings,79267.64,INR,BR001,ACTIVE,2021-09-29,2026-09-10 11:36:56.634052,2026-09-10 11:36:56.634052
20742,2307,Savings,87181.80,INR,BR002,ACTIVE,2022-11-13,2026-09-10 11:36:56.634052,2026-09-10 11:36:56.634052
20743,4605,Savings,443061.80,INR,BR003,ACTIVE,2024-09-13,2026-09-10 11:36:56.634052,2026-09-10 11:36:56.634052
20744,1561,Savings,327561.27,INR,BR003,ACTIVE,2021-09-19,2026-09-10 11:36:56.634052,2026-09-10 11:36:56.634052
20745,1190,Savings,478216.79,INR,BR004,ACTIVE,2024-11-22,2026-09-10 11:36:56.634052,2026-09-10 11:36:56.634052
20746,1205,Savings,400220.12,INR,BR004,ACTIVE,2022-06-12,2026-09-10 11:36:56.634052,2026-09-10 11:36:56.634052
20747,4016,Savings,384003.80,INR,BR004,ACTIVE,2020-07-08,2026-09-10 11:36:56.634052,2026-09-10 11:36:56.634052
20748,1044,Savings,250410.51,INR,BR002,ACTIVE,2023-06-06,2026-09-10 11:36:56.634052,2026-09-10 11:36:56.634052
20749,2004,Savings,410581.64,INR,BR002,ACTIVE,2024-08-11,2026-09-10 11:36:56.634052,2026-09-10 11:36:56.634052
20750,4372,Savings,206913.62,INR,BR002,ACTIVE,2020-05-03,2026-09-10 11:36:56.634052,2026-09-10 11:36:56.634052
20751,4067,Current,413673.25,INR,BR003,ACTIVE,2023-02-06,2026-09-10 11:36:56.634052,2026-09-10 11:36:56.634052
20752,3688,Savings,379112.90,INR,BR002,ACTIVE,2023-07-12,2026-09-10 11:36:56.634052,2026-09-10 11:36:56.634052
20753,4042,Current,339540.87,INR,BR003,ACTIVE,2024-12-31,2026-09-10 11:36:56.634052,2026-09-10 11:36:56.634052
20754,3749,Savings,165528.38,INR,BR001,ACTIVE,2024-10-12,2026-09-10 11:36:56.634052,2026-09-10 11:36:56.634052
20755,2706,Savings,315725.11,INR,BR002,ACTIVE,2022-10-17,2026-09-10 11:36:56.634052,2026-09-10 11:36:56.634052
20756,2303,Savings,253887.02,INR,BR001,ACTIVE,2021-06-23,2026-09-10 11:36:56.634052,2026-09-10 11:36:56.634052
20757,1713,Savings,231309.89,INR,BR004,ACTIVE,2024-08-31,2026-09-10 11:36:56.634052,2026-09-10 11:36:56.634052
20758,4457,Savings,495132.92,INR,BR001,ACTIVE,2023-06-17,2026-09-10 11:36:56.634052,2026-09-10 11:36:56.634052
20759,3685,Savings,252694.52,INR,BR001,ACTIVE,2022-06-12,2026-09-10 11:36:56.634052,2026-09-10 11:36:56.634052
20760,3852,Savings,16961.12,INR,BR003,ACTIVE,2021-09-20,2026-09-10 11:36:56.634052,2026-09-10 11:36:56.634052
20761,1311,Savings,313607.47,INR,BR003,ACTIVE,2023-07-14,2026-09-10 11:36:56.634052,2026-09-10 11:36:56.634052
20762,1878,Savings,364277.41,INR,BR003,ACTIVE,2024-01-06,2026-09-10 11:36:56.634052,2026-09-10 11:36:56.634052
20763,4600,Savings,442706.75,INR,BR003,ACTIVE,2021-02-10,2026-09-10 11:36:56.634052,2026-09-10 11:36:56.634052
20764,1857,Savings,316709.68,INR,BR004,ACTIVE,2022-03-31,2026-09-10 11:36:56.634052,2026-09-10 11:36:56.634052
20765,3322,Current,10709.10,INR,BR001,ACTIVE,2021-10-13,2026-09-10 11:36:56.634052,2026-09-10 11:36:56.634052
20766,4554,Savings,60752.42,INR,BR004,ACTIVE,2021-05-12,2026-09-10 11:36:56.634052,2026-09-10 11:36:56.634052
20767,4878,Current,81458.78,INR,BR004,ACTIVE,2023-10-17,2026-09-10 11:36:56.634052,2026-09-10 11:36:56.634052
20768,4523,Savings,106419.42,INR,BR003,ACTIVE,2022-10-25,2026-09-10 11:36:56.634052,2026-09-10 11:36:56.634052
20769,2556,Current,400088.67,INR,BR001,ACTIVE,2023-09-04,2026-09-10 11:36:56.634052,2026-09-10 11:36:56.634052
20770,1531,Current,155570.26,INR,BR001,ACTIVE,2024-06-18,2026-09-10 11:36:56.634052,2026-09-10 11:36:56.634052
20771,4597,Savings,156868.80,INR,BR004,ACTIVE,2023-03-23,2026-09-10 11:36:56.634052,2026-09-10 11:36:56.634052
20772,1017,Savings,378038.13,INR,BR003,ACTIVE,2022-08-30,2026-09-10 11:36:56.634052,2026-09-10 11:36:56.634052
20773,3766,Current,206805.85,INR,BR004,ACTIVE,2021-07-18,2026-09-10 11:36:56.634052,2026-09-10 11:36:56.634052
20774,4102,Current,33255.13,INR,BR001,ACTIVE,2023-06-04,2026-09-10 11:36:56.634052,2026-09-10 11:36:56.634052
20775,1470,Savings,292978.10,INR,BR003,ACTIVE,2024-08-19,2026-09-10 11:36:56.634052,2026-09-10 11:36:56.634052
20776,1811,Savings,65903.78,INR,BR004,ACTIVE,2023-02-05,2026-09-10 11:36:56.634052,2026-09-10 11:36:56.634052
20777,2328,Current,286260.48,INR,BR001,ACTIVE,2020-12-31,2026-09-10 11:36:56.634052,2026-09-10 11:36:56.634052
20778,1555,Savings,390039.42,INR,BR002,ACTIVE,2024-03-05,2026-09-10 11:36:56.634052,2026-09-10 11:36:56.634052
20779,3141,Savings,464815.33,INR,BR003,ACTIVE,2021-02-14,2026-09-10 11:36:56.634052,2026-09-10 11:36:56.634052
20780,1882,Current,34459.25,INR,BR001,ACTIVE,2020-09-23,2026-09-10 11:36:56.634052,2026-09-10 11:36:56.634052
20781,3626,Current,152679.33,INR,BR003,ACTIVE,2024-06-06,2026-09-10 11:36:56.634052,2026-09-10 11:36:56.634052
20782,3679,Current,326579.53,INR,BR001,ACTIVE,2021-01-27,2026-09-10 11:36:56.634052,2026-09-10 11:36:56.634052
20783,1821,Savings,158411.05,INR,BR003,ACTIVE,2024-03-08,2026-09-10 11:36:56.634052,2026-09-10 11:36:56.634052
20784,1584,Savings,226061.78,INR,BR002,ACTIVE,2023-07-04,2026-09-10 11:36:56.634052,2026-09-10 11:36:56.634052
20785,1846,Current,11025.34,INR,BR004,ACTIVE,2021-09-11,2026-09-10 11:36:56.634052,2026-09-10 11:36:56.634052
20786,4234,Savings,347055.51,INR,BR004,ACTIVE,2020-05-01,2026-09-10 11:36:56.634052,2026-09-10 11:36:56.634052
20787,2997,Savings,441756.79,INR,BR004,ACTIVE,2020-10-22,2026-09-10 11:36:56.634052,2026-09-10 11:36:56.634052
20788,1842,Savings,488452.96,INR,BR002,ACTIVE,2023-11-23,2026-09-10 11:36:56.634052,2026-09-10 11:36:56.634052
20789,3376,Savings,415436.14,INR,BR003,ACTIVE,2023-03-25,2026-09-10 11:36:56.634052,2026-09-10 11:36:56.634052
20790,2805,Savings,16856.35,INR,BR003,ACTIVE,2020-01-24,2026-09-10 11:36:56.634052,2026-09-10 11:36:56.634052
20791,1730,Savings,326275.13,INR,BR001,ACTIVE,2024-01-01,2026-09-10 11:36:56.634052,2026-09-10 11:36:56.634052
20792,1254,Savings,248333.96,INR,BR001,ACTIVE,2022-04-24,2026-09-10 11:36:56.634052,2026-09-10 11:36:56.634052
20793,2464,Savings,469009.85,INR,BR003,ACTIVE,2020-10-22,2026-09-10 11:36:56.634052,2026-09-10 11:36:56.634052
20794,3619,Savings,451167.29,INR,BR002,ACTIVE,2021-09-24,2026-09-10 11:36:56.634052,2026-09-10 11:36:56.634052
20795,3592,Savings,494035.04,INR,BR002,ACTIVE,2023-03-17,2026-09-10 11:36:56.634052,2026-09-10 11:36:56.634052
20796,1851,Savings,431105.18,INR,BR004,ACTIVE,2021-12-14,2026-09-10 11:36:56.634052,2026-09-10 11:36:56.634052
20797,3168,Savings,273899.17,INR,BR004,ACTIVE,2024-05-21,2026-09-10 11:36:56.634052,2026-09-10 11:36:56.634052
20798,4023,Savings,357735.36,INR,BR004,ACTIVE,2023-11-25,2026-09-10 11:36:56.634052,2026-09-10 11:36:56.634052
20799,1822,Savings,482373.94,INR,BR003,ACTIVE,2021-11-13,2026-09-10 11:36:56.634052,2026-09-10 11:36:56.634052
20800,3562,Savings,289480.25,INR,BR001,ACTIVE,2023-06-09,2026-09-10 11:36:56.634052,2026-09-10 11:36:56.634052
20801,4702,Savings,420149.61,INR,BR003,ACTIVE,2022-02-25,2026-09-10 11:36:56.634052,2026-09-10 11:36:56.634052
20802,2573,Savings,471162.73,INR,BR003,ACTIVE,2023-12-15,2026-09-10 11:36:56.634052,2026-09-10 11:36:56.634052
20803,1979,Savings,285698.31,INR,BR002,ACTIVE,2022-11-28,2026-09-10 11:36:56.634052,2026-09-10 11:36:56.634052
20804,3145,Savings,80417.97,INR,BR002,ACTIVE,2021-05-10,2026-09-10 11:36:56.634052,2026-09-10 11:36:56.634052
20805,1871,Savings,78626.13,INR,BR001,ACTIVE,2023-07-16,2026-09-10 11:36:56.634052,2026-09-10 11:36:56.634052
20806,2394,Current,58543.27,INR,BR001,ACTIVE,2022-03-24,2026-09-10 11:36:56.634052,2026-09-10 11:36:56.634052
20807,4489,Current,238685.27,INR,BR003,ACTIVE,2020-12-07,2026-09-10 11:36:56.634052,2026-09-10 11:36:56.634052
20808,1257,Savings,240590.65,INR,BR003,ACTIVE,2020-03-03,2026-09-10 11:36:56.634052,2026-09-10 11:36:56.634052
20809,1128,Savings,309068.22,INR,BR003,ACTIVE,2023-12-23,2026-09-10 11:36:56.634052,2026-09-10 11:36:56.634052
20810,2383,Current,241953.53,INR,BR003,ACTIVE,2023-04-29,2026-09-10 11:36:56.634052,2026-09-10 11:36:56.634052
20811,2180,Savings,486554.45,INR,BR002,ACTIVE,2022-10-03,2026-09-10 11:36:56.634052,2026-09-10 11:36:56.634052
20812,4729,Savings,146364.10,INR,BR004,ACTIVE,2024-09-19,2026-09-10 11:36:56.634052,2026-09-10 11:36:56.634052
20813,3105,Savings,437034.50,INR,BR004,ACTIVE,2020-03-04,2026-09-10 11:36:56.634052,2026-09-10 11:36:56.634052
20814,3630,Current,51064.88,INR,BR004,ACTIVE,2024-04-18,2026-09-10 11:36:56.634052,2026-09-10 11:36:56.634052
20815,2972,Savings,301356.92,INR,BR001,ACTIVE,2024-06-16,2026-09-10 11:36:56.634052,2026-09-10 11:36:56.634052
20816,1556,Savings,324514.28,INR,BR001,ACTIVE,2020-05-01,2026-09-10 11:36:56.634052,2026-09-10 11:36:56.634052
20817,3772,Savings,386342.83,INR,BR001,ACTIVE,2020-03-25,2026-09-10 11:36:56.634052,2026-09-10 11:36:56.634052
20818,4759,Current,252008.08,INR,BR001,ACTIVE,2024-02-29,2026-09-10 11:36:56.634052,2026-09-10 11:36:56.634052
20819,3701,Savings,99415.92,INR,BR002,ACTIVE,2024-08-14,2026-09-10 11:36:56.634052,2026-09-10 11:36:56.634052
20820,4148,Savings,185129.81,INR,BR003,ACTIVE,2021-06-25,2026-09-10 11:36:56.634052,2026-09-10 11:36:56.634052
20821,3206,Savings,136808.60,INR,BR001,ACTIVE,2021-12-16,2026-09-10 11:36:56.634052,2026-09-10 11:36:56.634052
20822,1085,Savings,210133.65,INR,BR004,ACTIVE,2022-11-01,2026-09-10 11:36:56.634052,2026-09-10 11:36:56.634052
20823,1322,Savings,265454.19,INR,BR001,ACTIVE,2020-08-22,2026-09-10 11:36:56.634052,2026-09-10 11:36:56.634052
20824,3357,Savings,312910.08,INR,BR004,ACTIVE,2021-04-25,2026-09-10 11:36:56.634052,2026-09-10 11:36:56.634052
20825,2554,Savings,422715.85,INR,BR003,ACTIVE,2021-01-12,2026-09-10 11:36:56.634052,2026-09-10 11:36:56.634052
20826,1284,Savings,455095.15,INR,BR002,ACTIVE,2020-09-12,2026-09-10 11:36:56.634052,2026-09-10 11:36:56.634052
20827,4972,Savings,231828.06,INR,BR002,ACTIVE,2024-12-03,2026-09-10 11:36:56.634052,2026-09-10 11:36:56.634052
20828,4114,Current,45247.05,INR,BR001,ACTIVE,2020-09-20,2026-09-10 11:36:56.634052,2026-09-10 11:36:56.634052
20829,4051,Savings,398735.53,INR,BR001,ACTIVE,2021-07-24,2026-09-10 11:36:56.634052,2026-09-10 11:36:56.634052
20830,2918,Savings,239101.70,INR,BR004,ACTIVE,2022-06-05,2026-09-10 11:36:56.634052,2026-09-10 11:36:56.634052
20831,4957,Savings,273676.85,INR,BR001,ACTIVE,2023-05-07,2026-09-10 11:36:56.634052,2026-09-10 11:36:56.634052
20832,3182,Savings,298301.28,INR,BR002,ACTIVE,2023-06-16,2026-09-10 11:36:56.634052,2026-09-10 11:36:56.634052
20833,1614,Savings,334266.01,INR,BR001,ACTIVE,2023-03-18,2026-09-10 11:36:56.634052,2026-09-10 11:36:56.634052
20834,3697,Savings,445160.33,INR,BR004,ACTIVE,2020-10-16,2026-09-10 11:36:56.634052,2026-09-10 11:36:56.634052
20835,2428,Savings,476120.95,INR,BR003,ACTIVE,2023-10-16,2026-09-10 11:36:56.634052,2026-09-10 11:36:56.634052
20836,2517,Savings,470144.49,INR,BR002,ACTIVE,2024-09-22,2026-09-10 11:36:56.634052,2026-09-10 11:36:56.634052
20837,4294,Savings,404922.36,INR,BR002,ACTIVE,2022-03-29,2026-09-10 11:36:56.634052,2026-09-10 11:36:56.634052
20838,1229,Current,444731.88,INR,BR003,ACTIVE,2020-09-18,2026-09-10 11:36:56.634052,2026-09-10 11:36:56.634052
20839,2830,Savings,25777.73,INR,BR003,ACTIVE,2021-03-03,2026-09-10 11:36:56.634052,2026-09-10 11:36:56.634052
20840,4524,Savings,424707.22,INR,BR002,ACTIVE,2022-06-18,2026-09-10 11:36:56.634052,2026-09-10 11:36:56.634052
20841,4046,Savings,37060.35,INR,BR004,ACTIVE,2022-12-07,2026-09-10 11:36:56.634052,2026-09-10 11:36:56.634052
20842,2330,Savings,373350.76,INR,BR004,ACTIVE,2022-01-06,2026-09-10 11:36:56.634052,2026-09-10 11:36:56.634052
20843,4900,Savings,85512.45,INR,BR001,ACTIVE,2020-09-22,2026-09-10 11:36:56.634052,2026-09-10 11:36:56.634052
20844,2933,Savings,180695.11,INR,BR004,ACTIVE,2024-01-18,2026-09-10 11:36:56.634052,2026-09-10 11:36:56.634052
20845,1119,Current,92907.66,INR,BR002,ACTIVE,2025-01-03,2026-09-10 11:36:56.634052,2026-09-10 11:36:56.634052
20846,4683,Savings,222287.36,INR,BR001,ACTIVE,2024-11-13,2026-09-10 11:36:56.634052,2026-09-10 11:36:56.634052
20847,4934,Savings,206461.97,INR,BR004,ACTIVE,2021-12-20,2026-09-10 11:36:56.634052,2026-09-10 11:36:56.634052
20848,3986,Savings,24983.36,INR,BR003,ACTIVE,2022-02-01,2026-09-10 11:36:56.634052,2026-09-10 11:36:56.634052
20849,3372,Savings,415418.47,INR,BR004,ACTIVE,2023-02-11,2026-09-10 11:36:56.634052,2026-09-10 11:36:56.634052
20850,1921,Savings,427239.06,INR,BR001,ACTIVE,2020-06-23,2026-09-10 11:36:56.634052,2026-09-10 11:36:56.634052
20851,3207,Savings,393966.11,INR,BR003,ACTIVE,2022-04-27,2026-09-10 11:36:56.634052,2026-09-10 11:36:56.634052
20852,3287,Savings,423955.70,INR,BR001,ACTIVE,2023-07-14,2026-09-10 11:36:56.634052,2026-09-10 11:36:56.634052
20853,3444,Savings,375688.64,INR,BR001,ACTIVE,2020-05-22,2026-09-10 11:36:56.634052,2026-09-10 11:36:56.634052
20854,1320,Savings,468804.74,INR,BR003,ACTIVE,2022-01-22,2026-09-10 11:36:56.634052,2026-09-10 11:36:56.634052
20855,4919,Savings,288619.73,INR,BR001,ACTIVE,2022-10-20,2026-09-10 11:36:56.634052,2026-09-10 11:36:56.634052
20856,4261,Current,291738.63,INR,BR002,ACTIVE,2024-01-30,2026-09-10 11:36:56.634052,2026-09-10 11:36:56.634052
20857,3357,Savings,430095.04,INR,BR001,ACTIVE,2022-06-17,2026-09-10 11:36:56.634052,2026-09-10 11:36:56.634052
20858,3297,Savings,175358.36,INR,BR002,ACTIVE,2024-01-18,2026-09-10 11:36:56.634052,2026-09-10 11:36:56.634052
20859,3586,Savings,25991.09,INR,BR003,ACTIVE,2022-07-03,2026-09-10 11:36:56.634052,2026-09-10 11:36:56.634052
20860,1701,Savings,375177.84,INR,BR001,ACTIVE,2021-05-07,2026-09-10 11:36:56.634052,2026-09-10 11:36:56.634052
20861,4578,Savings,128040.00,INR,BR004,ACTIVE,2021-06-17,2026-09-10 11:36:56.634052,2026-09-10 11:36:56.634052
20862,3442,Savings,237643.67,INR,BR001,ACTIVE,2020-02-08,2026-09-10 11:36:56.634052,2026-09-10 11:36:56.634052
20863,3700,Savings,120979.48,INR,BR002,ACTIVE,2022-06-01,2026-09-10 11:36:56.634052,2026-09-10 11:36:56.634052
20864,2018,Savings,413718.34,INR,BR002,ACTIVE,2024-12-30,2026-09-10 11:36:56.634052,2026-09-10 11:36:56.634052
20865,1406,Savings,479188.19,INR,BR004,ACTIVE,2023-03-02,2026-09-10 11:36:56.634052,2026-09-10 11:36:56.634052
20866,4048,Savings,28456.53,INR,BR003,ACTIVE,2021-11-27,2026-09-10 11:36:56.634052,2026-09-10 11:36:56.634052
20867,2205,Savings,117452.44,INR,BR002,ACTIVE,2020-02-09,2026-09-10 11:36:56.634052,2026-09-10 11:36:56.634052
20868,3069,Savings,95591.50,INR,BR002,ACTIVE,2020-12-26,2026-09-10 11:36:56.634052,2026-09-10 11:36:56.634052
20869,2699,Current,336928.55,INR,BR002,ACTIVE,2022-06-10,2026-09-10 11:36:56.634052,2026-09-10 11:36:56.634052
20870,2607,Savings,214910.52,INR,BR001,ACTIVE,2024-08-22,2026-09-10 11:36:56.634052,2026-09-10 11:36:56.634052
20871,4666,Savings,228674.57,INR,BR001,ACTIVE,2021-09-30,2026-09-10 11:36:56.634052,2026-09-10 11:36:56.634052
20872,1155,Savings,79382.46,INR,BR001,ACTIVE,2024-05-05,2026-09-10 11:36:56.634052,2026-09-10 11:36:56.634052
20873,2852,Savings,207952.59,INR,BR001,ACTIVE,2023-02-17,2026-09-10 11:36:56.634052,2026-09-10 11:36:56.634052
20874,1867,Savings,152310.91,INR,BR001,ACTIVE,2022-06-26,2026-09-10 11:36:56.634052,2026-09-10 11:36:56.634052
20875,1559,Current,305984.27,INR,BR004,ACTIVE,2020-03-09,2026-09-10 11:36:56.634052,2026-09-10 11:36:56.634052
20876,1194,Savings,109401.88,INR,BR002,ACTIVE,2020-11-06,2026-09-10 11:36:56.634052,2026-09-10 11:36:56.634052
20877,4296,Current,307790.86,INR,BR004,ACTIVE,2023-05-02,2026-09-10 11:36:56.634052,2026-09-10 11:36:56.634052
20878,3447,Savings,189494.85,INR,BR002,ACTIVE,2020-07-14,2026-09-10 11:36:56.634052,2026-09-10 11:36:56.634052
20879,4821,Savings,173800.99,INR,BR001,ACTIVE,2022-07-23,2026-09-10 11:36:56.634052,2026-09-10 11:36:56.634052
20880,3328,Savings,153472.76,INR,BR001,ACTIVE,2020-01-29,2026-09-10 11:36:56.634052,2026-09-10 11:36:56.634052
20881,4028,Savings,337242.91,INR,BR003,ACTIVE,2020-08-17,2026-09-10 11:36:56.634052,2026-09-10 11:36:56.634052
20882,2034,Current,281646.78,INR,BR003,ACTIVE,2020-09-27,2026-09-10 11:36:56.634052,2026-09-10 11:36:56.634052
20883,2400,Savings,426009.13,INR,BR004,ACTIVE,2024-07-13,2026-09-10 11:36:56.634052,2026-09-10 11:36:56.634052
20884,3520,Current,121563.48,INR,BR002,ACTIVE,2022-11-22,2026-09-10 11:36:56.634052,2026-09-10 11:36:56.634052
20885,3200,Savings,21019.67,INR,BR004,ACTIVE,2022-11-23,2026-09-10 11:36:56.634052,2026-09-10 11:36:56.634052
20886,4928,Savings,91829.72,INR,BR003,ACTIVE,2020-06-05,2026-09-10 11:36:56.634052,2026-09-10 11:36:56.634052
20887,4688,Savings,172334.83,INR,BR002,ACTIVE,2021-07-25,2026-09-10 11:36:56.634052,2026-09-10 11:36:56.634052
20888,4196,Savings,90647.84,INR,BR004,ACTIVE,2022-01-04,2026-09-10 11:36:56.634052,2026-09-10 11:36:56.634052
20889,4769,Savings,42671.83,INR,BR003,ACTIVE,2020-09-28,2026-09-10 11:36:56.634052,2026-09-10 11:36:56.634052
20890,3032,Savings,223223.90,INR,BR001,ACTIVE,2024-08-22,2026-09-10 11:36:56.634052,2026-09-10 11:36:56.634052
20891,1802,Current,338789.90,INR,BR004,ACTIVE,2024-02-05,2026-09-10 11:36:56.634052,2026-09-10 11:36:56.634052
20892,1553,Savings,376033.81,INR,BR001,ACTIVE,2023-05-28,2026-09-10 11:36:56.634052,2026-09-10 11:36:56.634052
20893,2448,Savings,199964.94,INR,BR004,ACTIVE,2024-07-15,2026-09-10 11:36:56.634052,2026-09-10 11:36:56.634052
20894,2547,Savings,239544.25,INR,BR002,ACTIVE,2023-07-31,2026-09-10 11:36:56.634052,2026-09-10 11:36:56.634052
20895,1730,Savings,377979.78,INR,BR002,ACTIVE,2025-01-09,2026-09-10 11:36:56.634052,2026-09-10 11:36:56.634052
20896,3561,Savings,177001.21,INR,BR002,ACTIVE,2022-02-05,2026-09-10 11:36:56.634052,2026-09-10 11:36:56.634052
20897,4998,Current,392598.34,INR,BR002,ACTIVE,2023-03-27,2026-09-10 11:36:56.634052,2026-09-10 11:36:56.634052
20898,2013,Savings,483720.66,INR,BR003,ACTIVE,2022-05-02,2026-09-10 11:36:56.634052,2026-09-10 11:36:56.634052
20899,1171,Savings,440359.83,INR,BR001,ACTIVE,2023-11-22,2026-09-10 11:36:56.634052,2026-09-10 11:36:56.634052
20900,1850,Savings,227344.07,INR,BR003,ACTIVE,2024-12-22,2026-09-10 11:36:56.634052,2026-09-10 11:36:56.634052
20901,1794,Current,290179.73,INR,BR004,ACTIVE,2022-09-05,2026-09-10 11:36:56.646197,2026-09-10 11:36:56.646197
20902,2589,Savings,358496.77,INR,BR004,ACTIVE,2021-08-30,2026-09-10 11:36:56.646197,2026-09-10 11:36:56.646197
20903,1125,Current,175300.92,INR,BR001,ACTIVE,2020-11-30,2026-09-10 11:36:56.646197,2026-09-10 11:36:56.646197
20904,1175,Savings,399819.81,INR,BR001,ACTIVE,2023-07-17,2026-09-10 11:36:56.646197,2026-09-10 11:36:56.646197
20905,3552,Savings,219021.58,INR,BR003,ACTIVE,2025-01-02,2026-09-10 11:36:56.646197,2026-09-10 11:36:56.646197
20906,4849,Savings,423573.94,INR,BR002,ACTIVE,2020-08-05,2026-09-10 11:36:56.646197,2026-09-10 11:36:56.646197
20907,2801,Savings,128112.21,INR,BR003,ACTIVE,2023-04-16,2026-09-10 11:36:56.646197,2026-09-10 11:36:56.646197
20908,4457,Savings,6677.65,INR,BR003,ACTIVE,2020-01-04,2026-09-10 11:36:56.646197,2026-09-10 11:36:56.646197
20909,3759,Savings,316711.51,INR,BR004,ACTIVE,2022-03-22,2026-09-10 11:36:56.646197,2026-09-10 11:36:56.646197
20910,4840,Savings,226492.67,INR,BR003,ACTIVE,2020-03-02,2026-09-10 11:36:56.646197,2026-09-10 11:36:56.646197
20911,4756,Current,30851.74,INR,BR001,ACTIVE,2021-08-19,2026-09-10 11:36:56.646197,2026-09-10 11:36:56.646197
20912,4643,Savings,244318.56,INR,BR002,ACTIVE,2023-06-19,2026-09-10 11:36:56.646197,2026-09-10 11:36:56.646197
20913,1106,Current,85116.35,INR,BR004,ACTIVE,2024-12-17,2026-09-10 11:36:56.646197,2026-09-10 11:36:56.646197
20914,2971,Savings,315244.83,INR,BR001,ACTIVE,2021-11-08,2026-09-10 11:36:56.646197,2026-09-10 11:36:56.646197
20915,2661,Savings,223077.74,INR,BR004,ACTIVE,2023-02-11,2026-09-10 11:36:56.646197,2026-09-10 11:36:56.646197
20916,3576,Current,86391.25,INR,BR003,ACTIVE,2022-08-12,2026-09-10 11:36:56.646197,2026-09-10 11:36:56.646197
20917,1038,Savings,206557.53,INR,BR003,ACTIVE,2024-10-03,2026-09-10 11:36:56.646197,2026-09-10 11:36:56.646197
20918,1395,Savings,117121.70,INR,BR001,ACTIVE,2022-07-01,2026-09-10 11:36:56.646197,2026-09-10 11:36:56.646197
20919,4827,Savings,326895.29,INR,BR001,ACTIVE,2023-10-26,2026-09-10 11:36:56.646197,2026-09-10 11:36:56.646197
20920,1921,Current,148276.54,INR,BR004,ACTIVE,2021-06-22,2026-09-10 11:36:56.646197,2026-09-10 11:36:56.646197
20921,3525,Savings,411186.66,INR,BR002,ACTIVE,2024-08-19,2026-09-10 11:36:56.646197,2026-09-10 11:36:56.646197
20922,2491,Savings,8067.44,INR,BR004,ACTIVE,2024-10-08,2026-09-10 11:36:56.646197,2026-09-10 11:36:56.646197
20923,1722,Savings,202305.57,INR,BR003,ACTIVE,2022-02-22,2026-09-10 11:36:56.646197,2026-09-10 11:36:56.646197
20924,4577,Savings,308923.15,INR,BR001,ACTIVE,2021-08-19,2026-09-10 11:36:56.646197,2026-09-10 11:36:56.646197
20925,3031,Current,12281.53,INR,BR001,ACTIVE,2022-09-12,2026-09-10 11:36:56.646197,2026-09-10 11:36:56.646197
20926,3363,Savings,108705.11,INR,BR004,ACTIVE,2020-06-13,2026-09-10 11:36:56.646197,2026-09-10 11:36:56.646197
20927,2309,Savings,164382.56,INR,BR001,ACTIVE,2024-08-29,2026-09-10 11:36:56.646197,2026-09-10 11:36:56.646197
20928,4536,Savings,11900.43,INR,BR001,ACTIVE,2021-06-14,2026-09-10 11:36:56.646197,2026-09-10 11:36:56.646197
20929,3030,Savings,273798.66,INR,BR003,ACTIVE,2022-07-20,2026-09-10 11:36:56.646197,2026-09-10 11:36:56.646197
20930,2704,Savings,315803.33,INR,BR002,ACTIVE,2022-05-24,2026-09-10 11:36:56.646197,2026-09-10 11:36:56.646197
20931,4336,Savings,114533.60,INR,BR001,ACTIVE,2020-03-13,2026-09-10 11:36:56.646197,2026-09-10 11:36:56.646197
20932,2634,Savings,272197.88,INR,BR001,ACTIVE,2023-07-01,2026-09-10 11:36:56.646197,2026-09-10 11:36:56.646197
20933,4718,Savings,499564.32,INR,BR004,ACTIVE,2021-09-13,2026-09-10 11:36:56.646197,2026-09-10 11:36:56.646197
20934,2453,Savings,443572.72,INR,BR002,ACTIVE,2023-10-27,2026-09-10 11:36:56.646197,2026-09-10 11:36:56.646197
20935,1365,Savings,30271.75,INR,BR003,ACTIVE,2020-05-25,2026-09-10 11:36:56.646197,2026-09-10 11:36:56.646197
20936,3229,Savings,64813.35,INR,BR001,ACTIVE,2020-04-05,2026-09-10 11:36:56.646197,2026-09-10 11:36:56.646197
20937,1734,Savings,247707.26,INR,BR002,ACTIVE,2024-08-11,2026-09-10 11:36:56.646197,2026-09-10 11:36:56.646197
20938,3924,Savings,123355.36,INR,BR002,ACTIVE,2024-12-23,2026-09-10 11:36:56.646197,2026-09-10 11:36:56.646197
20939,4042,Savings,41403.65,INR,BR004,ACTIVE,2023-07-03,2026-09-10 11:36:56.646197,2026-09-10 11:36:56.646197
20940,3709,Current,128022.69,INR,BR003,ACTIVE,2020-06-01,2026-09-10 11:36:56.646197,2026-09-10 11:36:56.646197
20941,1244,Savings,31527.87,INR,BR002,ACTIVE,2021-04-04,2026-09-10 11:36:56.646197,2026-09-10 11:36:56.646197
20942,1313,Savings,265426.31,INR,BR003,ACTIVE,2023-01-24,2026-09-10 11:36:56.646197,2026-09-10 11:36:56.646197
20943,1076,Savings,245634.80,INR,BR002,ACTIVE,2023-09-25,2026-09-10 11:36:56.646197,2026-09-10 11:36:56.646197
20944,4953,Savings,4156.75,INR,BR001,ACTIVE,2022-05-24,2026-09-10 11:36:56.646197,2026-09-10 11:36:56.646197
20945,3310,Current,241775.68,INR,BR003,ACTIVE,2022-06-16,2026-09-10 11:36:56.646197,2026-09-10 11:36:56.646197
20946,1231,Savings,260382.77,INR,BR004,ACTIVE,2020-10-12,2026-09-10 11:36:56.646197,2026-09-10 11:36:56.646197
20947,3751,Savings,303246.17,INR,BR002,ACTIVE,2023-03-31,2026-09-10 11:36:56.646197,2026-09-10 11:36:56.646197
20948,4452,Savings,485079.76,INR,BR001,ACTIVE,2020-02-04,2026-09-10 11:36:56.646197,2026-09-10 11:36:56.646197
20949,3694,Savings,491363.52,INR,BR002,ACTIVE,2023-08-25,2026-09-10 11:36:56.646197,2026-09-10 11:36:56.646197
20950,4381,Savings,263937.73,INR,BR001,ACTIVE,2024-08-29,2026-09-10 11:36:56.646197,2026-09-10 11:36:56.646197
20951,4836,Savings,422748.16,INR,BR003,ACTIVE,2021-05-16,2026-09-10 11:36:56.646197,2026-09-10 11:36:56.646197
20952,2412,Savings,43497.72,INR,BR004,ACTIVE,2022-04-23,2026-09-10 11:36:56.646197,2026-09-10 11:36:56.646197
20953,3805,Savings,266046.16,INR,BR001,ACTIVE,2024-10-09,2026-09-10 11:36:56.646197,2026-09-10 11:36:56.646197
20954,4849,Savings,339771.13,INR,BR002,ACTIVE,2020-08-23,2026-09-10 11:36:56.646197,2026-09-10 11:36:56.646197
20955,2349,Savings,282799.68,INR,BR001,ACTIVE,2023-07-20,2026-09-10 11:36:56.646197,2026-09-10 11:36:56.646197
20956,1842,Savings,116129.78,INR,BR001,ACTIVE,2022-01-24,2026-09-10 11:36:56.646197,2026-09-10 11:36:56.646197
20957,3927,Savings,32266.34,INR,BR004,ACTIVE,2020-06-13,2026-09-10 11:36:56.646197,2026-09-10 11:36:56.646197
20958,2480,Savings,193947.97,INR,BR003,ACTIVE,2024-10-02,2026-09-10 11:36:56.646197,2026-09-10 11:36:56.646197
20959,4584,Current,324173.61,INR,BR001,ACTIVE,2024-11-16,2026-09-10 11:36:56.646197,2026-09-10 11:36:56.646197
20960,4415,Savings,495864.82,INR,BR001,ACTIVE,2021-09-01,2026-09-10 11:36:56.646197,2026-09-10 11:36:56.646197
20961,1516,Savings,119030.19,INR,BR002,ACTIVE,2024-07-23,2026-09-10 11:36:56.646197,2026-09-10 11:36:56.646197
20962,3490,Current,458977.16,INR,BR002,ACTIVE,2023-09-15,2026-09-10 11:36:56.646197,2026-09-10 11:36:56.646197
20963,2573,Current,35062.44,INR,BR003,ACTIVE,2020-08-04,2026-09-10 11:36:56.646197,2026-09-10 11:36:56.646197
20964,3631,Savings,465563.65,INR,BR003,ACTIVE,2023-02-04,2026-09-10 11:36:56.646197,2026-09-10 11:36:56.646197
20965,3310,Savings,416351.02,INR,BR003,ACTIVE,2023-08-23,2026-09-10 11:36:56.646197,2026-09-10 11:36:56.646197
20966,3797,Savings,11451.73,INR,BR002,ACTIVE,2020-10-07,2026-09-10 11:36:56.646197,2026-09-10 11:36:56.646197
20967,1819,Current,149794.50,INR,BR001,ACTIVE,2022-01-28,2026-09-10 11:36:56.646197,2026-09-10 11:36:56.646197
20968,4050,Savings,26427.37,INR,BR003,ACTIVE,2022-09-06,2026-09-10 11:36:56.646197,2026-09-10 11:36:56.646197
20969,4535,Savings,497757.43,INR,BR002,ACTIVE,2023-05-26,2026-09-10 11:36:56.646197,2026-09-10 11:36:56.646197
20970,3915,Current,214494.16,INR,BR002,ACTIVE,2021-01-21,2026-09-10 11:36:56.646197,2026-09-10 11:36:56.646197
20971,4762,Savings,331424.59,INR,BR003,ACTIVE,2020-01-12,2026-09-10 11:36:56.646197,2026-09-10 11:36:56.646197
20972,1608,Savings,117861.10,INR,BR002,ACTIVE,2021-05-05,2026-09-10 11:36:56.646197,2026-09-10 11:36:56.646197
20973,3958,Savings,466934.38,INR,BR001,ACTIVE,2024-04-14,2026-09-10 11:36:56.646197,2026-09-10 11:36:56.646197
20974,4299,Savings,137812.87,INR,BR004,ACTIVE,2023-02-10,2026-09-10 11:36:56.646197,2026-09-10 11:36:56.646197
20975,1523,Savings,130847.09,INR,BR002,ACTIVE,2020-07-17,2026-09-10 11:36:56.646197,2026-09-10 11:36:56.646197
20976,2802,Savings,157985.45,INR,BR002,ACTIVE,2024-07-30,2026-09-10 11:36:56.646197,2026-09-10 11:36:56.646197
20977,2213,Savings,231782.09,INR,BR004,ACTIVE,2024-10-29,2026-09-10 11:36:56.646197,2026-09-10 11:36:56.646197
20978,4281,Current,10247.83,INR,BR001,ACTIVE,2024-08-01,2026-09-10 11:36:56.646197,2026-09-10 11:36:56.646197
20979,2037,Savings,299320.91,INR,BR003,ACTIVE,2024-05-17,2026-09-10 11:36:56.646197,2026-09-10 11:36:56.646197
20980,4961,Savings,16801.23,INR,BR002,ACTIVE,2022-02-14,2026-09-10 11:36:56.646197,2026-09-10 11:36:56.646197
20981,1162,Savings,270062.04,INR,BR001,ACTIVE,2024-02-14,2026-09-10 11:36:56.646197,2026-09-10 11:36:56.646197
20982,4644,Savings,229484.57,INR,BR003,ACTIVE,2020-12-06,2026-09-10 11:36:56.646197,2026-09-10 11:36:56.646197
20983,2517,Savings,122030.98,INR,BR001,ACTIVE,2023-09-24,2026-09-10 11:36:56.646197,2026-09-10 11:36:56.646197
20984,4507,Savings,165554.24,INR,BR004,ACTIVE,2021-09-18,2026-09-10 11:36:56.646197,2026-09-10 11:36:56.646197
20985,3053,Savings,353124.25,INR,BR002,ACTIVE,2025-01-09,2026-09-10 11:36:56.646197,2026-09-10 11:36:56.646197
20986,3032,Savings,5789.16,INR,BR001,ACTIVE,2020-08-03,2026-09-10 11:36:56.646197,2026-09-10 11:36:56.646197
20987,1202,Savings,159006.92,INR,BR003,ACTIVE,2022-06-14,2026-09-10 11:36:56.646197,2026-09-10 11:36:56.646197
20988,3464,Current,340468.33,INR,BR003,ACTIVE,2023-08-24,2026-09-10 11:36:56.646197,2026-09-10 11:36:56.646197
20989,2036,Savings,76984.66,INR,BR003,ACTIVE,2020-04-12,2026-09-10 11:36:56.646197,2026-09-10 11:36:56.646197
20990,1948,Savings,280632.44,INR,BR004,ACTIVE,2021-01-15,2026-09-10 11:36:56.646197,2026-09-10 11:36:56.646197
20991,2421,Savings,85297.53,INR,BR001,ACTIVE,2020-01-29,2026-09-10 11:36:56.646197,2026-09-10 11:36:56.646197
20992,2365,Current,78226.18,INR,BR001,ACTIVE,2022-03-31,2026-09-10 11:36:56.646197,2026-09-10 11:36:56.646197
20993,1752,Savings,386367.77,INR,BR003,ACTIVE,2020-04-24,2026-09-10 11:36:56.646197,2026-09-10 11:36:56.646197
20994,1950,Savings,133996.15,INR,BR003,ACTIVE,2022-04-19,2026-09-10 11:36:56.646197,2026-09-10 11:36:56.646197
20995,3421,Current,188508.79,INR,BR003,ACTIVE,2021-08-27,2026-09-10 11:36:56.646197,2026-09-10 11:36:56.646197
20996,4450,Current,365279.01,INR,BR004,ACTIVE,2021-01-02,2026-09-10 11:36:56.646197,2026-09-10 11:36:56.646197
20997,2249,Current,90580.28,INR,BR004,ACTIVE,2023-09-17,2026-09-10 11:36:56.646197,2026-09-10 11:36:56.646197
20998,2206,Savings,266336.77,INR,BR002,ACTIVE,2024-07-12,2026-09-10 11:36:56.646197,2026-09-10 11:36:56.646197
20999,2321,Current,458992.01,INR,BR002,ACTIVE,2023-05-01,2026-09-10 11:36:56.646197,2026-09-10 11:36:56.646197
21000,4888,Savings,277359.58,INR,BR002,ACTIVE,2022-01-23,2026-09-10 11:36:56.646197,2026-09-10 11:36:56.646197
21001,2331,Savings,25374.04,INR,BR003,ACTIVE,2020-08-28,2026-09-10 11:36:56.646197,2026-09-10 11:36:56.646197
21002,1431,Savings,295258.94,INR,BR004,ACTIVE,2023-10-07,2026-09-10 11:36:56.646197,2026-09-10 11:36:56.646197
21003,3738,Savings,45986.55,INR,BR004,ACTIVE,2024-04-02,2026-09-10 11:36:56.646197,2026-09-10 11:36:56.646197
21004,3166,Savings,141780.15,INR,BR002,ACTIVE,2020-10-17,2026-09-10 11:36:56.646197,2026-09-10 11:36:56.646197
21005,4424,Savings,424987.88,INR,BR003,ACTIVE,2024-08-18,2026-09-10 11:36:56.646197,2026-09-10 11:36:56.646197
21006,1588,Savings,6523.49,INR,BR001,ACTIVE,2020-12-27,2026-09-10 11:36:56.646197,2026-09-10 11:36:56.646197
21007,4118,Savings,39429.64,INR,BR003,ACTIVE,2022-03-03,2026-09-10 11:36:56.646197,2026-09-10 11:36:56.646197
21008,3275,Savings,182318.70,INR,BR003,ACTIVE,2023-07-11,2026-09-10 11:36:56.646197,2026-09-10 11:36:56.646197
21009,4428,Savings,499698.54,INR,BR002,ACTIVE,2022-06-27,2026-09-10 11:36:56.646197,2026-09-10 11:36:56.646197
21010,4366,Savings,146640.09,INR,BR004,ACTIVE,2024-06-08,2026-09-10 11:36:56.646197,2026-09-10 11:36:56.646197
21011,2264,Savings,79480.03,INR,BR004,ACTIVE,2021-05-08,2026-09-10 11:36:56.646197,2026-09-10 11:36:56.646197
21012,3396,Savings,275161.64,INR,BR001,ACTIVE,2023-04-06,2026-09-10 11:36:56.646197,2026-09-10 11:36:56.646197
21013,1141,Savings,260108.26,INR,BR004,ACTIVE,2020-04-14,2026-09-10 11:36:56.646197,2026-09-10 11:36:56.646197
21014,1204,Savings,225360.17,INR,BR004,ACTIVE,2024-11-03,2026-09-10 11:36:56.646197,2026-09-10 11:36:56.646197
21015,4734,Savings,473380.22,INR,BR001,ACTIVE,2024-03-11,2026-09-10 11:36:56.646197,2026-09-10 11:36:56.646197
21016,2004,Savings,140794.54,INR,BR001,ACTIVE,2024-03-12,2026-09-10 11:36:56.646197,2026-09-10 11:36:56.646197
21017,2666,Savings,147368.79,INR,BR002,ACTIVE,2025-01-15,2026-09-10 11:36:56.646197,2026-09-10 11:36:56.646197
21018,1861,Savings,70988.23,INR,BR002,ACTIVE,2020-03-06,2026-09-10 11:36:56.646197,2026-09-10 11:36:56.646197
21019,1845,Savings,348946.72,INR,BR002,ACTIVE,2022-08-29,2026-09-10 11:36:56.646197,2026-09-10 11:36:56.646197
21020,4043,Current,161363.37,INR,BR002,ACTIVE,2021-12-09,2026-09-10 11:36:56.646197,2026-09-10 11:36:56.646197
21021,4341,Savings,401567.41,INR,BR004,ACTIVE,2021-02-19,2026-09-10 11:36:56.646197,2026-09-10 11:36:56.646197
21022,3361,Savings,485907.18,INR,BR002,ACTIVE,2021-11-09,2026-09-10 11:36:56.646197,2026-09-10 11:36:56.646197
21023,4490,Current,22798.94,INR,BR003,ACTIVE,2024-10-08,2026-09-10 11:36:56.646197,2026-09-10 11:36:56.646197
21024,2939,Current,496567.82,INR,BR001,ACTIVE,2020-11-06,2026-09-10 11:36:56.646197,2026-09-10 11:36:56.646197
21025,1137,Savings,127798.01,INR,BR002,ACTIVE,2021-11-27,2026-09-10 11:36:56.646197,2026-09-10 11:36:56.646197
21026,2652,Savings,210635.07,INR,BR001,ACTIVE,2024-10-13,2026-09-10 11:36:56.646197,2026-09-10 11:36:56.646197
21027,3399,Savings,389093.93,INR,BR004,ACTIVE,2021-12-29,2026-09-10 11:36:56.646197,2026-09-10 11:36:56.646197
21028,4233,Savings,333000.24,INR,BR002,ACTIVE,2021-08-30,2026-09-10 11:36:56.646197,2026-09-10 11:36:56.646197
21029,2691,Savings,389440.02,INR,BR003,ACTIVE,2024-07-29,2026-09-10 11:36:56.646197,2026-09-10 11:36:56.646197
21030,3221,Savings,233699.68,INR,BR001,ACTIVE,2024-04-30,2026-09-10 11:36:56.646197,2026-09-10 11:36:56.646197
21031,2154,Current,458117.47,INR,BR002,ACTIVE,2024-09-29,2026-09-10 11:36:56.646197,2026-09-10 11:36:56.646197
21032,1079,Current,395180.46,INR,BR003,ACTIVE,2024-02-02,2026-09-10 11:36:56.646197,2026-09-10 11:36:56.646197
21033,1979,Current,155304.76,INR,BR004,ACTIVE,2023-01-31,2026-09-10 11:36:56.646197,2026-09-10 11:36:56.646197
21034,1569,Savings,474291.63,INR,BR003,ACTIVE,2023-09-04,2026-09-10 11:36:56.646197,2026-09-10 11:36:56.646197
21035,3911,Savings,480566.04,INR,BR004,ACTIVE,2024-02-10,2026-09-10 11:36:56.646197,2026-09-10 11:36:56.646197
21036,3105,Savings,208111.72,INR,BR001,ACTIVE,2023-08-09,2026-09-10 11:36:56.646197,2026-09-10 11:36:56.646197
21037,4472,Savings,326328.28,INR,BR002,ACTIVE,2020-01-16,2026-09-10 11:36:56.646197,2026-09-10 11:36:56.646197
21038,3411,Savings,407569.50,INR,BR003,ACTIVE,2023-01-18,2026-09-10 11:36:56.646197,2026-09-10 11:36:56.646197
21039,4407,Savings,408833.06,INR,BR003,ACTIVE,2022-09-23,2026-09-10 11:36:56.646197,2026-09-10 11:36:56.646197
21040,1134,Current,8047.65,INR,BR003,ACTIVE,2022-04-13,2026-09-10 11:36:56.646197,2026-09-10 11:36:56.646197
21041,3062,Current,314877.80,INR,BR004,ACTIVE,2020-10-06,2026-09-10 11:36:56.646197,2026-09-10 11:36:56.646197
21042,1283,Savings,486875.95,INR,BR001,ACTIVE,2021-08-19,2026-09-10 11:36:56.646197,2026-09-10 11:36:56.646197
21043,3854,Savings,116442.23,INR,BR001,ACTIVE,2020-12-30,2026-09-10 11:36:56.646197,2026-09-10 11:36:56.646197
21044,4731,Savings,398008.82,INR,BR002,ACTIVE,2024-04-21,2026-09-10 11:36:56.646197,2026-09-10 11:36:56.646197
21045,4493,Current,267589.56,INR,BR002,ACTIVE,2022-08-15,2026-09-10 11:36:56.646197,2026-09-10 11:36:56.646197
21046,1127,Savings,111513.64,INR,BR001,ACTIVE,2024-05-26,2026-09-10 11:36:56.646197,2026-09-10 11:36:56.646197
21047,3027,Current,26467.95,INR,BR001,ACTIVE,2023-03-13,2026-09-10 11:36:56.646197,2026-09-10 11:36:56.646197
21048,2796,Savings,380200.93,INR,BR001,ACTIVE,2021-01-25,2026-09-10 11:36:56.646197,2026-09-10 11:36:56.646197
21049,2850,Current,158918.70,INR,BR003,ACTIVE,2021-05-02,2026-09-10 11:36:56.646197,2026-09-10 11:36:56.646197
21050,1218,Savings,188417.43,INR,BR004,ACTIVE,2020-08-20,2026-09-10 11:36:56.646197,2026-09-10 11:36:56.646197
21051,4977,Current,243130.30,INR,BR001,ACTIVE,2022-04-19,2026-09-10 11:36:56.646197,2026-09-10 11:36:56.646197
21052,1745,Current,254090.26,INR,BR002,ACTIVE,2024-12-25,2026-09-10 11:36:56.646197,2026-09-10 11:36:56.646197
21053,4953,Savings,103886.60,INR,BR004,ACTIVE,2024-07-06,2026-09-10 11:36:56.646197,2026-09-10 11:36:56.646197
21054,3728,Savings,335650.35,INR,BR003,ACTIVE,2024-06-01,2026-09-10 11:36:56.646197,2026-09-10 11:36:56.646197
21055,4727,Current,346577.45,INR,BR004,ACTIVE,2022-02-01,2026-09-10 11:36:56.646197,2026-09-10 11:36:56.646197
21056,4561,Savings,72008.16,INR,BR001,ACTIVE,2022-12-20,2026-09-10 11:36:56.646197,2026-09-10 11:36:56.646197
21057,4045,Savings,266921.86,INR,BR004,ACTIVE,2024-10-06,2026-09-10 11:36:56.646197,2026-09-10 11:36:56.646197
21058,1260,Current,305020.41,INR,BR002,ACTIVE,2021-11-11,2026-09-10 11:36:56.646197,2026-09-10 11:36:56.646197
21059,2242,Current,93939.52,INR,BR004,ACTIVE,2023-10-12,2026-09-10 11:36:56.646197,2026-09-10 11:36:56.646197
21060,2844,Savings,447336.60,INR,BR001,ACTIVE,2021-03-21,2026-09-10 11:36:56.646197,2026-09-10 11:36:56.646197
21061,2682,Savings,241930.10,INR,BR004,ACTIVE,2022-02-09,2026-09-10 11:36:56.646197,2026-09-10 11:36:56.646197
21062,2513,Savings,58399.15,INR,BR004,ACTIVE,2025-01-01,2026-09-10 11:36:56.646197,2026-09-10 11:36:56.646197
21063,2467,Savings,167863.69,INR,BR004,ACTIVE,2023-06-04,2026-09-10 11:36:56.646197,2026-09-10 11:36:56.646197
21064,1099,Current,239003.26,INR,BR002,ACTIVE,2023-09-14,2026-09-10 11:36:56.646197,2026-09-10 11:36:56.646197
21065,1182,Savings,6061.93,INR,BR004,ACTIVE,2020-07-18,2026-09-10 11:36:56.646197,2026-09-10 11:36:56.646197
21066,3217,Current,16923.03,INR,BR004,ACTIVE,2020-12-21,2026-09-10 11:36:56.646197,2026-09-10 11:36:56.646197
21067,3281,Savings,28704.78,INR,BR003,ACTIVE,2023-05-07,2026-09-10 11:36:56.646197,2026-09-10 11:36:56.646197
21068,1956,Savings,269529.48,INR,BR004,ACTIVE,2020-11-19,2026-09-10 11:36:56.646197,2026-09-10 11:36:56.646197
21069,2117,Current,168708.01,INR,BR004,ACTIVE,2022-11-20,2026-09-10 11:36:56.646197,2026-09-10 11:36:56.646197
21070,4701,Savings,446658.92,INR,BR003,ACTIVE,2021-06-05,2026-09-10 11:36:56.646197,2026-09-10 11:36:56.646197
21071,1472,Savings,280057.70,INR,BR002,ACTIVE,2023-12-03,2026-09-10 11:36:56.646197,2026-09-10 11:36:56.646197
21072,2540,Current,380188.27,INR,BR002,ACTIVE,2024-01-19,2026-09-10 11:36:56.646197,2026-09-10 11:36:56.646197
21073,2109,Current,343879.46,INR,BR003,ACTIVE,2021-01-10,2026-09-10 11:36:56.646197,2026-09-10 11:36:56.646197
21074,1679,Savings,260640.04,INR,BR003,ACTIVE,2023-02-28,2026-09-10 11:36:56.646197,2026-09-10 11:36:56.646197
21075,2543,Savings,372615.50,INR,BR004,ACTIVE,2023-01-08,2026-09-10 11:36:56.646197,2026-09-10 11:36:56.646197
21076,1381,Savings,272808.15,INR,BR002,ACTIVE,2024-05-10,2026-09-10 11:36:56.646197,2026-09-10 11:36:56.646197
21077,4479,Current,193342.70,INR,BR002,ACTIVE,2021-01-06,2026-09-10 11:36:56.646197,2026-09-10 11:36:56.646197
21078,2256,Current,218466.61,INR,BR004,ACTIVE,2021-05-12,2026-09-10 11:36:56.646197,2026-09-10 11:36:56.646197
21079,3299,Savings,419412.17,INR,BR001,ACTIVE,2022-10-31,2026-09-10 11:36:56.646197,2026-09-10 11:36:56.646197
21080,4157,Savings,282073.51,INR,BR004,ACTIVE,2024-03-29,2026-09-10 11:36:56.646197,2026-09-10 11:36:56.646197
21081,3367,Current,189270.78,INR,BR001,ACTIVE,2020-02-21,2026-09-10 11:36:56.646197,2026-09-10 11:36:56.646197
21082,3241,Savings,90691.83,INR,BR004,ACTIVE,2023-06-02,2026-09-10 11:36:56.646197,2026-09-10 11:36:56.646197
21083,2659,Current,248183.56,INR,BR003,ACTIVE,2023-07-05,2026-09-10 11:36:56.646197,2026-09-10 11:36:56.646197
21084,3985,Current,126949.65,INR,BR004,ACTIVE,2023-07-17,2026-09-10 11:36:56.646197,2026-09-10 11:36:56.646197
21085,3649,Current,477834.36,INR,BR003,ACTIVE,2023-10-01,2026-09-10 11:36:56.646197,2026-09-10 11:36:56.646197
21086,3655,Savings,246000.06,INR,BR001,ACTIVE,2022-01-24,2026-09-10 11:36:56.646197,2026-09-10 11:36:56.646197
21087,4959,Savings,5465.19,INR,BR001,ACTIVE,2023-06-13,2026-09-10 11:36:56.646197,2026-09-10 11:36:56.646197
21088,4372,Savings,47345.72,INR,BR003,ACTIVE,2025-01-09,2026-09-10 11:36:56.646197,2026-09-10 11:36:56.646197
21089,4430,Savings,142877.92,INR,BR003,ACTIVE,2020-01-26,2026-09-10 11:36:56.646197,2026-09-10 11:36:56.646197
21090,2581,Savings,46989.26,INR,BR002,ACTIVE,2020-06-16,2026-09-10 11:36:56.646197,2026-09-10 11:36:56.646197
21091,1765,Savings,447087.15,INR,BR002,ACTIVE,2023-05-14,2026-09-10 11:36:56.646197,2026-09-10 11:36:56.646197
21092,4525,Savings,427321.43,INR,BR004,ACTIVE,2020-01-12,2026-09-10 11:36:56.646197,2026-09-10 11:36:56.646197
21093,3933,Savings,485459.89,INR,BR003,ACTIVE,2020-06-30,2026-09-10 11:36:56.646197,2026-09-10 11:36:56.646197
21094,1991,Savings,353526.34,INR,BR001,ACTIVE,2023-01-23,2026-09-10 11:36:56.646197,2026-09-10 11:36:56.646197
21095,2587,Current,323086.81,INR,BR002,ACTIVE,2022-07-30,2026-09-10 11:36:56.646197,2026-09-10 11:36:56.646197
21096,3554,Savings,461824.82,INR,BR003,ACTIVE,2023-01-23,2026-09-10 11:36:56.646197,2026-09-10 11:36:56.646197
21097,3113,Savings,473250.18,INR,BR001,ACTIVE,2024-07-01,2026-09-10 11:36:56.646197,2026-09-10 11:36:56.646197
21098,4638,Savings,438866.43,INR,BR001,ACTIVE,2020-07-20,2026-09-10 11:36:56.646197,2026-09-10 11:36:56.646197
21099,3270,Savings,430874.95,INR,BR003,ACTIVE,2022-02-27,2026-09-10 11:36:56.646197,2026-09-10 11:36:56.646197
21100,1466,Current,336179.92,INR,BR004,ACTIVE,2022-10-22,2026-09-10 11:36:56.646197,2026-09-10 11:36:56.646197
21101,3120,Savings,1801.37,INR,BR002,ACTIVE,2022-09-15,2026-09-10 11:36:56.646197,2026-09-10 11:36:56.646197
21102,1888,Savings,215329.01,INR,BR002,ACTIVE,2021-05-24,2026-09-10 11:36:56.646197,2026-09-10 11:36:56.646197
21103,3522,Savings,318195.72,INR,BR003,ACTIVE,2024-08-02,2026-09-10 11:36:56.646197,2026-09-10 11:36:56.646197
21104,4752,Current,274016.56,INR,BR004,ACTIVE,2022-01-31,2026-09-10 11:36:56.646197,2026-09-10 11:36:56.646197
21105,4770,Savings,410742.19,INR,BR001,ACTIVE,2021-11-20,2026-09-10 11:36:56.646197,2026-09-10 11:36:56.646197
21106,3703,Savings,409632.24,INR,BR004,ACTIVE,2021-07-01,2026-09-10 11:36:56.646197,2026-09-10 11:36:56.646197
21107,1019,Savings,299742.32,INR,BR002,ACTIVE,2021-10-01,2026-09-10 11:36:56.646197,2026-09-10 11:36:56.646197
21108,3570,Savings,11975.03,INR,BR003,ACTIVE,2020-12-24,2026-09-10 11:36:56.646197,2026-09-10 11:36:56.646197
21109,1784,Savings,185295.65,INR,BR002,ACTIVE,2021-07-11,2026-09-10 11:36:56.646197,2026-09-10 11:36:56.646197
21110,2707,Current,115179.48,INR,BR003,ACTIVE,2024-06-09,2026-09-10 11:36:56.646197,2026-09-10 11:36:56.646197
21111,1415,Savings,170055.27,INR,BR004,ACTIVE,2022-05-25,2026-09-10 11:36:56.646197,2026-09-10 11:36:56.646197
21112,1364,Current,309029.03,INR,BR002,ACTIVE,2024-04-30,2026-09-10 11:36:56.646197,2026-09-10 11:36:56.646197
21113,3576,Savings,34164.49,INR,BR004,ACTIVE,2020-03-15,2026-09-10 11:36:56.646197,2026-09-10 11:36:56.646197
21114,2104,Savings,12098.78,INR,BR002,ACTIVE,2020-12-20,2026-09-10 11:36:56.646197,2026-09-10 11:36:56.646197
21115,1796,Current,218999.59,INR,BR004,ACTIVE,2023-03-29,2026-09-10 11:36:56.646197,2026-09-10 11:36:56.646197
21116,2214,Savings,396993.34,INR,BR002,ACTIVE,2024-08-15,2026-09-10 11:36:56.646197,2026-09-10 11:36:56.646197
21117,2172,Savings,16318.59,INR,BR003,ACTIVE,2022-11-17,2026-09-10 11:36:56.646197,2026-09-10 11:36:56.646197
21118,2699,Current,424675.24,INR,BR004,ACTIVE,2021-03-31,2026-09-10 11:36:56.646197,2026-09-10 11:36:56.646197
21119,1443,Current,192555.94,INR,BR004,ACTIVE,2022-06-18,2026-09-10 11:36:56.646197,2026-09-10 11:36:56.646197
21120,3313,Savings,59999.48,INR,BR003,ACTIVE,2023-07-21,2026-09-10 11:36:56.646197,2026-09-10 11:36:56.646197
21121,4944,Savings,284181.37,INR,BR001,ACTIVE,2022-12-20,2026-09-10 11:36:56.646197,2026-09-10 11:36:56.646197
21122,1650,Savings,476227.92,INR,BR002,ACTIVE,2021-05-25,2026-09-10 11:36:56.646197,2026-09-10 11:36:56.646197
21123,1509,Savings,271713.94,INR,BR002,ACTIVE,2020-10-06,2026-09-10 11:36:56.646197,2026-09-10 11:36:56.646197
21124,4373,Savings,343630.74,INR,BR003,ACTIVE,2022-02-06,2026-09-10 11:36:56.646197,2026-09-10 11:36:56.646197
21125,1466,Savings,408394.22,INR,BR002,ACTIVE,2022-12-14,2026-09-10 11:36:56.646197,2026-09-10 11:36:56.646197
21126,3413,Savings,399870.72,INR,BR004,ACTIVE,2020-09-23,2026-09-10 11:36:56.646197,2026-09-10 11:36:56.646197
21127,2423,Savings,37486.25,INR,BR004,ACTIVE,2021-07-06,2026-09-10 11:36:56.646197,2026-09-10 11:36:56.646197
21128,3541,Current,370756.71,INR,BR003,ACTIVE,2023-09-18,2026-09-10 11:36:56.646197,2026-09-10 11:36:56.646197
21129,3590,Savings,474775.33,INR,BR004,ACTIVE,2020-01-15,2026-09-10 11:36:56.646197,2026-09-10 11:36:56.646197
21130,2840,Savings,350625.46,INR,BR001,ACTIVE,2021-03-25,2026-09-10 11:36:56.646197,2026-09-10 11:36:56.646197
21131,2504,Current,418385.00,INR,BR002,ACTIVE,2024-08-03,2026-09-10 11:36:56.646197,2026-09-10 11:36:56.646197
21132,4240,Savings,243289.30,INR,BR003,ACTIVE,2024-12-02,2026-09-10 11:36:56.646197,2026-09-10 11:36:56.646197
21133,2627,Savings,160215.59,INR,BR003,ACTIVE,2020-08-16,2026-09-10 11:36:56.646197,2026-09-10 11:36:56.646197
21134,2115,Savings,338443.37,INR,BR002,ACTIVE,2021-12-22,2026-09-10 11:36:56.646197,2026-09-10 11:36:56.646197
21135,1723,Current,246607.79,INR,BR001,ACTIVE,2022-07-13,2026-09-10 11:36:56.646197,2026-09-10 11:36:56.646197
21136,1842,Savings,447749.14,INR,BR003,ACTIVE,2022-09-16,2026-09-10 11:36:56.646197,2026-09-10 11:36:56.646197
21137,3348,Savings,487216.60,INR,BR002,ACTIVE,2021-02-10,2026-09-10 11:36:56.646197,2026-09-10 11:36:56.646197
21138,3222,Current,410081.23,INR,BR001,ACTIVE,2021-07-27,2026-09-10 11:36:56.646197,2026-09-10 11:36:56.646197
21139,1646,Savings,496347.13,INR,BR003,ACTIVE,2024-05-01,2026-09-10 11:36:56.646197,2026-09-10 11:36:56.646197
21140,4445,Current,174836.93,INR,BR001,ACTIVE,2024-04-17,2026-09-10 11:36:56.646197,2026-09-10 11:36:56.646197
21141,1024,Savings,447981.93,INR,BR003,ACTIVE,2023-06-21,2026-09-10 11:36:56.646197,2026-09-10 11:36:56.646197
21142,4273,Current,165636.88,INR,BR002,ACTIVE,2022-12-10,2026-09-10 11:36:56.646197,2026-09-10 11:36:56.646197
21143,1731,Savings,59901.00,INR,BR002,ACTIVE,2024-08-11,2026-09-10 11:36:56.646197,2026-09-10 11:36:56.646197
21144,1007,Current,311065.47,INR,BR002,ACTIVE,2023-05-13,2026-09-10 11:36:56.646197,2026-09-10 11:36:56.646197
21145,4078,Current,228039.33,INR,BR001,ACTIVE,2021-03-20,2026-09-10 11:36:56.646197,2026-09-10 11:36:56.646197
21146,4702,Current,460927.92,INR,BR004,ACTIVE,2020-04-06,2026-09-10 11:36:56.646197,2026-09-10 11:36:56.646197
21147,4233,Savings,246604.75,INR,BR001,ACTIVE,2021-02-06,2026-09-10 11:36:56.646197,2026-09-10 11:36:56.646197
21148,2621,Current,463888.66,INR,BR002,ACTIVE,2021-03-05,2026-09-10 11:36:56.646197,2026-09-10 11:36:56.646197
21149,3926,Savings,40238.30,INR,BR003,ACTIVE,2023-08-27,2026-09-10 11:36:56.646197,2026-09-10 11:36:56.646197
21150,2272,Savings,415425.41,INR,BR004,ACTIVE,2021-10-24,2026-09-10 11:36:56.646197,2026-09-10 11:36:56.646197
21151,1166,Current,379798.02,INR,BR001,ACTIVE,2020-10-12,2026-09-10 11:36:56.646197,2026-09-10 11:36:56.646197
21152,1428,Savings,360269.16,INR,BR001,ACTIVE,2022-05-27,2026-09-10 11:36:56.646197,2026-09-10 11:36:56.646197
21153,3193,Savings,178212.79,INR,BR003,ACTIVE,2020-07-28,2026-09-10 11:36:56.646197,2026-09-10 11:36:56.646197
21154,2535,Savings,392096.06,INR,BR003,ACTIVE,2022-01-17,2026-09-10 11:36:56.646197,2026-09-10 11:36:56.646197
21155,4615,Savings,242164.99,INR,BR002,ACTIVE,2024-04-08,2026-09-10 11:36:56.646197,2026-09-10 11:36:56.646197
21156,1933,Savings,357886.55,INR,BR001,ACTIVE,2020-06-17,2026-09-10 11:36:56.646197,2026-09-10 11:36:56.646197
21157,3557,Savings,276561.35,INR,BR003,ACTIVE,2021-08-07,2026-09-10 11:36:56.646197,2026-09-10 11:36:56.646197
21158,3955,Savings,79562.41,INR,BR003,ACTIVE,2020-04-16,2026-09-10 11:36:56.646197,2026-09-10 11:36:56.646197
21159,4292,Savings,33214.74,INR,BR004,ACTIVE,2023-08-13,2026-09-10 11:36:56.646197,2026-09-10 11:36:56.646197
21160,3693,Current,183727.14,INR,BR002,ACTIVE,2023-12-29,2026-09-10 11:36:56.646197,2026-09-10 11:36:56.646197
21161,2600,Savings,466461.62,INR,BR002,ACTIVE,2021-11-18,2026-09-10 11:36:56.646197,2026-09-10 11:36:56.646197
21162,3124,Savings,265337.78,INR,BR001,ACTIVE,2021-04-02,2026-09-10 11:36:56.646197,2026-09-10 11:36:56.646197
21163,2667,Savings,401293.84,INR,BR003,ACTIVE,2024-06-26,2026-09-10 11:36:56.646197,2026-09-10 11:36:56.646197
21164,1824,Savings,288400.58,INR,BR002,ACTIVE,2021-03-31,2026-09-10 11:36:56.646197,2026-09-10 11:36:56.646197
21165,2343,Savings,478994.74,INR,BR001,ACTIVE,2023-04-18,2026-09-10 11:36:56.646197,2026-09-10 11:36:56.646197
21166,4945,Savings,185358.33,INR,BR002,ACTIVE,2020-08-05,2026-09-10 11:36:56.646197,2026-09-10 11:36:56.646197
21167,2062,Savings,29468.18,INR,BR001,ACTIVE,2021-02-27,2026-09-10 11:36:56.646197,2026-09-10 11:36:56.646197
21168,1566,Savings,390553.52,INR,BR003,ACTIVE,2021-03-18,2026-09-10 11:36:56.646197,2026-09-10 11:36:56.646197
21169,2666,Savings,353022.80,INR,BR002,ACTIVE,2020-03-11,2026-09-10 11:36:56.646197,2026-09-10 11:36:56.646197
21170,4802,Savings,264239.66,INR,BR001,ACTIVE,2020-12-26,2026-09-10 11:36:56.646197,2026-09-10 11:36:56.646197
21171,2538,Current,163869.23,INR,BR001,ACTIVE,2023-03-08,2026-09-10 11:36:56.646197,2026-09-10 11:36:56.646197
21172,4318,Savings,94944.31,INR,BR003,ACTIVE,2020-02-08,2026-09-10 11:36:56.646197,2026-09-10 11:36:56.646197
21173,2164,Savings,241655.75,INR,BR002,ACTIVE,2022-07-13,2026-09-10 11:36:56.646197,2026-09-10 11:36:56.646197
21174,4880,Current,333434.50,INR,BR001,ACTIVE,2021-11-10,2026-09-10 11:36:56.646197,2026-09-10 11:36:56.646197
21175,2282,Current,289864.33,INR,BR001,ACTIVE,2022-04-04,2026-09-10 11:36:56.646197,2026-09-10 11:36:56.646197
21176,3665,Savings,219307.76,INR,BR001,ACTIVE,2024-06-04,2026-09-10 11:36:56.646197,2026-09-10 11:36:56.646197
21177,3429,Savings,270307.53,INR,BR001,ACTIVE,2021-12-05,2026-09-10 11:36:56.646197,2026-09-10 11:36:56.646197
21178,3896,Savings,54869.51,INR,BR002,ACTIVE,2022-04-03,2026-09-10 11:36:56.646197,2026-09-10 11:36:56.646197
21179,4550,Savings,348224.21,INR,BR004,ACTIVE,2022-04-11,2026-09-10 11:36:56.646197,2026-09-10 11:36:56.646197
21180,2209,Savings,367393.77,INR,BR002,ACTIVE,2020-01-19,2026-09-10 11:36:56.646197,2026-09-10 11:36:56.646197
21181,1303,Savings,6714.85,INR,BR001,ACTIVE,2021-09-05,2026-09-10 11:36:56.646197,2026-09-10 11:36:56.646197
21182,2518,Current,135989.26,INR,BR002,ACTIVE,2020-06-27,2026-09-10 11:36:56.646197,2026-09-10 11:36:56.646197
21183,1756,Savings,46966.31,INR,BR002,ACTIVE,2022-02-13,2026-09-10 11:36:56.646197,2026-09-10 11:36:56.646197
21184,1164,Savings,499117.83,INR,BR003,ACTIVE,2020-11-30,2026-09-10 11:36:56.646197,2026-09-10 11:36:56.646197
21185,2668,Savings,297078.07,INR,BR003,ACTIVE,2020-09-20,2026-09-10 11:36:56.646197,2026-09-10 11:36:56.646197
21186,2227,Savings,233403.31,INR,BR001,ACTIVE,2020-05-15,2026-09-10 11:36:56.646197,2026-09-10 11:36:56.646197
21187,4480,Savings,232037.51,INR,BR004,ACTIVE,2021-07-09,2026-09-10 11:36:56.646197,2026-09-10 11:36:56.646197
21188,2234,Savings,482422.19,INR,BR003,ACTIVE,2023-03-23,2026-09-10 11:36:56.646197,2026-09-10 11:36:56.646197
21189,2883,Current,330267.96,INR,BR002,ACTIVE,2024-06-18,2026-09-10 11:36:56.646197,2026-09-10 11:36:56.646197
21190,3149,Current,85161.12,INR,BR001,ACTIVE,2023-06-18,2026-09-10 11:36:56.646197,2026-09-10 11:36:56.646197
21191,4518,Savings,224631.26,INR,BR004,ACTIVE,2022-11-10,2026-09-10 11:36:56.646197,2026-09-10 11:36:56.646197
21192,1898,Current,387324.22,INR,BR003,ACTIVE,2024-01-14,2026-09-10 11:36:56.646197,2026-09-10 11:36:56.646197
21193,1783,Savings,212251.68,INR,BR001,ACTIVE,2021-12-03,2026-09-10 11:36:56.646197,2026-09-10 11:36:56.646197
21194,2995,Savings,155457.18,INR,BR004,ACTIVE,2021-09-30,2026-09-10 11:36:56.646197,2026-09-10 11:36:56.646197
21195,2585,Savings,495616.82,INR,BR001,ACTIVE,2024-07-04,2026-09-10 11:36:56.646197,2026-09-10 11:36:56.646197
21196,3416,Savings,467882.93,INR,BR004,ACTIVE,2024-07-23,2026-09-10 11:36:56.646197,2026-09-10 11:36:56.646197
21197,4311,Savings,470838.62,INR,BR003,ACTIVE,2021-09-25,2026-09-10 11:36:56.646197,2026-09-10 11:36:56.646197
21198,1727,Savings,66704.59,INR,BR002,ACTIVE,2022-01-27,2026-09-10 11:36:56.646197,2026-09-10 11:36:56.646197
21199,4363,Current,117893.37,INR,BR002,ACTIVE,2022-04-13,2026-09-10 11:36:56.646197,2026-09-10 11:36:56.646197
21200,3420,Savings,221591.41,INR,BR003,ACTIVE,2021-04-12,2026-09-10 11:36:56.646197,2026-09-10 11:36:56.646197
21201,3910,Savings,416232.50,INR,BR003,ACTIVE,2022-08-04,2026-09-10 11:36:56.646197,2026-09-10 11:36:56.646197
21202,2455,Savings,368676.94,INR,BR003,ACTIVE,2022-03-25,2026-09-10 11:36:56.646197,2026-09-10 11:36:56.646197
21203,3328,Savings,424984.03,INR,BR004,ACTIVE,2022-06-21,2026-09-10 11:36:56.646197,2026-09-10 11:36:56.646197
21204,4539,Savings,460460.88,INR,BR004,ACTIVE,2024-11-07,2026-09-10 11:36:56.646197,2026-09-10 11:36:56.646197
21205,3364,Current,390602.65,INR,BR004,ACTIVE,2023-10-13,2026-09-10 11:36:56.646197,2026-09-10 11:36:56.646197
21206,3013,Savings,131623.24,INR,BR004,ACTIVE,2020-10-15,2026-09-10 11:36:56.646197,2026-09-10 11:36:56.646197
21207,2101,Savings,143437.40,INR,BR004,ACTIVE,2021-04-19,2026-09-10 11:36:56.646197,2026-09-10 11:36:56.646197
21208,1816,Savings,176891.35,INR,BR004,ACTIVE,2021-10-23,2026-09-10 11:36:56.646197,2026-09-10 11:36:56.646197
21209,1151,Savings,152234.61,INR,BR004,ACTIVE,2022-03-14,2026-09-10 11:36:56.646197,2026-09-10 11:36:56.646197
21210,4468,Savings,125300.38,INR,BR003,ACTIVE,2020-12-06,2026-09-10 11:36:56.646197,2026-09-10 11:36:56.646197
21211,2009,Savings,376490.54,INR,BR004,ACTIVE,2021-11-17,2026-09-10 11:36:56.646197,2026-09-10 11:36:56.646197
21212,2520,Savings,17961.53,INR,BR001,ACTIVE,2021-11-21,2026-09-10 11:36:56.646197,2026-09-10 11:36:56.646197
21213,2321,Savings,364468.48,INR,BR004,ACTIVE,2023-04-22,2026-09-10 11:36:56.646197,2026-09-10 11:36:56.646197
21214,1669,Savings,411958.32,INR,BR002,ACTIVE,2024-07-25,2026-09-10 11:36:56.646197,2026-09-10 11:36:56.646197
21215,4782,Savings,33955.98,INR,BR002,ACTIVE,2024-09-01,2026-09-10 11:36:56.646197,2026-09-10 11:36:56.646197
21216,4968,Savings,31861.71,INR,BR003,ACTIVE,2021-01-27,2026-09-10 11:36:56.646197,2026-09-10 11:36:56.646197
21217,1407,Savings,143446.44,INR,BR002,ACTIVE,2023-08-22,2026-09-10 11:36:56.646197,2026-09-10 11:36:56.646197
21218,3335,Savings,104945.10,INR,BR002,ACTIVE,2023-01-20,2026-09-10 11:36:56.646197,2026-09-10 11:36:56.646197
21219,4565,Current,290985.70,INR,BR002,ACTIVE,2024-09-01,2026-09-10 11:36:56.646197,2026-09-10 11:36:56.646197
21220,3965,Savings,338050.32,INR,BR003,ACTIVE,2023-08-13,2026-09-10 11:36:56.646197,2026-09-10 11:36:56.646197
21221,4608,Current,317436.86,INR,BR003,ACTIVE,2020-07-07,2026-09-10 11:36:56.646197,2026-09-10 11:36:56.646197
21222,4528,Current,179316.34,INR,BR004,ACTIVE,2021-02-07,2026-09-10 11:36:56.646197,2026-09-10 11:36:56.646197
21223,1492,Current,249700.52,INR,BR002,ACTIVE,2020-02-11,2026-09-10 11:36:56.646197,2026-09-10 11:36:56.646197
21224,2033,Current,320355.42,INR,BR004,ACTIVE,2022-03-10,2026-09-10 11:36:56.646197,2026-09-10 11:36:56.646197
21225,2942,Savings,60593.71,INR,BR003,ACTIVE,2021-06-04,2026-09-10 11:36:56.646197,2026-09-10 11:36:56.646197
21226,2156,Savings,115526.45,INR,BR004,ACTIVE,2024-05-18,2026-09-10 11:36:56.646197,2026-09-10 11:36:56.646197
21227,2101,Savings,445357.58,INR,BR004,ACTIVE,2020-03-07,2026-09-10 11:36:56.646197,2026-09-10 11:36:56.646197
21228,3786,Savings,171820.86,INR,BR002,ACTIVE,2023-03-30,2026-09-10 11:36:56.646197,2026-09-10 11:36:56.646197
21229,3179,Savings,400777.03,INR,BR003,ACTIVE,2021-05-04,2026-09-10 11:36:56.646197,2026-09-10 11:36:56.646197
21230,1997,Savings,126243.89,INR,BR002,ACTIVE,2022-02-21,2026-09-10 11:36:56.646197,2026-09-10 11:36:56.646197
21231,2912,Savings,21778.54,INR,BR004,ACTIVE,2022-05-21,2026-09-10 11:36:56.646197,2026-09-10 11:36:56.646197
21232,2436,Savings,250699.90,INR,BR003,ACTIVE,2021-08-07,2026-09-10 11:36:56.646197,2026-09-10 11:36:56.646197
21233,2114,Current,446348.54,INR,BR004,ACTIVE,2022-03-06,2026-09-10 11:36:56.646197,2026-09-10 11:36:56.646197
21234,3546,Current,409822.99,INR,BR004,ACTIVE,2021-02-02,2026-09-10 11:36:56.646197,2026-09-10 11:36:56.646197
21235,4701,Savings,127216.65,INR,BR002,ACTIVE,2021-01-05,2026-09-10 11:36:56.646197,2026-09-10 11:36:56.646197
21236,3670,Savings,455057.95,INR,BR003,ACTIVE,2023-11-07,2026-09-10 11:36:56.646197,2026-09-10 11:36:56.646197
21237,1889,Savings,240378.23,INR,BR003,ACTIVE,2024-04-18,2026-09-10 11:36:56.646197,2026-09-10 11:36:56.646197
21238,1354,Savings,25450.50,INR,BR002,ACTIVE,2024-10-27,2026-09-10 11:36:56.646197,2026-09-10 11:36:56.646197
21239,3319,Current,14934.39,INR,BR001,ACTIVE,2024-08-22,2026-09-10 11:36:56.646197,2026-09-10 11:36:56.646197
21240,2416,Savings,243071.75,INR,BR002,ACTIVE,2024-05-18,2026-09-10 11:36:56.646197,2026-09-10 11:36:56.646197
21241,1432,Savings,273615.11,INR,BR002,ACTIVE,2023-02-27,2026-09-10 11:36:56.646197,2026-09-10 11:36:56.646197
21242,1739,Savings,40876.55,INR,BR001,ACTIVE,2020-06-14,2026-09-10 11:36:56.646197,2026-09-10 11:36:56.646197
21243,3520,Savings,461198.09,INR,BR003,ACTIVE,2021-06-23,2026-09-10 11:36:56.646197,2026-09-10 11:36:56.646197
21244,2780,Savings,359390.20,INR,BR001,ACTIVE,2020-07-20,2026-09-10 11:36:56.646197,2026-09-10 11:36:56.646197
21245,2332,Savings,400839.90,INR,BR004,ACTIVE,2020-06-19,2026-09-10 11:36:56.646197,2026-09-10 11:36:56.646197
21246,1508,Current,292427.60,INR,BR004,ACTIVE,2023-09-22,2026-09-10 11:36:56.646197,2026-09-10 11:36:56.646197
21247,1055,Savings,332108.49,INR,BR002,ACTIVE,2022-04-28,2026-09-10 11:36:56.646197,2026-09-10 11:36:56.646197
21248,3085,Savings,194542.25,INR,BR004,ACTIVE,2020-03-09,2026-09-10 11:36:56.646197,2026-09-10 11:36:56.646197
21249,1900,Savings,339969.25,INR,BR001,ACTIVE,2023-04-15,2026-09-10 11:36:56.646197,2026-09-10 11:36:56.646197
21250,3103,Savings,489113.26,INR,BR004,ACTIVE,2021-04-07,2026-09-10 11:36:56.646197,2026-09-10 11:36:56.646197
21251,1524,Current,324210.24,INR,BR003,ACTIVE,2020-09-03,2026-09-10 11:36:56.646197,2026-09-10 11:36:56.646197
21252,3963,Savings,171475.23,INR,BR002,ACTIVE,2020-07-13,2026-09-10 11:36:56.646197,2026-09-10 11:36:56.646197
21253,1463,Current,143334.32,INR,BR002,ACTIVE,2021-11-26,2026-09-10 11:36:56.646197,2026-09-10 11:36:56.646197
21254,1697,Current,481709.62,INR,BR003,ACTIVE,2020-03-04,2026-09-10 11:36:56.646197,2026-09-10 11:36:56.646197
21255,2502,Current,93316.15,INR,BR003,ACTIVE,2023-12-24,2026-09-10 11:36:56.646197,2026-09-10 11:36:56.646197
21256,2773,Savings,403292.11,INR,BR002,ACTIVE,2023-06-13,2026-09-10 11:36:56.646197,2026-09-10 11:36:56.646197
21257,4877,Savings,233165.88,INR,BR003,ACTIVE,2024-07-09,2026-09-10 11:36:56.646197,2026-09-10 11:36:56.646197
21258,1716,Current,222436.12,INR,BR004,ACTIVE,2020-11-01,2026-09-10 11:36:56.646197,2026-09-10 11:36:56.646197
21259,2235,Current,374021.36,INR,BR004,ACTIVE,2021-06-12,2026-09-10 11:36:56.646197,2026-09-10 11:36:56.646197
21260,4298,Savings,74871.18,INR,BR004,ACTIVE,2024-11-06,2026-09-10 11:36:56.646197,2026-09-10 11:36:56.646197
21261,4079,Savings,233681.67,INR,BR004,ACTIVE,2023-01-29,2026-09-10 11:36:56.646197,2026-09-10 11:36:56.646197
21262,3780,Savings,18881.01,INR,BR001,ACTIVE,2021-02-02,2026-09-10 11:36:56.646197,2026-09-10 11:36:56.646197
21263,2847,Current,335533.00,INR,BR001,ACTIVE,2022-04-27,2026-09-10 11:36:56.646197,2026-09-10 11:36:56.646197
21264,4612,Savings,30130.26,INR,BR001,ACTIVE,2020-03-31,2026-09-10 11:36:56.646197,2026-09-10 11:36:56.646197
21265,1989,Savings,44557.11,INR,BR001,ACTIVE,2024-10-03,2026-09-10 11:36:56.646197,2026-09-10 11:36:56.646197
21266,2829,Savings,422568.36,INR,BR004,ACTIVE,2024-11-12,2026-09-10 11:36:56.646197,2026-09-10 11:36:56.646197
21267,1212,Savings,222034.64,INR,BR004,ACTIVE,2021-06-27,2026-09-10 11:36:56.646197,2026-09-10 11:36:56.646197
21268,4261,Savings,101286.87,INR,BR003,ACTIVE,2020-03-16,2026-09-10 11:36:56.646197,2026-09-10 11:36:56.646197
21269,4147,Savings,296699.70,INR,BR001,ACTIVE,2021-05-28,2026-09-10 11:36:56.646197,2026-09-10 11:36:56.646197
21270,1754,Savings,260122.35,INR,BR001,ACTIVE,2020-03-19,2026-09-10 11:36:56.646197,2026-09-10 11:36:56.646197
21271,4186,Savings,206043.26,INR,BR002,ACTIVE,2023-03-01,2026-09-10 11:36:56.646197,2026-09-10 11:36:56.646197
21272,4751,Savings,452803.12,INR,BR003,ACTIVE,2024-10-21,2026-09-10 11:36:56.646197,2026-09-10 11:36:56.646197
21273,4690,Savings,374979.54,INR,BR004,ACTIVE,2020-11-06,2026-09-10 11:36:56.646197,2026-09-10 11:36:56.646197
21274,4223,Savings,76644.84,INR,BR003,ACTIVE,2022-02-24,2026-09-10 11:36:56.646197,2026-09-10 11:36:56.646197
21275,1436,Savings,285816.55,INR,BR003,ACTIVE,2020-02-06,2026-09-10 11:36:56.646197,2026-09-10 11:36:56.646197
21276,2902,Savings,45283.21,INR,BR002,ACTIVE,2022-07-04,2026-09-10 11:36:56.646197,2026-09-10 11:36:56.646197
21277,1084,Savings,123082.33,INR,BR002,ACTIVE,2024-09-06,2026-09-10 11:36:56.646197,2026-09-10 11:36:56.646197
21278,2236,Current,455020.31,INR,BR003,ACTIVE,2024-12-10,2026-09-10 11:36:56.646197,2026-09-10 11:36:56.646197
21279,1779,Current,231577.88,INR,BR001,ACTIVE,2022-06-07,2026-09-10 11:36:56.646197,2026-09-10 11:36:56.646197
21280,1834,Savings,446160.94,INR,BR004,ACTIVE,2024-02-21,2026-09-10 11:36:56.646197,2026-09-10 11:36:56.646197
21281,4853,Savings,83833.48,INR,BR002,ACTIVE,2023-05-26,2026-09-10 11:36:56.646197,2026-09-10 11:36:56.646197
21282,3509,Savings,103465.53,INR,BR002,ACTIVE,2023-08-12,2026-09-10 11:36:56.646197,2026-09-10 11:36:56.646197
21283,2961,Current,177059.54,INR,BR004,ACTIVE,2022-05-07,2026-09-10 11:36:56.646197,2026-09-10 11:36:56.646197
21284,1177,Savings,183796.50,INR,BR002,ACTIVE,2020-07-01,2026-09-10 11:36:56.646197,2026-09-10 11:36:56.646197
21285,2807,Savings,372893.36,INR,BR003,ACTIVE,2024-01-15,2026-09-10 11:36:56.646197,2026-09-10 11:36:56.646197
21286,3360,Current,300105.87,INR,BR004,ACTIVE,2020-12-05,2026-09-10 11:36:56.646197,2026-09-10 11:36:56.646197
21287,2718,Savings,277071.46,INR,BR001,ACTIVE,2022-05-26,2026-09-10 11:36:56.646197,2026-09-10 11:36:56.646197
21288,4231,Savings,301585.38,INR,BR002,ACTIVE,2020-03-13,2026-09-10 11:36:56.646197,2026-09-10 11:36:56.646197
21289,2725,Savings,366363.49,INR,BR002,ACTIVE,2024-10-31,2026-09-10 11:36:56.646197,2026-09-10 11:36:56.646197
21290,1186,Savings,446515.50,INR,BR003,ACTIVE,2023-12-21,2026-09-10 11:36:56.646197,2026-09-10 11:36:56.646197
21291,2495,Current,207955.24,INR,BR001,ACTIVE,2021-02-15,2026-09-10 11:36:56.646197,2026-09-10 11:36:56.646197
21292,2980,Savings,401660.05,INR,BR002,ACTIVE,2022-11-01,2026-09-10 11:36:56.646197,2026-09-10 11:36:56.646197
21293,2333,Savings,248053.34,INR,BR004,ACTIVE,2020-09-03,2026-09-10 11:36:56.646197,2026-09-10 11:36:56.646197
21294,1246,Savings,361317.04,INR,BR004,ACTIVE,2024-05-05,2026-09-10 11:36:56.646197,2026-09-10 11:36:56.646197
21295,2853,Savings,437537.07,INR,BR003,ACTIVE,2022-10-16,2026-09-10 11:36:56.646197,2026-09-10 11:36:56.646197
21296,4065,Savings,17075.20,INR,BR003,ACTIVE,2024-05-08,2026-09-10 11:36:56.646197,2026-09-10 11:36:56.646197
21297,1384,Savings,273768.25,INR,BR002,ACTIVE,2021-07-25,2026-09-10 11:36:56.646197,2026-09-10 11:36:56.646197
21298,4114,Savings,494700.93,INR,BR003,ACTIVE,2022-12-27,2026-09-10 11:36:56.646197,2026-09-10 11:36:56.646197
21299,1285,Savings,248615.98,INR,BR004,ACTIVE,2024-02-09,2026-09-10 11:36:56.646197,2026-09-10 11:36:56.646197
21300,4028,Savings,432287.54,INR,BR003,ACTIVE,2022-09-02,2026-09-10 11:36:56.646197,2026-09-10 11:36:56.646197
21301,1988,Savings,93764.03,INR,BR004,ACTIVE,2022-06-22,2026-09-10 11:36:56.646197,2026-09-10 11:36:56.646197
21302,4995,Savings,302539.26,INR,BR002,ACTIVE,2020-09-27,2026-09-10 11:36:56.646197,2026-09-10 11:36:56.646197
21303,1300,Savings,435282.68,INR,BR004,ACTIVE,2024-01-01,2026-09-10 11:36:56.646197,2026-09-10 11:36:56.646197
21304,1901,Savings,216335.03,INR,BR003,ACTIVE,2022-08-21,2026-09-10 11:36:56.646197,2026-09-10 11:36:56.646197
21305,2460,Savings,243874.31,INR,BR004,ACTIVE,2020-01-08,2026-09-10 11:36:56.646197,2026-09-10 11:36:56.646197
21306,2393,Savings,41926.93,INR,BR004,ACTIVE,2022-12-17,2026-09-10 11:36:56.646197,2026-09-10 11:36:56.646197
21307,3922,Savings,22043.87,INR,BR001,ACTIVE,2020-02-15,2026-09-10 11:36:56.646197,2026-09-10 11:36:56.646197
21308,3534,Savings,234885.44,INR,BR001,ACTIVE,2020-04-05,2026-09-10 11:36:56.646197,2026-09-10 11:36:56.646197
21309,3484,Savings,421894.19,INR,BR002,ACTIVE,2023-02-05,2026-09-10 11:36:56.646197,2026-09-10 11:36:56.646197
21310,1806,Savings,465730.81,INR,BR004,ACTIVE,2022-06-20,2026-09-10 11:36:56.646197,2026-09-10 11:36:56.646197
21311,4500,Savings,329667.85,INR,BR004,ACTIVE,2021-04-16,2026-09-10 11:36:56.646197,2026-09-10 11:36:56.646197
21312,3229,Savings,413372.90,INR,BR004,ACTIVE,2023-08-14,2026-09-10 11:36:56.646197,2026-09-10 11:36:56.646197
21313,3931,Savings,367692.23,INR,BR001,ACTIVE,2020-04-19,2026-09-10 11:36:56.646197,2026-09-10 11:36:56.646197
21314,2922,Current,351041.43,INR,BR004,ACTIVE,2021-07-03,2026-09-10 11:36:56.646197,2026-09-10 11:36:56.646197
21315,1877,Current,384747.52,INR,BR001,ACTIVE,2021-05-11,2026-09-10 11:36:56.646197,2026-09-10 11:36:56.646197
21316,1694,Savings,253146.17,INR,BR002,ACTIVE,2023-02-12,2026-09-10 11:36:56.646197,2026-09-10 11:36:56.646197
21317,3388,Current,229511.11,INR,BR004,ACTIVE,2022-02-16,2026-09-10 11:36:56.646197,2026-09-10 11:36:56.646197
21318,3539,Savings,80412.62,INR,BR004,ACTIVE,2023-09-22,2026-09-10 11:36:56.646197,2026-09-10 11:36:56.646197
21319,3543,Savings,422063.84,INR,BR003,ACTIVE,2024-05-09,2026-09-10 11:36:56.646197,2026-09-10 11:36:56.646197
21320,2997,Savings,23262.33,INR,BR001,ACTIVE,2022-02-10,2026-09-10 11:36:56.646197,2026-09-10 11:36:56.646197
21321,1730,Current,134454.62,INR,BR003,ACTIVE,2021-11-18,2026-09-10 11:36:56.646197,2026-09-10 11:36:56.646197
21322,2187,Savings,260438.16,INR,BR002,ACTIVE,2020-10-15,2026-09-10 11:36:56.646197,2026-09-10 11:36:56.646197
21323,2582,Savings,485827.46,INR,BR001,ACTIVE,2023-10-22,2026-09-10 11:36:56.646197,2026-09-10 11:36:56.646197
21324,3504,Current,393200.50,INR,BR004,ACTIVE,2024-03-02,2026-09-10 11:36:56.646197,2026-09-10 11:36:56.646197
21325,4164,Current,184966.94,INR,BR004,ACTIVE,2022-05-18,2026-09-10 11:36:56.646197,2026-09-10 11:36:56.646197
21326,1105,Savings,357260.25,INR,BR004,ACTIVE,2022-05-22,2026-09-10 11:36:56.646197,2026-09-10 11:36:56.646197
21327,3767,Savings,465753.32,INR,BR004,ACTIVE,2024-12-20,2026-09-10 11:36:56.646197,2026-09-10 11:36:56.646197
21328,1439,Savings,269902.84,INR,BR002,ACTIVE,2023-03-26,2026-09-10 11:36:56.646197,2026-09-10 11:36:56.646197
21329,2522,Savings,231508.16,INR,BR004,ACTIVE,2024-12-25,2026-09-10 11:36:56.646197,2026-09-10 11:36:56.646197
21330,2352,Current,276943.64,INR,BR004,ACTIVE,2020-03-01,2026-09-10 11:36:56.646197,2026-09-10 11:36:56.646197
21331,3699,Savings,156453.49,INR,BR004,ACTIVE,2022-11-18,2026-09-10 11:36:56.646197,2026-09-10 11:36:56.646197
21332,4613,Current,453767.06,INR,BR003,ACTIVE,2022-01-21,2026-09-10 11:36:56.646197,2026-09-10 11:36:56.646197
21333,1509,Savings,398843.62,INR,BR002,ACTIVE,2020-05-15,2026-09-10 11:36:56.646197,2026-09-10 11:36:56.646197
21334,1251,Savings,353036.57,INR,BR001,ACTIVE,2020-02-23,2026-09-10 11:36:56.646197,2026-09-10 11:36:56.646197
21335,4013,Savings,294956.95,INR,BR002,ACTIVE,2021-06-29,2026-09-10 11:36:56.646197,2026-09-10 11:36:56.646197
21336,2215,Savings,484767.91,INR,BR002,ACTIVE,2023-02-21,2026-09-10 11:36:56.646197,2026-09-10 11:36:56.646197
21337,3095,Savings,149555.16,INR,BR002,ACTIVE,2024-04-04,2026-09-10 11:36:56.646197,2026-09-10 11:36:56.646197
21338,1879,Savings,142284.45,INR,BR004,ACTIVE,2021-08-03,2026-09-10 11:36:56.646197,2026-09-10 11:36:56.646197
21339,2275,Savings,121827.03,INR,BR003,ACTIVE,2021-12-03,2026-09-10 11:36:56.646197,2026-09-10 11:36:56.646197
21340,2018,Savings,371146.22,INR,BR003,ACTIVE,2022-11-28,2026-09-10 11:36:56.646197,2026-09-10 11:36:56.646197
21341,3823,Savings,398845.53,INR,BR003,ACTIVE,2021-12-28,2026-09-10 11:36:56.646197,2026-09-10 11:36:56.646197
21342,3933,Savings,298959.97,INR,BR003,ACTIVE,2023-09-24,2026-09-10 11:36:56.646197,2026-09-10 11:36:56.646197
21343,1064,Savings,326339.87,INR,BR001,ACTIVE,2020-06-26,2026-09-10 11:36:56.646197,2026-09-10 11:36:56.646197
21344,4922,Savings,175131.42,INR,BR003,ACTIVE,2022-02-26,2026-09-10 11:36:56.646197,2026-09-10 11:36:56.646197
21345,1320,Savings,20839.01,INR,BR004,ACTIVE,2021-06-19,2026-09-10 11:36:56.646197,2026-09-10 11:36:56.646197
21346,1860,Savings,127564.29,INR,BR004,ACTIVE,2023-03-17,2026-09-10 11:36:56.646197,2026-09-10 11:36:56.646197
21347,3828,Savings,292567.31,INR,BR003,ACTIVE,2021-11-28,2026-09-10 11:36:56.646197,2026-09-10 11:36:56.646197
21348,2548,Savings,406653.41,INR,BR001,ACTIVE,2021-05-16,2026-09-10 11:36:56.646197,2026-09-10 11:36:56.646197
21349,4364,Current,388820.29,INR,BR003,ACTIVE,2024-06-29,2026-09-10 11:36:56.646197,2026-09-10 11:36:56.646197
21350,3077,Savings,90564.19,INR,BR004,ACTIVE,2023-01-06,2026-09-10 11:36:56.646197,2026-09-10 11:36:56.646197
21351,2675,Savings,26671.66,INR,BR004,ACTIVE,2024-09-19,2026-09-10 11:36:56.646197,2026-09-10 11:36:56.646197
21352,1437,Savings,425429.46,INR,BR004,ACTIVE,2024-12-16,2026-09-10 11:36:56.646197,2026-09-10 11:36:56.646197
21353,2990,Savings,38719.03,INR,BR002,ACTIVE,2022-08-28,2026-09-10 11:36:56.646197,2026-09-10 11:36:56.646197
21354,2621,Savings,197262.32,INR,BR004,ACTIVE,2020-08-17,2026-09-10 11:36:56.646197,2026-09-10 11:36:56.646197
21355,4658,Savings,48018.60,INR,BR003,ACTIVE,2021-07-11,2026-09-10 11:36:56.646197,2026-09-10 11:36:56.646197
21356,1763,Savings,282460.31,INR,BR004,ACTIVE,2023-03-22,2026-09-10 11:36:56.646197,2026-09-10 11:36:56.646197
21357,1736,Savings,182304.88,INR,BR001,ACTIVE,2022-09-22,2026-09-10 11:36:56.646197,2026-09-10 11:36:56.646197
21358,4119,Savings,102044.32,INR,BR002,ACTIVE,2020-12-24,2026-09-10 11:36:56.646197,2026-09-10 11:36:56.646197
21359,4489,Savings,297988.67,INR,BR001,ACTIVE,2021-02-03,2026-09-10 11:36:56.646197,2026-09-10 11:36:56.646197
21360,4665,Savings,182332.50,INR,BR004,ACTIVE,2020-09-03,2026-09-10 11:36:56.646197,2026-09-10 11:36:56.646197
21361,3499,Current,84227.34,INR,BR002,ACTIVE,2020-01-22,2026-09-10 11:36:56.646197,2026-09-10 11:36:56.646197
21362,1633,Savings,350343.12,INR,BR002,ACTIVE,2022-07-27,2026-09-10 11:36:56.646197,2026-09-10 11:36:56.646197
21363,2579,Savings,418567.35,INR,BR002,ACTIVE,2022-07-19,2026-09-10 11:36:56.646197,2026-09-10 11:36:56.646197
21364,4730,Current,137597.54,INR,BR004,ACTIVE,2020-05-13,2026-09-10 11:36:56.646197,2026-09-10 11:36:56.646197
21365,4146,Savings,94026.10,INR,BR001,ACTIVE,2022-10-04,2026-09-10 11:36:56.646197,2026-09-10 11:36:56.646197
21366,2077,Savings,38550.68,INR,BR004,ACTIVE,2022-08-03,2026-09-10 11:36:56.646197,2026-09-10 11:36:56.646197
21367,3281,Savings,264423.16,INR,BR002,ACTIVE,2020-11-07,2026-09-10 11:36:56.646197,2026-09-10 11:36:56.646197
21368,2831,Current,415815.56,INR,BR004,ACTIVE,2023-09-22,2026-09-10 11:36:56.646197,2026-09-10 11:36:56.646197
21369,2899,Savings,126144.16,INR,BR002,ACTIVE,2021-02-05,2026-09-10 11:36:56.646197,2026-09-10 11:36:56.646197
21370,1200,Savings,230858.25,INR,BR002,ACTIVE,2022-10-15,2026-09-10 11:36:56.646197,2026-09-10 11:36:56.646197
21371,1674,Current,81240.92,INR,BR002,ACTIVE,2024-11-07,2026-09-10 11:36:56.646197,2026-09-10 11:36:56.646197
21372,1549,Savings,202696.21,INR,BR004,ACTIVE,2024-08-23,2026-09-10 11:36:56.646197,2026-09-10 11:36:56.646197
21373,1937,Savings,8707.11,INR,BR004,ACTIVE,2023-06-29,2026-09-10 11:36:56.646197,2026-09-10 11:36:56.646197
21374,3145,Savings,455453.80,INR,BR002,ACTIVE,2024-10-31,2026-09-10 11:36:56.646197,2026-09-10 11:36:56.646197
21375,1049,Savings,338609.38,INR,BR003,ACTIVE,2024-09-05,2026-09-10 11:36:56.646197,2026-09-10 11:36:56.646197
21376,1896,Current,167074.05,INR,BR001,ACTIVE,2021-08-13,2026-09-10 11:36:56.646197,2026-09-10 11:36:56.646197
21377,3570,Savings,440717.93,INR,BR002,ACTIVE,2024-07-09,2026-09-10 11:36:56.646197,2026-09-10 11:36:56.646197
21378,3088,Current,92281.89,INR,BR002,ACTIVE,2021-05-07,2026-09-10 11:36:56.646197,2026-09-10 11:36:56.646197
21379,1914,Current,40288.13,INR,BR002,ACTIVE,2020-03-21,2026-09-10 11:36:56.646197,2026-09-10 11:36:56.646197
21380,2177,Savings,471368.17,INR,BR002,ACTIVE,2024-12-02,2026-09-10 11:36:56.646197,2026-09-10 11:36:56.646197
21381,4178,Savings,155199.46,INR,BR002,ACTIVE,2021-09-16,2026-09-10 11:36:56.646197,2026-09-10 11:36:56.646197
21382,3601,Savings,468050.72,INR,BR003,ACTIVE,2023-04-09,2026-09-10 11:36:56.646197,2026-09-10 11:36:56.646197
21383,1676,Savings,319168.85,INR,BR004,ACTIVE,2022-01-13,2026-09-10 11:36:56.646197,2026-09-10 11:36:56.646197
21384,1770,Savings,490041.42,INR,BR003,ACTIVE,2023-03-01,2026-09-10 11:36:56.646197,2026-09-10 11:36:56.646197
21385,1211,Current,376961.18,INR,BR002,ACTIVE,2020-04-13,2026-09-10 11:36:56.646197,2026-09-10 11:36:56.646197
21386,4274,Savings,53636.45,INR,BR002,ACTIVE,2021-08-21,2026-09-10 11:36:56.646197,2026-09-10 11:36:56.646197
21387,3481,Current,426262.10,INR,BR002,ACTIVE,2022-09-20,2026-09-10 11:36:56.646197,2026-09-10 11:36:56.646197
21388,3755,Current,74791.38,INR,BR004,ACTIVE,2022-06-27,2026-09-10 11:36:56.646197,2026-09-10 11:36:56.646197
21389,3613,Current,346406.61,INR,BR001,ACTIVE,2022-01-17,2026-09-10 11:36:56.646197,2026-09-10 11:36:56.646197
21390,1147,Current,250703.32,INR,BR001,ACTIVE,2020-03-28,2026-09-10 11:36:56.646197,2026-09-10 11:36:56.646197
21391,2523,Savings,354154.78,INR,BR003,ACTIVE,2024-04-04,2026-09-10 11:36:56.646197,2026-09-10 11:36:56.646197
21392,3330,Current,382729.78,INR,BR003,ACTIVE,2022-09-20,2026-09-10 11:36:56.646197,2026-09-10 11:36:56.646197
21393,4382,Savings,402028.94,INR,BR001,ACTIVE,2021-09-15,2026-09-10 11:36:56.646197,2026-09-10 11:36:56.646197
21394,3803,Savings,417655.09,INR,BR002,ACTIVE,2020-03-22,2026-09-10 11:36:56.646197,2026-09-10 11:36:56.646197
21395,4123,Savings,423765.04,INR,BR004,ACTIVE,2024-04-03,2026-09-10 11:36:56.646197,2026-09-10 11:36:56.646197
21396,1495,Savings,206874.64,INR,BR003,ACTIVE,2021-03-09,2026-09-10 11:36:56.646197,2026-09-10 11:36:56.646197
21397,3457,Savings,444724.81,INR,BR004,ACTIVE,2023-10-24,2026-09-10 11:36:56.646197,2026-09-10 11:36:56.646197
21398,2650,Savings,360070.55,INR,BR002,ACTIVE,2020-01-02,2026-09-10 11:36:56.646197,2026-09-10 11:36:56.646197
21399,3321,Savings,419646.49,INR,BR002,ACTIVE,2024-04-10,2026-09-10 11:36:56.646197,2026-09-10 11:36:56.646197
21400,3506,Savings,494606.49,INR,BR003,ACTIVE,2020-07-04,2026-09-10 11:36:56.646197,2026-09-10 11:36:56.646197
21401,2144,Savings,59090.96,INR,BR001,ACTIVE,2024-10-06,2026-09-10 11:36:56.646197,2026-09-10 11:36:56.646197
21402,4773,Current,185919.27,INR,BR001,ACTIVE,2020-11-03,2026-09-10 11:36:56.646197,2026-09-10 11:36:56.646197
21403,1046,Savings,403466.96,INR,BR001,ACTIVE,2024-01-08,2026-09-10 11:36:56.646197,2026-09-10 11:36:56.646197
21404,4315,Savings,44065.43,INR,BR002,ACTIVE,2023-12-18,2026-09-10 11:36:56.646197,2026-09-10 11:36:56.646197
21405,1311,Current,270849.75,INR,BR002,ACTIVE,2024-04-17,2026-09-10 11:36:56.646197,2026-09-10 11:36:56.646197
21406,3610,Current,429340.58,INR,BR004,ACTIVE,2023-12-11,2026-09-10 11:36:56.646197,2026-09-10 11:36:56.646197
21407,1331,Current,10476.64,INR,BR004,ACTIVE,2024-01-03,2026-09-10 11:36:56.646197,2026-09-10 11:36:56.646197
21408,1011,Savings,469819.93,INR,BR004,ACTIVE,2020-01-19,2026-09-10 11:36:56.646197,2026-09-10 11:36:56.646197
21409,1908,Savings,489094.27,INR,BR002,ACTIVE,2021-08-07,2026-09-10 11:36:56.646197,2026-09-10 11:36:56.646197
21410,4496,Savings,161818.18,INR,BR001,ACTIVE,2022-01-01,2026-09-10 11:36:56.646197,2026-09-10 11:36:56.646197
21411,4120,Savings,383628.80,INR,BR002,ACTIVE,2024-07-02,2026-09-10 11:36:56.646197,2026-09-10 11:36:56.646197
21412,2401,Savings,64460.88,INR,BR004,ACTIVE,2024-08-21,2026-09-10 11:36:56.646197,2026-09-10 11:36:56.646197
21413,2592,Savings,386659.27,INR,BR004,ACTIVE,2020-05-09,2026-09-10 11:36:56.646197,2026-09-10 11:36:56.646197
21414,1008,Current,241279.32,INR,BR004,ACTIVE,2022-07-05,2026-09-10 11:36:56.646197,2026-09-10 11:36:56.646197
21415,1984,Savings,430276.27,INR,BR004,ACTIVE,2021-02-07,2026-09-10 11:36:56.646197,2026-09-10 11:36:56.646197
21416,4598,Savings,107090.61,INR,BR003,ACTIVE,2024-03-21,2026-09-10 11:36:56.646197,2026-09-10 11:36:56.646197
21417,2751,Savings,336656.32,INR,BR004,ACTIVE,2020-01-15,2026-09-10 11:36:56.646197,2026-09-10 11:36:56.646197
21418,2394,Savings,393273.47,INR,BR002,ACTIVE,2022-03-18,2026-09-10 11:36:56.646197,2026-09-10 11:36:56.646197
21419,4512,Savings,102043.64,INR,BR003,ACTIVE,2020-11-27,2026-09-10 11:36:56.646197,2026-09-10 11:36:56.646197
21420,4829,Savings,409325.35,INR,BR001,ACTIVE,2024-02-11,2026-09-10 11:36:56.646197,2026-09-10 11:36:56.646197
21421,1566,Savings,479034.76,INR,BR002,ACTIVE,2023-11-20,2026-09-10 11:36:56.646197,2026-09-10 11:36:56.646197
21422,4556,Current,308423.22,INR,BR002,ACTIVE,2025-01-22,2026-09-10 11:36:56.646197,2026-09-10 11:36:56.646197
21423,3321,Current,392640.36,INR,BR001,ACTIVE,2024-07-19,2026-09-10 11:36:56.646197,2026-09-10 11:36:56.646197
21424,3989,Savings,266759.35,INR,BR002,ACTIVE,2023-11-14,2026-09-10 11:36:56.646197,2026-09-10 11:36:56.646197
21425,1901,Savings,299453.58,INR,BR003,ACTIVE,2022-06-07,2026-09-10 11:36:56.646197,2026-09-10 11:36:56.646197
21426,3179,Savings,7662.86,INR,BR001,ACTIVE,2020-09-10,2026-09-10 11:36:56.646197,2026-09-10 11:36:56.646197
21427,4593,Savings,262619.35,INR,BR003,ACTIVE,2022-11-25,2026-09-10 11:36:56.646197,2026-09-10 11:36:56.646197
21428,3772,Savings,288206.31,INR,BR004,ACTIVE,2022-07-10,2026-09-10 11:36:56.646197,2026-09-10 11:36:56.646197
21429,3682,Savings,335353.73,INR,BR001,ACTIVE,2024-03-15,2026-09-10 11:36:56.646197,2026-09-10 11:36:56.646197
21430,1114,Savings,85525.91,INR,BR003,ACTIVE,2023-04-08,2026-09-10 11:36:56.646197,2026-09-10 11:36:56.646197
21431,1532,Savings,121445.76,INR,BR004,ACTIVE,2021-03-15,2026-09-10 11:36:56.646197,2026-09-10 11:36:56.646197
21432,2523,Savings,378246.31,INR,BR003,ACTIVE,2023-01-19,2026-09-10 11:36:56.646197,2026-09-10 11:36:56.646197
21433,4411,Savings,84651.77,INR,BR003,ACTIVE,2023-05-26,2026-09-10 11:36:56.646197,2026-09-10 11:36:56.646197
21434,2045,Savings,208597.01,INR,BR002,ACTIVE,2022-05-17,2026-09-10 11:36:56.646197,2026-09-10 11:36:56.646197
21435,2744,Savings,125994.62,INR,BR004,ACTIVE,2020-10-21,2026-09-10 11:36:56.646197,2026-09-10 11:36:56.646197
21436,1033,Savings,273046.87,INR,BR002,ACTIVE,2021-08-07,2026-09-10 11:36:56.646197,2026-09-10 11:36:56.646197
21437,1133,Savings,493448.57,INR,BR004,ACTIVE,2023-06-09,2026-09-10 11:36:56.646197,2026-09-10 11:36:56.646197
21438,3968,Current,426166.91,INR,BR004,ACTIVE,2021-10-17,2026-09-10 11:36:56.646197,2026-09-10 11:36:56.646197
21439,2727,Savings,135467.70,INR,BR002,ACTIVE,2022-09-18,2026-09-10 11:36:56.646197,2026-09-10 11:36:56.646197
21440,1975,Savings,184937.29,INR,BR002,ACTIVE,2020-03-26,2026-09-10 11:36:56.646197,2026-09-10 11:36:56.646197
21441,1026,Savings,459398.16,INR,BR002,ACTIVE,2024-10-26,2026-09-10 11:36:56.646197,2026-09-10 11:36:56.646197
21442,4436,Savings,449249.19,INR,BR004,ACTIVE,2022-03-08,2026-09-10 11:36:56.646197,2026-09-10 11:36:56.646197
21443,3649,Savings,81103.49,INR,BR004,ACTIVE,2020-01-16,2026-09-10 11:36:56.646197,2026-09-10 11:36:56.646197
21444,4164,Savings,414806.29,INR,BR004,ACTIVE,2023-10-25,2026-09-10 11:36:56.646197,2026-09-10 11:36:56.646197
21445,1545,Current,149506.34,INR,BR004,ACTIVE,2022-03-13,2026-09-10 11:36:56.646197,2026-09-10 11:36:56.646197
21446,2262,Savings,272357.78,INR,BR004,ACTIVE,2020-04-05,2026-09-10 11:36:56.646197,2026-09-10 11:36:56.646197
21447,3066,Savings,3544.10,INR,BR004,ACTIVE,2024-07-30,2026-09-10 11:36:56.646197,2026-09-10 11:36:56.646197
21448,4346,Savings,499296.51,INR,BR003,ACTIVE,2023-01-01,2026-09-10 11:36:56.646197,2026-09-10 11:36:56.646197
21449,1934,Current,380787.14,INR,BR002,ACTIVE,2024-10-19,2026-09-10 11:36:56.646197,2026-09-10 11:36:56.646197
21450,3337,Savings,121624.80,INR,BR004,ACTIVE,2024-10-30,2026-09-10 11:36:56.646197,2026-09-10 11:36:56.646197
21451,2051,Savings,342213.65,INR,BR003,ACTIVE,2022-05-09,2026-09-10 11:36:56.646197,2026-09-10 11:36:56.646197
21452,1817,Savings,147360.37,INR,BR001,ACTIVE,2023-05-08,2026-09-10 11:36:56.646197,2026-09-10 11:36:56.646197
21453,4506,Savings,45638.45,INR,BR003,ACTIVE,2023-07-08,2026-09-10 11:36:56.646197,2026-09-10 11:36:56.646197
21454,2935,Savings,213229.67,INR,BR002,ACTIVE,2022-06-03,2026-09-10 11:36:56.646197,2026-09-10 11:36:56.646197
21455,1108,Savings,307245.71,INR,BR001,ACTIVE,2023-01-18,2026-09-10 11:36:56.646197,2026-09-10 11:36:56.646197
21456,4021,Savings,45798.95,INR,BR004,ACTIVE,2024-09-30,2026-09-10 11:36:56.646197,2026-09-10 11:36:56.646197
21457,1948,Savings,259684.74,INR,BR002,ACTIVE,2022-01-25,2026-09-10 11:36:56.646197,2026-09-10 11:36:56.646197
21458,1738,Current,257917.25,INR,BR001,ACTIVE,2021-12-09,2026-09-10 11:36:56.646197,2026-09-10 11:36:56.646197
21459,3372,Current,314693.98,INR,BR003,ACTIVE,2020-01-17,2026-09-10 11:36:56.646197,2026-09-10 11:36:56.646197
21460,3915,Savings,123078.17,INR,BR001,ACTIVE,2024-01-19,2026-09-10 11:36:56.646197,2026-09-10 11:36:56.646197
21461,4603,Savings,11300.10,INR,BR002,ACTIVE,2021-05-07,2026-09-10 11:36:56.646197,2026-09-10 11:36:56.646197
21462,3783,Savings,163103.90,INR,BR001,ACTIVE,2022-02-24,2026-09-10 11:36:56.646197,2026-09-10 11:36:56.646197
21463,1793,Savings,199892.02,INR,BR003,ACTIVE,2023-07-07,2026-09-10 11:36:56.646197,2026-09-10 11:36:56.646197
21464,4176,Savings,318234.79,INR,BR001,ACTIVE,2020-03-02,2026-09-10 11:36:56.646197,2026-09-10 11:36:56.646197
21465,2868,Savings,465155.76,INR,BR003,ACTIVE,2023-02-02,2026-09-10 11:36:56.646197,2026-09-10 11:36:56.646197
21466,2356,Savings,102489.38,INR,BR001,ACTIVE,2020-08-25,2026-09-10 11:36:56.646197,2026-09-10 11:36:56.646197
21467,2386,Savings,343979.48,INR,BR003,ACTIVE,2020-04-15,2026-09-10 11:36:56.646197,2026-09-10 11:36:56.646197
21468,4993,Savings,49603.05,INR,BR003,ACTIVE,2021-10-12,2026-09-10 11:36:56.646197,2026-09-10 11:36:56.646197
21469,1289,Savings,96120.26,INR,BR003,ACTIVE,2023-08-12,2026-09-10 11:36:56.646197,2026-09-10 11:36:56.646197
21470,2468,Current,255058.12,INR,BR004,ACTIVE,2020-09-30,2026-09-10 11:36:56.646197,2026-09-10 11:36:56.646197
21471,2061,Savings,354480.41,INR,BR003,ACTIVE,2021-06-09,2026-09-10 11:36:56.646197,2026-09-10 11:36:56.646197
21472,2372,Current,429425.70,INR,BR002,ACTIVE,2022-04-01,2026-09-10 11:36:56.646197,2026-09-10 11:36:56.646197
21473,3940,Savings,372207.81,INR,BR003,ACTIVE,2021-01-21,2026-09-10 11:36:56.646197,2026-09-10 11:36:56.646197
21474,4828,Savings,8661.04,INR,BR004,ACTIVE,2024-02-11,2026-09-10 11:36:56.646197,2026-09-10 11:36:56.646197
21475,1043,Savings,342281.73,INR,BR004,ACTIVE,2025-01-28,2026-09-10 11:36:56.646197,2026-09-10 11:36:56.646197
21476,2150,Savings,412504.19,INR,BR002,ACTIVE,2023-09-21,2026-09-10 11:36:56.646197,2026-09-10 11:36:56.646197
21477,3057,Savings,263241.21,INR,BR003,ACTIVE,2022-04-17,2026-09-10 11:36:56.646197,2026-09-10 11:36:56.646197
21478,4598,Savings,482833.75,INR,BR004,ACTIVE,2020-08-14,2026-09-10 11:36:56.646197,2026-09-10 11:36:56.646197
21479,4203,Savings,3151.90,INR,BR004,ACTIVE,2023-08-07,2026-09-10 11:36:56.646197,2026-09-10 11:36:56.646197
21480,4397,Current,409510.32,INR,BR001,ACTIVE,2021-11-10,2026-09-10 11:36:56.646197,2026-09-10 11:36:56.646197
21481,3232,Current,168075.05,INR,BR001,ACTIVE,2021-02-16,2026-09-10 11:36:56.646197,2026-09-10 11:36:56.646197
21482,4354,Savings,325574.44,INR,BR002,ACTIVE,2022-08-01,2026-09-10 11:36:56.646197,2026-09-10 11:36:56.646197
21483,3943,Savings,347047.47,INR,BR001,ACTIVE,2022-03-29,2026-09-10 11:36:56.646197,2026-09-10 11:36:56.646197
21484,2077,Current,153818.26,INR,BR003,ACTIVE,2024-10-16,2026-09-10 11:36:56.646197,2026-09-10 11:36:56.646197
21485,4625,Savings,497716.83,INR,BR001,ACTIVE,2023-01-03,2026-09-10 11:36:56.646197,2026-09-10 11:36:56.646197
21486,2874,Savings,52521.76,INR,BR004,ACTIVE,2023-06-13,2026-09-10 11:36:56.646197,2026-09-10 11:36:56.646197
21487,3918,Savings,79357.51,INR,BR002,ACTIVE,2022-11-01,2026-09-10 11:36:56.646197,2026-09-10 11:36:56.646197
21488,1533,Savings,446203.66,INR,BR001,ACTIVE,2022-03-01,2026-09-10 11:36:56.646197,2026-09-10 11:36:56.646197
21489,4449,Savings,60470.76,INR,BR002,ACTIVE,2024-12-02,2026-09-10 11:36:56.646197,2026-09-10 11:36:56.646197
21490,2319,Savings,191261.85,INR,BR003,ACTIVE,2022-07-28,2026-09-10 11:36:56.646197,2026-09-10 11:36:56.646197
21491,2232,Savings,366837.96,INR,BR003,ACTIVE,2020-04-28,2026-09-10 11:36:56.646197,2026-09-10 11:36:56.646197
21492,4048,Savings,395954.44,INR,BR001,ACTIVE,2024-08-10,2026-09-10 11:36:56.646197,2026-09-10 11:36:56.646197
21493,3711,Savings,477379.92,INR,BR001,ACTIVE,2020-12-16,2026-09-10 11:36:56.646197,2026-09-10 11:36:56.646197
21494,2501,Savings,394997.34,INR,BR001,ACTIVE,2020-06-20,2026-09-10 11:36:56.646197,2026-09-10 11:36:56.646197
21495,2994,Savings,422421.66,INR,BR004,ACTIVE,2020-04-11,2026-09-10 11:36:56.646197,2026-09-10 11:36:56.646197
21496,1954,Savings,474738.63,INR,BR003,ACTIVE,2024-07-09,2026-09-10 11:36:56.646197,2026-09-10 11:36:56.646197
21497,1069,Savings,277290.16,INR,BR004,ACTIVE,2020-01-26,2026-09-10 11:36:56.646197,2026-09-10 11:36:56.646197
21498,2867,Savings,172373.30,INR,BR001,ACTIVE,2024-12-16,2026-09-10 11:36:56.646197,2026-09-10 11:36:56.646197
21499,2949,Savings,381044.96,INR,BR003,ACTIVE,2020-10-24,2026-09-10 11:36:56.646197,2026-09-10 11:36:56.646197
21500,4902,Savings,82607.25,INR,BR004,ACTIVE,2024-10-06,2026-09-10 11:36:56.646197,2026-09-10 11:36:56.646197
21501,4509,Savings,35047.60,INR,BR004,ACTIVE,2021-01-09,2026-09-10 11:36:56.646197,2026-09-10 11:36:56.646197
21502,1301,Savings,392880.10,INR,BR002,ACTIVE,2021-04-22,2026-09-10 11:36:56.646197,2026-09-10 11:36:56.646197
21503,1027,Savings,475385.01,INR,BR004,ACTIVE,2021-03-11,2026-09-10 11:36:56.646197,2026-09-10 11:36:56.646197
21504,4700,Savings,221781.03,INR,BR001,ACTIVE,2021-03-03,2026-09-10 11:36:56.646197,2026-09-10 11:36:56.646197
21505,3978,Savings,81405.59,INR,BR001,ACTIVE,2022-09-28,2026-09-10 11:36:56.646197,2026-09-10 11:36:56.646197
21506,3702,Savings,249013.47,INR,BR004,ACTIVE,2020-12-14,2026-09-10 11:36:56.646197,2026-09-10 11:36:56.646197
21507,3601,Savings,197265.61,INR,BR002,ACTIVE,2021-12-25,2026-09-10 11:36:56.646197,2026-09-10 11:36:56.646197
21508,3154,Savings,186864.50,INR,BR002,ACTIVE,2022-04-10,2026-09-10 11:36:56.646197,2026-09-10 11:36:56.646197
21509,1586,Current,314412.34,INR,BR002,ACTIVE,2024-10-14,2026-09-10 11:36:56.646197,2026-09-10 11:36:56.646197
21510,3620,Savings,88193.12,INR,BR004,ACTIVE,2022-12-03,2026-09-10 11:36:56.646197,2026-09-10 11:36:56.646197
21511,1810,Savings,190860.29,INR,BR004,ACTIVE,2022-11-15,2026-09-10 11:36:56.646197,2026-09-10 11:36:56.646197
21512,1634,Savings,434469.74,INR,BR002,ACTIVE,2023-03-17,2026-09-10 11:36:56.646197,2026-09-10 11:36:56.646197
21513,2739,Savings,365102.88,INR,BR004,ACTIVE,2022-04-29,2026-09-10 11:36:56.646197,2026-09-10 11:36:56.646197
21514,4083,Savings,28738.64,INR,BR003,ACTIVE,2025-01-27,2026-09-10 11:36:56.646197,2026-09-10 11:36:56.646197
21515,3979,Savings,257437.99,INR,BR001,ACTIVE,2021-02-13,2026-09-10 11:36:56.646197,2026-09-10 11:36:56.646197
21516,1659,Savings,46556.36,INR,BR004,ACTIVE,2023-03-11,2026-09-10 11:36:56.646197,2026-09-10 11:36:56.646197
21517,2240,Current,478790.72,INR,BR003,ACTIVE,2020-05-27,2026-09-10 11:36:56.646197,2026-09-10 11:36:56.646197
21518,3934,Savings,123075.68,INR,BR004,ACTIVE,2023-12-03,2026-09-10 11:36:56.646197,2026-09-10 11:36:56.646197
21519,3369,Savings,466377.89,INR,BR003,ACTIVE,2024-01-02,2026-09-10 11:36:56.646197,2026-09-10 11:36:56.646197
21520,1460,Savings,417170.20,INR,BR002,ACTIVE,2020-06-13,2026-09-10 11:36:56.646197,2026-09-10 11:36:56.646197
21521,4887,Savings,276130.85,INR,BR001,ACTIVE,2022-07-25,2026-09-10 11:36:56.646197,2026-09-10 11:36:56.646197
21522,4598,Savings,168815.98,INR,BR004,ACTIVE,2022-12-01,2026-09-10 11:36:56.646197,2026-09-10 11:36:56.646197
21523,3627,Savings,429115.39,INR,BR003,ACTIVE,2020-09-05,2026-09-10 11:36:56.646197,2026-09-10 11:36:56.646197
21524,4764,Savings,77239.07,INR,BR003,ACTIVE,2020-04-21,2026-09-10 11:36:56.646197,2026-09-10 11:36:56.646197
21525,3925,Savings,90807.08,INR,BR002,ACTIVE,2022-12-04,2026-09-10 11:36:56.646197,2026-09-10 11:36:56.646197
21526,3802,Savings,113136.62,INR,BR001,ACTIVE,2023-02-26,2026-09-10 11:36:56.646197,2026-09-10 11:36:56.646197
21527,1160,Savings,299250.75,INR,BR001,ACTIVE,2020-12-31,2026-09-10 11:36:56.646197,2026-09-10 11:36:56.646197
21528,1464,Savings,157848.29,INR,BR001,ACTIVE,2024-02-19,2026-09-10 11:36:56.646197,2026-09-10 11:36:56.646197
21529,1998,Current,494601.54,INR,BR003,ACTIVE,2023-03-07,2026-09-10 11:36:56.646197,2026-09-10 11:36:56.646197
21530,2546,Savings,98361.40,INR,BR004,ACTIVE,2025-01-23,2026-09-10 11:36:56.646197,2026-09-10 11:36:56.646197
21531,4708,Savings,402999.44,INR,BR004,ACTIVE,2021-01-19,2026-09-10 11:36:56.646197,2026-09-10 11:36:56.646197
21532,4345,Savings,48822.27,INR,BR002,ACTIVE,2021-03-27,2026-09-10 11:36:56.646197,2026-09-10 11:36:56.646197
21533,3289,Savings,177369.83,INR,BR001,ACTIVE,2021-10-12,2026-09-10 11:36:56.646197,2026-09-10 11:36:56.646197
21534,1936,Current,122637.49,INR,BR004,ACTIVE,2024-06-08,2026-09-10 11:36:56.646197,2026-09-10 11:36:56.646197
21535,4012,Savings,488441.14,INR,BR003,ACTIVE,2025-01-04,2026-09-10 11:36:56.646197,2026-09-10 11:36:56.646197
21536,4007,Savings,13839.56,INR,BR003,ACTIVE,2022-09-24,2026-09-10 11:36:56.646197,2026-09-10 11:36:56.646197
21537,2679,Savings,361113.09,INR,BR001,ACTIVE,2023-12-28,2026-09-10 11:36:56.646197,2026-09-10 11:36:56.646197
21538,1865,Savings,124613.34,INR,BR002,ACTIVE,2022-01-27,2026-09-10 11:36:56.646197,2026-09-10 11:36:56.646197
21539,2191,Savings,405813.08,INR,BR002,ACTIVE,2024-07-16,2026-09-10 11:36:56.646197,2026-09-10 11:36:56.646197
21540,4641,Savings,156300.98,INR,BR001,ACTIVE,2022-12-07,2026-09-10 11:36:56.646197,2026-09-10 11:36:56.646197
21541,3698,Savings,94454.84,INR,BR003,ACTIVE,2024-09-22,2026-09-10 11:36:56.646197,2026-09-10 11:36:56.646197
21542,3375,Savings,346826.89,INR,BR002,ACTIVE,2020-10-13,2026-09-10 11:36:56.646197,2026-09-10 11:36:56.646197
21543,1865,Savings,129530.69,INR,BR003,ACTIVE,2021-09-17,2026-09-10 11:36:56.646197,2026-09-10 11:36:56.646197
21544,3577,Savings,243287.89,INR,BR003,ACTIVE,2023-12-17,2026-09-10 11:36:56.646197,2026-09-10 11:36:56.646197
21545,4916,Savings,66635.18,INR,BR004,ACTIVE,2020-06-16,2026-09-10 11:36:56.646197,2026-09-10 11:36:56.646197
21546,2297,Current,362574.41,INR,BR002,ACTIVE,2024-08-24,2026-09-10 11:36:56.646197,2026-09-10 11:36:56.646197
21547,3927,Savings,204011.27,INR,BR003,ACTIVE,2021-12-21,2026-09-10 11:36:56.646197,2026-09-10 11:36:56.646197
21548,4448,Current,71149.30,INR,BR004,ACTIVE,2022-08-23,2026-09-10 11:36:56.646197,2026-09-10 11:36:56.646197
21549,2936,Savings,371055.93,INR,BR003,ACTIVE,2023-09-04,2026-09-10 11:36:56.646197,2026-09-10 11:36:56.646197
21550,4447,Savings,52577.73,INR,BR001,ACTIVE,2022-05-03,2026-09-10 11:36:56.646197,2026-09-10 11:36:56.646197
21551,1334,Savings,287835.39,INR,BR002,ACTIVE,2023-10-20,2026-09-10 11:36:56.646197,2026-09-10 11:36:56.646197
21552,4075,Savings,304135.10,INR,BR003,ACTIVE,2024-03-20,2026-09-10 11:36:56.646197,2026-09-10 11:36:56.646197
21553,4315,Savings,465244.90,INR,BR002,ACTIVE,2024-05-03,2026-09-10 11:36:56.646197,2026-09-10 11:36:56.646197
21554,2644,Current,76339.27,INR,BR004,ACTIVE,2023-01-14,2026-09-10 11:36:56.646197,2026-09-10 11:36:56.646197
21555,4123,Savings,327019.83,INR,BR002,ACTIVE,2020-03-08,2026-09-10 11:36:56.646197,2026-09-10 11:36:56.646197
21556,3930,Savings,191003.52,INR,BR003,ACTIVE,2021-06-01,2026-09-10 11:36:56.646197,2026-09-10 11:36:56.646197
21557,3398,Current,201006.36,INR,BR002,ACTIVE,2020-03-23,2026-09-10 11:36:56.646197,2026-09-10 11:36:56.646197
21558,3222,Savings,251410.77,INR,BR001,ACTIVE,2022-05-07,2026-09-10 11:36:56.646197,2026-09-10 11:36:56.646197
21559,3164,Savings,117658.52,INR,BR001,ACTIVE,2023-04-29,2026-09-10 11:36:56.646197,2026-09-10 11:36:56.646197
21560,2719,Savings,231130.44,INR,BR004,ACTIVE,2022-03-30,2026-09-10 11:36:56.646197,2026-09-10 11:36:56.646197
21561,3409,Savings,343736.24,INR,BR003,ACTIVE,2022-11-02,2026-09-10 11:36:56.646197,2026-09-10 11:36:56.646197
21562,4427,Savings,229099.41,INR,BR002,ACTIVE,2021-08-19,2026-09-10 11:36:56.646197,2026-09-10 11:36:56.646197
21563,2690,Current,22211.71,INR,BR004,ACTIVE,2020-01-29,2026-09-10 11:36:56.646197,2026-09-10 11:36:56.646197
21564,2783,Savings,129655.30,INR,BR004,ACTIVE,2020-07-10,2026-09-10 11:36:56.646197,2026-09-10 11:36:56.646197
21565,3124,Savings,176378.65,INR,BR003,ACTIVE,2020-07-28,2026-09-10 11:36:56.646197,2026-09-10 11:36:56.646197
21566,4999,Current,178005.85,INR,BR002,ACTIVE,2021-01-30,2026-09-10 11:36:56.646197,2026-09-10 11:36:56.646197
21567,3804,Savings,41422.44,INR,BR004,ACTIVE,2024-04-22,2026-09-10 11:36:56.646197,2026-09-10 11:36:56.646197
21568,2105,Savings,225335.71,INR,BR004,ACTIVE,2024-04-28,2026-09-10 11:36:56.646197,2026-09-10 11:36:56.646197
21569,4301,Savings,346282.56,INR,BR003,ACTIVE,2021-05-19,2026-09-10 11:36:56.646197,2026-09-10 11:36:56.646197
21570,1072,Savings,25287.34,INR,BR003,ACTIVE,2021-02-27,2026-09-10 11:36:56.646197,2026-09-10 11:36:56.646197
21571,4475,Savings,375711.16,INR,BR004,ACTIVE,2024-12-01,2026-09-10 11:36:56.646197,2026-09-10 11:36:56.646197
21572,4290,Current,477597.50,INR,BR002,ACTIVE,2020-09-09,2026-09-10 11:36:56.646197,2026-09-10 11:36:56.646197
21573,1452,Savings,5659.74,INR,BR004,ACTIVE,2021-01-22,2026-09-10 11:36:56.646197,2026-09-10 11:36:56.646197
21574,3959,Savings,97652.47,INR,BR001,ACTIVE,2020-12-25,2026-09-10 11:36:56.646197,2026-09-10 11:36:56.646197
21575,2779,Savings,272200.40,INR,BR003,ACTIVE,2020-12-30,2026-09-10 11:36:56.646197,2026-09-10 11:36:56.646197
21576,3415,Savings,109806.69,INR,BR001,ACTIVE,2021-09-06,2026-09-10 11:36:56.646197,2026-09-10 11:36:56.646197
21577,1826,Savings,382548.39,INR,BR002,ACTIVE,2023-07-18,2026-09-10 11:36:56.646197,2026-09-10 11:36:56.646197
21578,4662,Savings,156755.02,INR,BR003,ACTIVE,2022-11-24,2026-09-10 11:36:56.646197,2026-09-10 11:36:56.646197
21579,3718,Savings,147519.02,INR,BR002,ACTIVE,2023-05-05,2026-09-10 11:36:56.646197,2026-09-10 11:36:56.646197
21580,4632,Savings,1461.01,INR,BR001,ACTIVE,2021-05-07,2026-09-10 11:36:56.646197,2026-09-10 11:36:56.646197
21581,2336,Savings,135792.97,INR,BR002,ACTIVE,2024-05-24,2026-09-10 11:36:56.646197,2026-09-10 11:36:56.646197
21582,4370,Savings,109617.59,INR,BR003,ACTIVE,2022-04-23,2026-09-10 11:36:56.646197,2026-09-10 11:36:56.646197
21583,4096,Savings,172277.24,INR,BR001,ACTIVE,2024-01-01,2026-09-10 11:36:56.646197,2026-09-10 11:36:56.646197
21584,3158,Savings,74680.67,INR,BR003,ACTIVE,2021-05-15,2026-09-10 11:36:56.646197,2026-09-10 11:36:56.646197
21585,1052,Savings,297729.68,INR,BR001,ACTIVE,2024-08-09,2026-09-10 11:36:56.646197,2026-09-10 11:36:56.646197
21586,2963,Savings,120132.03,INR,BR004,ACTIVE,2020-09-29,2026-09-10 11:36:56.646197,2026-09-10 11:36:56.646197
21587,4362,Savings,416043.68,INR,BR002,ACTIVE,2021-08-31,2026-09-10 11:36:56.646197,2026-09-10 11:36:56.646197
21588,4516,Savings,142994.42,INR,BR002,ACTIVE,2025-01-14,2026-09-10 11:36:56.646197,2026-09-10 11:36:56.646197
21589,1467,Savings,106223.93,INR,BR003,ACTIVE,2023-08-02,2026-09-10 11:36:56.646197,2026-09-10 11:36:56.646197
21590,4331,Savings,29318.93,INR,BR004,ACTIVE,2020-11-21,2026-09-10 11:36:56.646197,2026-09-10 11:36:56.646197
21591,4396,Savings,370213.44,INR,BR003,ACTIVE,2021-09-12,2026-09-10 11:36:56.646197,2026-09-10 11:36:56.646197
21592,2675,Savings,254595.88,INR,BR003,ACTIVE,2023-07-31,2026-09-10 11:36:56.646197,2026-09-10 11:36:56.646197
21593,2933,Savings,57777.72,INR,BR001,ACTIVE,2020-12-15,2026-09-10 11:36:56.646197,2026-09-10 11:36:56.646197
21594,3866,Savings,111446.06,INR,BR004,ACTIVE,2022-01-05,2026-09-10 11:36:56.646197,2026-09-10 11:36:56.646197
21595,2362,Savings,499360.82,INR,BR001,ACTIVE,2024-07-22,2026-09-10 11:36:56.646197,2026-09-10 11:36:56.646197
21596,1787,Savings,403208.33,INR,BR003,ACTIVE,2024-02-14,2026-09-10 11:36:56.646197,2026-09-10 11:36:56.646197
21597,1556,Savings,175584.87,INR,BR001,ACTIVE,2023-09-05,2026-09-10 11:36:56.646197,2026-09-10 11:36:56.646197
21598,3977,Savings,271734.86,INR,BR001,ACTIVE,2023-02-12,2026-09-10 11:36:56.646197,2026-09-10 11:36:56.646197
21599,3040,Savings,208592.56,INR,BR002,ACTIVE,2024-01-15,2026-09-10 11:36:56.646197,2026-09-10 11:36:56.646197
21600,4494,Savings,19158.39,INR,BR004,ACTIVE,2021-02-17,2026-09-10 11:36:56.646197,2026-09-10 11:36:56.646197
21601,3307,Savings,389559.83,INR,BR002,ACTIVE,2023-07-28,2026-09-10 11:36:56.646197,2026-09-10 11:36:56.646197
21602,4697,Savings,358776.07,INR,BR004,ACTIVE,2020-10-11,2026-09-10 11:36:56.646197,2026-09-10 11:36:56.646197
21603,2763,Savings,204992.35,INR,BR002,ACTIVE,2020-05-25,2026-09-10 11:36:56.646197,2026-09-10 11:36:56.646197
21604,3113,Current,423102.67,INR,BR003,ACTIVE,2023-11-06,2026-09-10 11:36:56.646197,2026-09-10 11:36:56.646197
21605,3211,Savings,267834.81,INR,BR002,ACTIVE,2020-07-31,2026-09-10 11:36:56.646197,2026-09-10 11:36:56.646197
21606,4236,Savings,33539.01,INR,BR004,ACTIVE,2024-01-18,2026-09-10 11:36:56.646197,2026-09-10 11:36:56.646197
21607,2702,Savings,130443.74,INR,BR004,ACTIVE,2025-01-25,2026-09-10 11:36:56.646197,2026-09-10 11:36:56.646197
21608,3087,Savings,231424.65,INR,BR004,ACTIVE,2022-08-19,2026-09-10 11:36:56.646197,2026-09-10 11:36:56.646197
21609,3713,Savings,52621.17,INR,BR002,ACTIVE,2021-03-29,2026-09-10 11:36:56.646197,2026-09-10 11:36:56.646197
21610,3368,Savings,285969.52,INR,BR001,ACTIVE,2024-07-02,2026-09-10 11:36:56.646197,2026-09-10 11:36:56.646197
21611,3408,Savings,61163.51,INR,BR002,ACTIVE,2024-07-03,2026-09-10 11:36:56.646197,2026-09-10 11:36:56.646197
21612,3317,Savings,101053.58,INR,BR001,ACTIVE,2021-10-18,2026-09-10 11:36:56.646197,2026-09-10 11:36:56.646197
21613,3372,Savings,447097.85,INR,BR002,ACTIVE,2025-01-07,2026-09-10 11:36:56.646197,2026-09-10 11:36:56.646197
21614,3374,Savings,499906.38,INR,BR003,ACTIVE,2023-10-02,2026-09-10 11:36:56.646197,2026-09-10 11:36:56.646197
21615,2611,Current,275576.42,INR,BR003,ACTIVE,2020-10-20,2026-09-10 11:36:56.646197,2026-09-10 11:36:56.646197
21616,1257,Savings,310204.66,INR,BR002,ACTIVE,2022-06-11,2026-09-10 11:36:56.646197,2026-09-10 11:36:56.646197
21617,3248,Savings,398918.14,INR,BR002,ACTIVE,2021-06-04,2026-09-10 11:36:56.646197,2026-09-10 11:36:56.646197
21618,4510,Current,348373.61,INR,BR002,ACTIVE,2024-08-28,2026-09-10 11:36:56.646197,2026-09-10 11:36:56.646197
21619,1610,Current,92050.81,INR,BR003,ACTIVE,2024-11-03,2026-09-10 11:36:56.646197,2026-09-10 11:36:56.646197
21620,2128,Savings,206424.09,INR,BR001,ACTIVE,2024-11-21,2026-09-10 11:36:56.646197,2026-09-10 11:36:56.646197
21621,2396,Savings,268023.14,INR,BR004,ACTIVE,2023-03-28,2026-09-10 11:36:56.646197,2026-09-10 11:36:56.646197
21622,1905,Savings,180496.28,INR,BR001,ACTIVE,2024-11-05,2026-09-10 11:36:56.646197,2026-09-10 11:36:56.646197
21623,1164,Savings,88876.98,INR,BR002,ACTIVE,2024-11-08,2026-09-10 11:36:56.646197,2026-09-10 11:36:56.646197
21624,2137,Savings,368320.56,INR,BR003,ACTIVE,2021-07-14,2026-09-10 11:36:56.646197,2026-09-10 11:36:56.646197
21625,1615,Savings,100224.36,INR,BR004,ACTIVE,2023-09-20,2026-09-10 11:36:56.646197,2026-09-10 11:36:56.646197
21626,3026,Savings,130982.48,INR,BR001,ACTIVE,2025-01-25,2026-09-10 11:36:56.646197,2026-09-10 11:36:56.646197
21627,4621,Savings,143973.29,INR,BR002,ACTIVE,2021-06-14,2026-09-10 11:36:56.646197,2026-09-10 11:36:56.646197
21628,1106,Savings,81727.84,INR,BR003,ACTIVE,2023-02-01,2026-09-10 11:36:56.646197,2026-09-10 11:36:56.646197
21629,1699,Savings,424926.26,INR,BR003,ACTIVE,2023-08-29,2026-09-10 11:36:56.646197,2026-09-10 11:36:56.646197
21630,1364,Savings,305697.54,INR,BR004,ACTIVE,2023-06-17,2026-09-10 11:36:56.646197,2026-09-10 11:36:56.646197
21631,4093,Savings,417539.32,INR,BR001,ACTIVE,2020-10-02,2026-09-10 11:36:56.646197,2026-09-10 11:36:56.646197
21632,3708,Savings,247370.93,INR,BR003,ACTIVE,2022-06-23,2026-09-10 11:36:56.646197,2026-09-10 11:36:56.646197
21633,3022,Savings,260261.96,INR,BR002,ACTIVE,2024-08-14,2026-09-10 11:36:56.646197,2026-09-10 11:36:56.646197
21634,2153,Current,308456.17,INR,BR002,ACTIVE,2020-09-03,2026-09-10 11:36:56.646197,2026-09-10 11:36:56.646197
21635,4555,Savings,186088.85,INR,BR004,ACTIVE,2020-01-15,2026-09-10 11:36:56.646197,2026-09-10 11:36:56.646197
21636,1699,Current,248795.46,INR,BR001,ACTIVE,2021-07-10,2026-09-10 11:36:56.646197,2026-09-10 11:36:56.646197
21637,4868,Savings,273910.65,INR,BR003,ACTIVE,2022-06-11,2026-09-10 11:36:56.646197,2026-09-10 11:36:56.646197
21638,4271,Current,476817.68,INR,BR004,ACTIVE,2020-05-21,2026-09-10 11:36:56.646197,2026-09-10 11:36:56.646197
21639,1747,Savings,441571.16,INR,BR001,ACTIVE,2020-10-07,2026-09-10 11:36:56.646197,2026-09-10 11:36:56.646197
21640,2976,Savings,65493.68,INR,BR001,ACTIVE,2021-05-17,2026-09-10 11:36:56.646197,2026-09-10 11:36:56.646197
21641,2644,Savings,21599.95,INR,BR003,ACTIVE,2020-11-07,2026-09-10 11:36:56.646197,2026-09-10 11:36:56.646197
21642,4593,Savings,340486.64,INR,BR004,ACTIVE,2021-04-07,2026-09-10 11:36:56.646197,2026-09-10 11:36:56.646197
21643,1961,Savings,25550.13,INR,BR004,ACTIVE,2024-03-29,2026-09-10 11:36:56.646197,2026-09-10 11:36:56.646197
21644,4492,Savings,31115.18,INR,BR004,ACTIVE,2022-01-10,2026-09-10 11:36:56.646197,2026-09-10 11:36:56.646197
21645,4298,Savings,80472.44,INR,BR004,ACTIVE,2023-06-22,2026-09-10 11:36:56.646197,2026-09-10 11:36:56.646197
21646,3978,Current,176501.84,INR,BR001,ACTIVE,2022-09-12,2026-09-10 11:36:56.646197,2026-09-10 11:36:56.646197
21647,1209,Savings,218063.06,INR,BR004,ACTIVE,2020-09-08,2026-09-10 11:36:56.646197,2026-09-10 11:36:56.646197
21648,4317,Savings,260169.64,INR,BR004,ACTIVE,2024-02-15,2026-09-10 11:36:56.646197,2026-09-10 11:36:56.646197
21649,2312,Savings,496151.81,INR,BR003,ACTIVE,2020-04-08,2026-09-10 11:36:56.646197,2026-09-10 11:36:56.646197
21650,4138,Savings,193231.14,INR,BR002,ACTIVE,2021-10-08,2026-09-10 11:36:56.646197,2026-09-10 11:36:56.646197
21651,2892,Savings,122133.80,INR,BR001,ACTIVE,2022-01-20,2026-09-10 11:36:56.646197,2026-09-10 11:36:56.646197
21652,2177,Current,288050.95,INR,BR003,ACTIVE,2020-10-19,2026-09-10 11:36:56.646197,2026-09-10 11:36:56.646197
21653,3539,Savings,108360.33,INR,BR003,ACTIVE,2022-10-17,2026-09-10 11:36:56.646197,2026-09-10 11:36:56.646197
21654,4507,Savings,470331.17,INR,BR003,ACTIVE,2021-01-25,2026-09-10 11:36:56.646197,2026-09-10 11:36:56.646197
21655,3751,Savings,130367.90,INR,BR001,ACTIVE,2023-09-11,2026-09-10 11:36:56.646197,2026-09-10 11:36:56.646197
21656,3040,Savings,494977.13,INR,BR002,ACTIVE,2023-08-03,2026-09-10 11:36:56.646197,2026-09-10 11:36:56.646197
21657,4290,Savings,209915.43,INR,BR001,ACTIVE,2024-06-21,2026-09-10 11:36:56.646197,2026-09-10 11:36:56.646197
21658,2453,Savings,406530.32,INR,BR004,ACTIVE,2021-01-11,2026-09-10 11:36:56.646197,2026-09-10 11:36:56.646197
21659,3550,Savings,324491.88,INR,BR002,ACTIVE,2021-04-21,2026-09-10 11:36:56.646197,2026-09-10 11:36:56.646197
21660,1666,Current,466813.59,INR,BR001,ACTIVE,2020-09-12,2026-09-10 11:36:56.646197,2026-09-10 11:36:56.646197
21661,4861,Savings,313088.05,INR,BR001,ACTIVE,2022-04-14,2026-09-10 11:36:56.646197,2026-09-10 11:36:56.646197
21662,2618,Savings,291027.77,INR,BR004,ACTIVE,2020-10-15,2026-09-10 11:36:56.646197,2026-09-10 11:36:56.646197
21663,3269,Savings,326773.37,INR,BR001,ACTIVE,2020-05-27,2026-09-10 11:36:56.646197,2026-09-10 11:36:56.646197
21664,1435,Savings,393446.30,INR,BR002,ACTIVE,2023-11-22,2026-09-10 11:36:56.646197,2026-09-10 11:36:56.646197
21665,3328,Savings,449521.97,INR,BR003,ACTIVE,2024-02-23,2026-09-10 11:36:56.646197,2026-09-10 11:36:56.646197
21666,2647,Savings,134140.64,INR,BR001,ACTIVE,2021-10-22,2026-09-10 11:36:56.646197,2026-09-10 11:36:56.646197
21667,4164,Savings,101242.66,INR,BR001,ACTIVE,2023-10-05,2026-09-10 11:36:56.646197,2026-09-10 11:36:56.646197
21668,3572,Savings,18140.50,INR,BR002,ACTIVE,2020-10-05,2026-09-10 11:36:56.646197,2026-09-10 11:36:56.646197
21669,3041,Current,185669.52,INR,BR001,ACTIVE,2022-08-13,2026-09-10 11:36:56.646197,2026-09-10 11:36:56.646197
21670,2163,Savings,423246.33,INR,BR003,ACTIVE,2021-08-14,2026-09-10 11:36:56.646197,2026-09-10 11:36:56.646197
21671,1667,Savings,35858.86,INR,BR004,ACTIVE,2024-02-22,2026-09-10 11:36:56.646197,2026-09-10 11:36:56.646197
21672,4095,Savings,269721.52,INR,BR004,ACTIVE,2024-05-31,2026-09-10 11:36:56.646197,2026-09-10 11:36:56.646197
21673,2441,Savings,347699.53,INR,BR004,ACTIVE,2021-01-17,2026-09-10 11:36:56.646197,2026-09-10 11:36:56.646197
21674,3000,Savings,418589.66,INR,BR003,ACTIVE,2023-11-13,2026-09-10 11:36:56.646197,2026-09-10 11:36:56.646197
21675,3780,Savings,292131.73,INR,BR004,ACTIVE,2023-06-07,2026-09-10 11:36:56.646197,2026-09-10 11:36:56.646197
21676,1348,Savings,93973.69,INR,BR002,ACTIVE,2021-04-16,2026-09-10 11:36:56.646197,2026-09-10 11:36:56.646197
21677,4309,Savings,482303.59,INR,BR002,ACTIVE,2021-02-03,2026-09-10 11:36:56.646197,2026-09-10 11:36:56.646197
21678,1765,Savings,48231.10,INR,BR003,ACTIVE,2024-05-09,2026-09-10 11:36:56.646197,2026-09-10 11:36:56.646197
21679,1934,Savings,384730.81,INR,BR003,ACTIVE,2024-07-06,2026-09-10 11:36:56.646197,2026-09-10 11:36:56.646197
21680,1183,Savings,44193.05,INR,BR003,ACTIVE,2021-01-27,2026-09-10 11:36:56.646197,2026-09-10 11:36:56.646197
21681,3556,Savings,72566.13,INR,BR002,ACTIVE,2024-03-12,2026-09-10 11:36:56.646197,2026-09-10 11:36:56.646197
21682,3246,Savings,449209.58,INR,BR003,ACTIVE,2020-12-04,2026-09-10 11:36:56.646197,2026-09-10 11:36:56.646197
21683,2706,Savings,376784.25,INR,BR003,ACTIVE,2024-06-27,2026-09-10 11:36:56.646197,2026-09-10 11:36:56.646197
21684,2147,Current,183388.63,INR,BR004,ACTIVE,2023-06-08,2026-09-10 11:36:56.646197,2026-09-10 11:36:56.646197
21685,4997,Savings,319723.45,INR,BR003,ACTIVE,2023-03-07,2026-09-10 11:36:56.646197,2026-09-10 11:36:56.646197
21686,4618,Savings,229166.36,INR,BR001,ACTIVE,2021-06-26,2026-09-10 11:36:56.646197,2026-09-10 11:36:56.646197
21687,1381,Savings,34202.34,INR,BR004,ACTIVE,2023-12-27,2026-09-10 11:36:56.646197,2026-09-10 11:36:56.646197
21688,1825,Savings,360842.68,INR,BR002,ACTIVE,2023-11-24,2026-09-10 11:36:56.646197,2026-09-10 11:36:56.646197
21689,2539,Savings,381864.61,INR,BR002,ACTIVE,2022-05-04,2026-09-10 11:36:56.646197,2026-09-10 11:36:56.646197
21690,4078,Savings,441288.35,INR,BR002,ACTIVE,2021-12-21,2026-09-10 11:36:56.646197,2026-09-10 11:36:56.646197
21691,4376,Savings,270778.04,INR,BR004,ACTIVE,2025-01-07,2026-09-10 11:36:56.646197,2026-09-10 11:36:56.646197
21692,2638,Savings,336895.84,INR,BR002,ACTIVE,2023-10-29,2026-09-10 11:36:56.646197,2026-09-10 11:36:56.646197
21693,1192,Savings,219587.16,INR,BR004,ACTIVE,2020-07-22,2026-09-10 11:36:56.646197,2026-09-10 11:36:56.646197
21694,4448,Current,160135.72,INR,BR004,ACTIVE,2023-07-23,2026-09-10 11:36:56.646197,2026-09-10 11:36:56.646197
21695,1525,Current,206438.30,INR,BR001,ACTIVE,2022-06-05,2026-09-10 11:36:56.646197,2026-09-10 11:36:56.646197
21696,4108,Savings,455964.43,INR,BR001,ACTIVE,2023-09-28,2026-09-10 11:36:56.646197,2026-09-10 11:36:56.646197
21697,2094,Savings,82921.47,INR,BR001,ACTIVE,2022-06-29,2026-09-10 11:36:56.646197,2026-09-10 11:36:56.646197
21698,3337,Current,125001.41,INR,BR001,ACTIVE,2020-06-13,2026-09-10 11:36:56.646197,2026-09-10 11:36:56.646197
21699,1105,Savings,303489.20,INR,BR001,ACTIVE,2025-01-12,2026-09-10 11:36:56.646197,2026-09-10 11:36:56.646197
21700,2740,Current,59024.38,INR,BR002,ACTIVE,2024-03-09,2026-09-10 11:36:56.646197,2026-09-10 11:36:56.646197
21701,3361,Savings,446040.39,INR,BR002,ACTIVE,2023-07-16,2026-09-10 11:36:56.646197,2026-09-10 11:36:56.646197
21702,4127,Savings,24570.95,INR,BR002,ACTIVE,2020-11-29,2026-09-10 11:36:56.646197,2026-09-10 11:36:56.646197
21703,4179,Savings,377900.83,INR,BR001,ACTIVE,2023-03-22,2026-09-10 11:36:56.646197,2026-09-10 11:36:56.646197
21704,2677,Savings,187490.30,INR,BR003,ACTIVE,2023-11-09,2026-09-10 11:36:56.646197,2026-09-10 11:36:56.646197
21705,4809,Savings,26531.62,INR,BR002,ACTIVE,2024-04-25,2026-09-10 11:36:56.646197,2026-09-10 11:36:56.646197
21706,3355,Savings,421621.02,INR,BR002,ACTIVE,2025-01-27,2026-09-10 11:36:56.646197,2026-09-10 11:36:56.646197
21707,4932,Savings,320589.66,INR,BR003,ACTIVE,2024-06-11,2026-09-10 11:36:56.646197,2026-09-10 11:36:56.646197
21708,1821,Savings,5420.50,INR,BR001,ACTIVE,2024-04-01,2026-09-10 11:36:56.646197,2026-09-10 11:36:56.646197
21709,1036,Savings,134498.89,INR,BR004,ACTIVE,2020-02-14,2026-09-10 11:36:56.646197,2026-09-10 11:36:56.646197
21710,4205,Savings,176670.76,INR,BR003,ACTIVE,2023-10-11,2026-09-10 11:36:56.646197,2026-09-10 11:36:56.646197
21711,3935,Savings,161966.50,INR,BR003,ACTIVE,2022-06-05,2026-09-10 11:36:56.646197,2026-09-10 11:36:56.646197
21712,2049,Savings,249672.67,INR,BR002,ACTIVE,2023-09-24,2026-09-10 11:36:56.646197,2026-09-10 11:36:56.646197
21713,2873,Current,263874.68,INR,BR002,ACTIVE,2021-05-08,2026-09-10 11:36:56.646197,2026-09-10 11:36:56.646197
21714,2061,Savings,198980.25,INR,BR001,ACTIVE,2023-07-04,2026-09-10 11:36:56.646197,2026-09-10 11:36:56.646197
21715,2043,Savings,166553.40,INR,BR004,ACTIVE,2024-10-27,2026-09-10 11:36:56.646197,2026-09-10 11:36:56.646197
21716,3083,Savings,252700.25,INR,BR004,ACTIVE,2024-11-08,2026-09-10 11:36:56.646197,2026-09-10 11:36:56.646197
21717,4435,Savings,17774.09,INR,BR003,ACTIVE,2024-03-10,2026-09-10 11:36:56.646197,2026-09-10 11:36:56.646197
21718,2442,Current,322955.68,INR,BR001,ACTIVE,2022-08-03,2026-09-10 11:36:56.646197,2026-09-10 11:36:56.646197
21719,2846,Savings,303385.28,INR,BR004,ACTIVE,2022-03-04,2026-09-10 11:36:56.646197,2026-09-10 11:36:56.646197
21720,4502,Savings,140330.68,INR,BR003,ACTIVE,2021-08-20,2026-09-10 11:36:56.646197,2026-09-10 11:36:56.646197
21721,2542,Savings,90578.21,INR,BR002,ACTIVE,2023-12-17,2026-09-10 11:36:56.646197,2026-09-10 11:36:56.646197
21722,1467,Savings,37419.50,INR,BR004,ACTIVE,2022-08-30,2026-09-10 11:36:56.646197,2026-09-10 11:36:56.646197
21723,3945,Savings,294084.53,INR,BR003,ACTIVE,2023-09-14,2026-09-10 11:36:56.646197,2026-09-10 11:36:56.646197
21724,1199,Savings,284881.24,INR,BR004,ACTIVE,2023-01-02,2026-09-10 11:36:56.646197,2026-09-10 11:36:56.646197
21725,4618,Savings,267125.73,INR,BR001,ACTIVE,2020-06-08,2026-09-10 11:36:56.646197,2026-09-10 11:36:56.646197
21726,2592,Savings,492823.52,INR,BR003,ACTIVE,2023-05-07,2026-09-10 11:36:56.646197,2026-09-10 11:36:56.646197
21727,3816,Savings,266240.51,INR,BR001,ACTIVE,2020-05-25,2026-09-10 11:36:56.646197,2026-09-10 11:36:56.646197
21728,2235,Savings,361173.57,INR,BR003,ACTIVE,2025-01-22,2026-09-10 11:36:56.646197,2026-09-10 11:36:56.646197
21729,4681,Savings,57346.22,INR,BR002,ACTIVE,2024-11-20,2026-09-10 11:36:56.646197,2026-09-10 11:36:56.646197
21730,4866,Savings,150186.42,INR,BR004,ACTIVE,2023-04-19,2026-09-10 11:36:56.646197,2026-09-10 11:36:56.646197
21731,4573,Savings,138447.86,INR,BR002,ACTIVE,2021-10-22,2026-09-10 11:36:56.646197,2026-09-10 11:36:56.646197
21732,1241,Savings,288411.78,INR,BR001,ACTIVE,2021-06-30,2026-09-10 11:36:56.646197,2026-09-10 11:36:56.646197
21733,2194,Current,166075.80,INR,BR004,ACTIVE,2020-12-26,2026-09-10 11:36:56.646197,2026-09-10 11:36:56.646197
21734,2883,Savings,320892.15,INR,BR002,ACTIVE,2024-02-02,2026-09-10 11:36:56.646197,2026-09-10 11:36:56.646197
21735,1294,Savings,345354.78,INR,BR003,ACTIVE,2021-09-14,2026-09-10 11:36:56.646197,2026-09-10 11:36:56.646197
21736,1922,Savings,17811.23,INR,BR003,ACTIVE,2021-04-08,2026-09-10 11:36:56.646197,2026-09-10 11:36:56.646197
21737,2763,Current,320239.10,INR,BR002,ACTIVE,2024-03-29,2026-09-10 11:36:56.646197,2026-09-10 11:36:56.646197
21738,2339,Savings,59276.89,INR,BR004,ACTIVE,2021-11-05,2026-09-10 11:36:56.646197,2026-09-10 11:36:56.646197
21739,4199,Savings,233102.52,INR,BR001,ACTIVE,2023-12-02,2026-09-10 11:36:56.646197,2026-09-10 11:36:56.646197
21740,1468,Current,363561.71,INR,BR003,ACTIVE,2020-03-14,2026-09-10 11:36:56.646197,2026-09-10 11:36:56.646197
21741,4864,Savings,351969.15,INR,BR001,ACTIVE,2020-10-29,2026-09-10 11:36:56.646197,2026-09-10 11:36:56.646197
21742,3415,Savings,150611.45,INR,BR004,ACTIVE,2023-04-29,2026-09-10 11:36:56.646197,2026-09-10 11:36:56.646197
21743,4093,Savings,136910.56,INR,BR004,ACTIVE,2020-08-18,2026-09-10 11:36:56.646197,2026-09-10 11:36:56.646197
21744,3364,Savings,220673.03,INR,BR003,ACTIVE,2021-07-20,2026-09-10 11:36:56.646197,2026-09-10 11:36:56.646197
21745,1758,Savings,95144.87,INR,BR001,ACTIVE,2020-05-13,2026-09-10 11:36:56.646197,2026-09-10 11:36:56.646197
21746,2114,Savings,487374.81,INR,BR004,ACTIVE,2020-05-18,2026-09-10 11:36:56.646197,2026-09-10 11:36:56.646197
21747,4476,Savings,173113.62,INR,BR001,ACTIVE,2021-05-06,2026-09-10 11:36:56.646197,2026-09-10 11:36:56.646197
21748,2542,Current,461573.64,INR,BR003,ACTIVE,2023-09-20,2026-09-10 11:36:56.646197,2026-09-10 11:36:56.646197
21749,3499,Savings,454224.22,INR,BR003,ACTIVE,2021-07-07,2026-09-10 11:36:56.646197,2026-09-10 11:36:56.646197
21750,3826,Savings,183059.64,INR,BR004,ACTIVE,2023-12-28,2026-09-10 11:36:56.646197,2026-09-10 11:36:56.646197
21751,1908,Savings,127788.23,INR,BR004,ACTIVE,2024-11-18,2026-09-10 11:36:56.646197,2026-09-10 11:36:56.646197
21752,2633,Savings,385646.98,INR,BR001,ACTIVE,2024-12-23,2026-09-10 11:36:56.646197,2026-09-10 11:36:56.646197
21753,4222,Savings,115459.55,INR,BR004,ACTIVE,2023-03-08,2026-09-10 11:36:56.646197,2026-09-10 11:36:56.646197
21754,3494,Savings,261101.95,INR,BR003,ACTIVE,2020-03-11,2026-09-10 11:36:56.646197,2026-09-10 11:36:56.646197
21755,1957,Savings,56234.00,INR,BR004,ACTIVE,2024-08-28,2026-09-10 11:36:56.646197,2026-09-10 11:36:56.646197
21756,3128,Savings,193580.15,INR,BR002,ACTIVE,2024-04-01,2026-09-10 11:36:56.646197,2026-09-10 11:36:56.646197
21757,4089,Current,39999.31,INR,BR003,ACTIVE,2021-11-22,2026-09-10 11:36:56.646197,2026-09-10 11:36:56.646197
21758,3186,Savings,142436.36,INR,BR001,ACTIVE,2023-05-23,2026-09-10 11:36:56.646197,2026-09-10 11:36:56.646197
21759,3700,Savings,332981.58,INR,BR004,ACTIVE,2023-04-02,2026-09-10 11:36:56.646197,2026-09-10 11:36:56.646197
21760,3899,Savings,495662.27,INR,BR004,ACTIVE,2023-02-03,2026-09-10 11:36:56.646197,2026-09-10 11:36:56.646197
21761,2532,Current,128148.99,INR,BR003,ACTIVE,2021-04-06,2026-09-10 11:36:56.646197,2026-09-10 11:36:56.646197
21762,1552,Savings,237187.32,INR,BR003,ACTIVE,2021-09-04,2026-09-10 11:36:56.646197,2026-09-10 11:36:56.646197
21763,4991,Current,224575.01,INR,BR001,ACTIVE,2023-10-31,2026-09-10 11:36:56.646197,2026-09-10 11:36:56.646197
21764,4752,Savings,92892.66,INR,BR003,ACTIVE,2023-07-19,2026-09-10 11:36:56.646197,2026-09-10 11:36:56.646197
21765,3122,Current,305424.45,INR,BR001,ACTIVE,2024-10-08,2026-09-10 11:36:56.646197,2026-09-10 11:36:56.646197
21766,4146,Savings,362627.77,INR,BR004,ACTIVE,2024-02-01,2026-09-10 11:36:56.646197,2026-09-10 11:36:56.646197
21767,3098,Savings,74462.52,INR,BR001,ACTIVE,2023-06-14,2026-09-10 11:36:56.646197,2026-09-10 11:36:56.646197
21768,4082,Current,378805.16,INR,BR001,ACTIVE,2022-12-11,2026-09-10 11:36:56.646197,2026-09-10 11:36:56.646197
21769,4175,Savings,350380.66,INR,BR001,ACTIVE,2023-12-12,2026-09-10 11:36:56.646197,2026-09-10 11:36:56.646197
21770,4934,Current,99474.10,INR,BR004,ACTIVE,2023-03-21,2026-09-10 11:36:56.646197,2026-09-10 11:36:56.646197
21771,1388,Savings,324824.86,INR,BR002,ACTIVE,2024-11-28,2026-09-10 11:36:56.646197,2026-09-10 11:36:56.646197
21772,3433,Savings,197442.17,INR,BR002,ACTIVE,2022-10-16,2026-09-10 11:36:56.646197,2026-09-10 11:36:56.646197
21773,1299,Savings,340887.74,INR,BR001,ACTIVE,2023-12-07,2026-09-10 11:36:56.646197,2026-09-10 11:36:56.646197
21774,1339,Savings,248552.33,INR,BR003,ACTIVE,2022-09-17,2026-09-10 11:36:56.646197,2026-09-10 11:36:56.646197
21775,4461,Savings,25020.70,INR,BR002,ACTIVE,2024-11-11,2026-09-10 11:36:56.646197,2026-09-10 11:36:56.646197
21776,1474,Savings,393696.53,INR,BR004,ACTIVE,2021-10-04,2026-09-10 11:36:56.646197,2026-09-10 11:36:56.646197
21777,1616,Current,278244.36,INR,BR001,ACTIVE,2023-02-07,2026-09-10 11:36:56.646197,2026-09-10 11:36:56.646197
21778,4874,Current,362672.52,INR,BR002,ACTIVE,2024-10-09,2026-09-10 11:36:56.646197,2026-09-10 11:36:56.646197
21779,1962,Savings,63909.82,INR,BR004,ACTIVE,2021-08-10,2026-09-10 11:36:56.646197,2026-09-10 11:36:56.646197
21780,1792,Savings,360914.96,INR,BR001,ACTIVE,2023-01-19,2026-09-10 11:36:56.646197,2026-09-10 11:36:56.646197
21781,4214,Savings,207419.43,INR,BR002,ACTIVE,2022-03-16,2026-09-10 11:36:56.646197,2026-09-10 11:36:56.646197
21782,4881,Savings,399834.25,INR,BR001,ACTIVE,2021-10-24,2026-09-10 11:36:56.646197,2026-09-10 11:36:56.646197
21783,2194,Savings,299983.77,INR,BR002,ACTIVE,2020-08-21,2026-09-10 11:36:56.646197,2026-09-10 11:36:56.646197
21784,1013,Savings,178096.16,INR,BR002,ACTIVE,2023-02-06,2026-09-10 11:36:56.646197,2026-09-10 11:36:56.646197
21785,4741,Savings,101756.56,INR,BR003,ACTIVE,2024-11-22,2026-09-10 11:36:56.646197,2026-09-10 11:36:56.646197
21786,1449,Savings,408146.16,INR,BR002,ACTIVE,2021-02-05,2026-09-10 11:36:56.646197,2026-09-10 11:36:56.646197
21787,3222,Savings,280536.14,INR,BR003,ACTIVE,2022-03-06,2026-09-10 11:36:56.646197,2026-09-10 11:36:56.646197
21788,2698,Savings,493746.57,INR,BR004,ACTIVE,2021-12-05,2026-09-10 11:36:56.646197,2026-09-10 11:36:56.646197
21789,2983,Savings,187370.85,INR,BR002,ACTIVE,2022-12-10,2026-09-10 11:36:56.646197,2026-09-10 11:36:56.646197
21790,2156,Savings,343173.89,INR,BR001,ACTIVE,2022-04-16,2026-09-10 11:36:56.646197,2026-09-10 11:36:56.646197
21791,4612,Savings,311787.62,INR,BR003,ACTIVE,2020-12-24,2026-09-10 11:36:56.646197,2026-09-10 11:36:56.646197
21792,3643,Savings,319153.27,INR,BR002,ACTIVE,2023-10-29,2026-09-10 11:36:56.646197,2026-09-10 11:36:56.646197
21793,2921,Savings,368753.00,INR,BR003,ACTIVE,2020-12-14,2026-09-10 11:36:56.646197,2026-09-10 11:36:56.646197
21794,3980,Savings,70415.03,INR,BR001,ACTIVE,2024-09-20,2026-09-10 11:36:56.646197,2026-09-10 11:36:56.646197
21795,2899,Savings,275272.38,INR,BR001,ACTIVE,2021-05-22,2026-09-10 11:36:56.646197,2026-09-10 11:36:56.646197
21796,3317,Savings,255055.71,INR,BR001,ACTIVE,2021-06-29,2026-09-10 11:36:56.646197,2026-09-10 11:36:56.646197
21797,2275,Savings,171922.36,INR,BR004,ACTIVE,2020-04-05,2026-09-10 11:36:56.646197,2026-09-10 11:36:56.646197
21798,2394,Savings,218638.98,INR,BR004,ACTIVE,2023-09-28,2026-09-10 11:36:56.646197,2026-09-10 11:36:56.646197
21799,3666,Savings,259887.23,INR,BR001,ACTIVE,2024-04-01,2026-09-10 11:36:56.646197,2026-09-10 11:36:56.646197
21800,1773,Savings,161140.24,INR,BR004,ACTIVE,2020-01-13,2026-09-10 11:36:56.646197,2026-09-10 11:36:56.646197
21801,3913,Savings,147286.26,INR,BR004,ACTIVE,2023-10-02,2026-09-10 11:36:56.654207,2026-09-10 11:36:56.654207
21802,3574,Savings,369398.01,INR,BR004,ACTIVE,2023-02-27,2026-09-10 11:36:56.654207,2026-09-10 11:36:56.654207
21803,2616,Savings,34392.15,INR,BR004,ACTIVE,2020-04-20,2026-09-10 11:36:56.654207,2026-09-10 11:36:56.654207
21804,1888,Savings,157168.58,INR,BR004,ACTIVE,2022-12-05,2026-09-10 11:36:56.654207,2026-09-10 11:36:56.654207
21805,4578,Savings,327201.86,INR,BR004,ACTIVE,2023-08-18,2026-09-10 11:36:56.654207,2026-09-10 11:36:56.654207
21806,3720,Savings,105177.71,INR,BR001,ACTIVE,2022-11-06,2026-09-10 11:36:56.654207,2026-09-10 11:36:56.654207
21807,3226,Savings,286564.05,INR,BR004,ACTIVE,2023-06-16,2026-09-10 11:36:56.654207,2026-09-10 11:36:56.654207
21808,4739,Savings,151779.91,INR,BR004,ACTIVE,2022-02-23,2026-09-10 11:36:56.654207,2026-09-10 11:36:56.654207
21809,4619,Savings,421807.34,INR,BR003,ACTIVE,2024-07-17,2026-09-10 11:36:56.654207,2026-09-10 11:36:56.654207
21810,3307,Savings,175644.68,INR,BR003,ACTIVE,2020-04-24,2026-09-10 11:36:56.654207,2026-09-10 11:36:56.654207
21811,1260,Savings,115528.76,INR,BR004,ACTIVE,2020-10-10,2026-09-10 11:36:56.654207,2026-09-10 11:36:56.654207
21812,4207,Savings,265521.78,INR,BR002,ACTIVE,2021-06-10,2026-09-10 11:36:56.654207,2026-09-10 11:36:56.654207
21813,4533,Savings,68694.60,INR,BR002,ACTIVE,2023-07-09,2026-09-10 11:36:56.654207,2026-09-10 11:36:56.654207
21814,2513,Savings,398944.50,INR,BR004,ACTIVE,2022-06-08,2026-09-10 11:36:56.654207,2026-09-10 11:36:56.654207
21815,1643,Savings,340334.10,INR,BR001,ACTIVE,2021-06-17,2026-09-10 11:36:56.654207,2026-09-10 11:36:56.654207
21816,3129,Savings,385483.94,INR,BR001,ACTIVE,2024-09-30,2026-09-10 11:36:56.654207,2026-09-10 11:36:56.654207
21817,4439,Savings,200040.22,INR,BR003,ACTIVE,2022-07-13,2026-09-10 11:36:56.654207,2026-09-10 11:36:56.654207
21818,2083,Current,417666.70,INR,BR001,ACTIVE,2021-10-25,2026-09-10 11:36:56.654207,2026-09-10 11:36:56.654207
21819,4146,Savings,247280.52,INR,BR001,ACTIVE,2022-01-31,2026-09-10 11:36:56.654207,2026-09-10 11:36:56.654207
21820,2263,Savings,48254.82,INR,BR001,ACTIVE,2022-07-04,2026-09-10 11:36:56.654207,2026-09-10 11:36:56.654207
21821,3177,Current,112790.60,INR,BR004,ACTIVE,2024-09-14,2026-09-10 11:36:56.654207,2026-09-10 11:36:56.654207
21822,1412,Savings,355815.35,INR,BR004,ACTIVE,2021-10-16,2026-09-10 11:36:56.654207,2026-09-10 11:36:56.654207
21823,3363,Savings,448314.73,INR,BR002,ACTIVE,2022-02-16,2026-09-10 11:36:56.654207,2026-09-10 11:36:56.654207
21824,4446,Current,48497.61,INR,BR003,ACTIVE,2023-02-17,2026-09-10 11:36:56.654207,2026-09-10 11:36:56.654207
21825,4509,Current,432243.18,INR,BR002,ACTIVE,2022-04-23,2026-09-10 11:36:56.654207,2026-09-10 11:36:56.654207
21826,4210,Savings,399735.84,INR,BR001,ACTIVE,2020-08-29,2026-09-10 11:36:56.654207,2026-09-10 11:36:56.654207
21827,3503,Savings,178923.97,INR,BR001,ACTIVE,2023-05-16,2026-09-10 11:36:56.654207,2026-09-10 11:36:56.654207
21828,1615,Savings,344949.13,INR,BR002,ACTIVE,2023-10-10,2026-09-10 11:36:56.654207,2026-09-10 11:36:56.654207
21829,1899,Savings,94288.72,INR,BR002,ACTIVE,2024-10-17,2026-09-10 11:36:56.654207,2026-09-10 11:36:56.654207
21830,3951,Savings,406883.26,INR,BR004,ACTIVE,2023-01-20,2026-09-10 11:36:56.654207,2026-09-10 11:36:56.654207
21831,4081,Savings,329012.17,INR,BR004,ACTIVE,2023-12-03,2026-09-10 11:36:56.654207,2026-09-10 11:36:56.654207
21832,1232,Savings,219975.86,INR,BR003,ACTIVE,2022-03-15,2026-09-10 11:36:56.654207,2026-09-10 11:36:56.654207
21833,3659,Savings,432394.14,INR,BR004,ACTIVE,2023-12-30,2026-09-10 11:36:56.654207,2026-09-10 11:36:56.654207
21834,1730,Savings,70478.02,INR,BR001,ACTIVE,2022-04-20,2026-09-10 11:36:56.654207,2026-09-10 11:36:56.654207
21835,4013,Savings,423047.03,INR,BR001,ACTIVE,2020-02-08,2026-09-10 11:36:56.654207,2026-09-10 11:36:56.654207
21836,2421,Savings,12919.32,INR,BR002,ACTIVE,2023-12-12,2026-09-10 11:36:56.654207,2026-09-10 11:36:56.654207
21837,2773,Current,376847.00,INR,BR003,ACTIVE,2021-10-20,2026-09-10 11:36:56.654207,2026-09-10 11:36:56.654207
21838,4806,Savings,287108.67,INR,BR004,ACTIVE,2021-01-30,2026-09-10 11:36:56.654207,2026-09-10 11:36:56.654207
21839,2704,Savings,348664.91,INR,BR003,ACTIVE,2021-02-19,2026-09-10 11:36:56.654207,2026-09-10 11:36:56.654207
21840,3930,Savings,206759.92,INR,BR001,ACTIVE,2022-01-24,2026-09-10 11:36:56.654207,2026-09-10 11:36:56.654207
21841,2598,Savings,432356.12,INR,BR001,ACTIVE,2021-12-21,2026-09-10 11:36:56.654207,2026-09-10 11:36:56.654207
21842,1318,Savings,157261.36,INR,BR004,ACTIVE,2023-02-18,2026-09-10 11:36:56.654207,2026-09-10 11:36:56.654207
21843,2531,Savings,138202.69,INR,BR004,ACTIVE,2022-10-28,2026-09-10 11:36:56.654207,2026-09-10 11:36:56.654207
21844,3570,Savings,151573.57,INR,BR004,ACTIVE,2021-06-03,2026-09-10 11:36:56.654207,2026-09-10 11:36:56.654207
21845,4818,Savings,387407.56,INR,BR002,ACTIVE,2024-04-02,2026-09-10 11:36:56.654207,2026-09-10 11:36:56.654207
21846,2111,Savings,248150.57,INR,BR001,ACTIVE,2024-09-25,2026-09-10 11:36:56.654207,2026-09-10 11:36:56.654207
21847,4851,Savings,269005.58,INR,BR002,ACTIVE,2023-06-26,2026-09-10 11:36:56.654207,2026-09-10 11:36:56.654207
21848,1716,Current,415996.05,INR,BR001,ACTIVE,2022-12-10,2026-09-10 11:36:56.654207,2026-09-10 11:36:56.654207
21849,2342,Current,416849.41,INR,BR004,ACTIVE,2022-08-02,2026-09-10 11:36:56.654207,2026-09-10 11:36:56.654207
21850,4405,Current,81707.31,INR,BR001,ACTIVE,2022-09-28,2026-09-10 11:36:56.654207,2026-09-10 11:36:56.654207
21851,4432,Savings,275334.07,INR,BR001,ACTIVE,2021-01-25,2026-09-10 11:36:56.654207,2026-09-10 11:36:56.654207
21852,4313,Savings,63883.09,INR,BR003,ACTIVE,2021-09-18,2026-09-10 11:36:56.654207,2026-09-10 11:36:56.654207
21853,4128,Current,434395.71,INR,BR001,ACTIVE,2023-02-07,2026-09-10 11:36:56.654207,2026-09-10 11:36:56.654207
21854,2134,Savings,418665.85,INR,BR001,ACTIVE,2023-08-09,2026-09-10 11:36:56.654207,2026-09-10 11:36:56.654207
21855,4121,Savings,424825.08,INR,BR003,ACTIVE,2021-05-01,2026-09-10 11:36:56.654207,2026-09-10 11:36:56.654207
21856,2779,Savings,352724.39,INR,BR004,ACTIVE,2022-07-06,2026-09-10 11:36:56.654207,2026-09-10 11:36:56.654207
21857,4088,Savings,233971.78,INR,BR003,ACTIVE,2023-07-30,2026-09-10 11:36:56.654207,2026-09-10 11:36:56.654207
21858,2097,Savings,202955.89,INR,BR004,ACTIVE,2024-12-10,2026-09-10 11:36:56.654207,2026-09-10 11:36:56.654207
21859,3932,Current,198217.06,INR,BR004,ACTIVE,2024-02-24,2026-09-10 11:36:56.654207,2026-09-10 11:36:56.654207
21860,1202,Savings,34040.18,INR,BR004,ACTIVE,2024-12-10,2026-09-10 11:36:56.654207,2026-09-10 11:36:56.654207
21861,3141,Savings,474486.27,INR,BR001,ACTIVE,2024-03-13,2026-09-10 11:36:56.654207,2026-09-10 11:36:56.654207
21862,2673,Savings,225687.55,INR,BR003,ACTIVE,2024-11-05,2026-09-10 11:36:56.654207,2026-09-10 11:36:56.654207
21863,2057,Current,465127.33,INR,BR003,ACTIVE,2023-09-22,2026-09-10 11:36:56.654207,2026-09-10 11:36:56.654207
21864,4672,Savings,439749.51,INR,BR003,ACTIVE,2023-07-13,2026-09-10 11:36:56.654207,2026-09-10 11:36:56.654207
21865,1419,Savings,414476.58,INR,BR003,ACTIVE,2021-12-10,2026-09-10 11:36:56.654207,2026-09-10 11:36:56.654207
21866,4275,Savings,294566.13,INR,BR002,ACTIVE,2023-05-10,2026-09-10 11:36:56.654207,2026-09-10 11:36:56.654207
21867,3599,Savings,51676.39,INR,BR001,ACTIVE,2020-02-10,2026-09-10 11:36:56.654207,2026-09-10 11:36:56.654207
21868,1626,Savings,162631.81,INR,BR002,ACTIVE,2021-08-28,2026-09-10 11:36:56.654207,2026-09-10 11:36:56.654207
21869,1845,Savings,302189.52,INR,BR001,ACTIVE,2022-11-12,2026-09-10 11:36:56.654207,2026-09-10 11:36:56.654207
21870,4831,Current,7714.45,INR,BR003,ACTIVE,2023-06-03,2026-09-10 11:36:56.654207,2026-09-10 11:36:56.654207
21871,2879,Savings,22272.83,INR,BR002,ACTIVE,2023-01-17,2026-09-10 11:36:56.654207,2026-09-10 11:36:56.654207
21872,2945,Savings,339154.03,INR,BR004,ACTIVE,2021-08-06,2026-09-10 11:36:56.654207,2026-09-10 11:36:56.654207
21873,3930,Savings,444213.22,INR,BR003,ACTIVE,2020-10-29,2026-09-10 11:36:56.654207,2026-09-10 11:36:56.654207
21874,3768,Savings,427726.40,INR,BR003,ACTIVE,2023-09-22,2026-09-10 11:36:56.654207,2026-09-10 11:36:56.654207
21875,4384,Savings,84904.49,INR,BR004,ACTIVE,2022-10-08,2026-09-10 11:36:56.654207,2026-09-10 11:36:56.654207
21876,3992,Current,455705.49,INR,BR003,ACTIVE,2021-08-28,2026-09-10 11:36:56.654207,2026-09-10 11:36:56.654207
21877,4541,Savings,348454.80,INR,BR001,ACTIVE,2022-12-29,2026-09-10 11:36:56.654207,2026-09-10 11:36:56.654207
21878,1394,Savings,358446.65,INR,BR003,ACTIVE,2021-02-08,2026-09-10 11:36:56.654207,2026-09-10 11:36:56.654207
21879,3857,Savings,152716.56,INR,BR001,ACTIVE,2023-03-03,2026-09-10 11:36:56.654207,2026-09-10 11:36:56.654207
21880,3920,Current,358282.39,INR,BR001,ACTIVE,2023-02-25,2026-09-10 11:36:56.654207,2026-09-10 11:36:56.654207
21881,4283,Savings,355176.37,INR,BR003,ACTIVE,2020-09-21,2026-09-10 11:36:56.654207,2026-09-10 11:36:56.654207
21882,3915,Savings,297738.10,INR,BR004,ACTIVE,2022-05-12,2026-09-10 11:36:56.654207,2026-09-10 11:36:56.654207
21883,3619,Savings,179286.91,INR,BR001,ACTIVE,2020-02-14,2026-09-10 11:36:56.654207,2026-09-10 11:36:56.654207
21884,4228,Savings,405696.20,INR,BR002,ACTIVE,2020-12-07,2026-09-10 11:36:56.654207,2026-09-10 11:36:56.654207
21885,3682,Savings,468821.45,INR,BR001,ACTIVE,2020-11-04,2026-09-10 11:36:56.654207,2026-09-10 11:36:56.654207
21886,1632,Savings,435074.32,INR,BR004,ACTIVE,2023-03-08,2026-09-10 11:36:56.654207,2026-09-10 11:36:56.654207
21887,3857,Savings,122246.62,INR,BR003,ACTIVE,2024-11-08,2026-09-10 11:36:56.654207,2026-09-10 11:36:56.654207
21888,1322,Current,223391.24,INR,BR004,ACTIVE,2020-01-18,2026-09-10 11:36:56.654207,2026-09-10 11:36:56.654207
21889,4507,Current,171864.76,INR,BR004,ACTIVE,2024-05-07,2026-09-10 11:36:56.654207,2026-09-10 11:36:56.654207
21890,1574,Savings,354032.30,INR,BR003,ACTIVE,2021-02-20,2026-09-10 11:36:56.654207,2026-09-10 11:36:56.654207
21891,2694,Current,415913.68,INR,BR002,ACTIVE,2024-07-21,2026-09-10 11:36:56.654207,2026-09-10 11:36:56.654207
21892,2064,Savings,108682.27,INR,BR002,ACTIVE,2021-09-26,2026-09-10 11:36:56.654207,2026-09-10 11:36:56.654207
21893,4826,Savings,473690.49,INR,BR001,ACTIVE,2023-04-30,2026-09-10 11:36:56.654207,2026-09-10 11:36:56.654207
21894,4112,Savings,338987.24,INR,BR001,ACTIVE,2024-05-23,2026-09-10 11:36:56.654207,2026-09-10 11:36:56.654207
21895,2477,Savings,110005.49,INR,BR002,ACTIVE,2021-06-24,2026-09-10 11:36:56.654207,2026-09-10 11:36:56.654207
21896,3918,Savings,186176.21,INR,BR003,ACTIVE,2022-11-25,2026-09-10 11:36:56.654207,2026-09-10 11:36:56.654207
21897,4262,Savings,53198.82,INR,BR004,ACTIVE,2020-01-12,2026-09-10 11:36:56.654207,2026-09-10 11:36:56.654207
21898,3794,Savings,298937.42,INR,BR003,ACTIVE,2024-06-17,2026-09-10 11:36:56.654207,2026-09-10 11:36:56.654207
21899,4087,Savings,85426.57,INR,BR004,ACTIVE,2020-10-05,2026-09-10 11:36:56.654207,2026-09-10 11:36:56.654207
21900,2148,Savings,346851.88,INR,BR004,ACTIVE,2021-10-10,2026-09-10 11:36:56.654207,2026-09-10 11:36:56.654207
21901,4812,Savings,368886.12,INR,BR002,ACTIVE,2021-04-18,2026-09-10 11:36:56.654207,2026-09-10 11:36:56.654207
21902,4971,Savings,240188.07,INR,BR002,ACTIVE,2023-02-17,2026-09-10 11:36:56.654207,2026-09-10 11:36:56.654207
21903,4352,Savings,47814.57,INR,BR003,ACTIVE,2022-12-26,2026-09-10 11:36:56.654207,2026-09-10 11:36:56.654207
21904,3985,Savings,305825.72,INR,BR004,ACTIVE,2023-04-08,2026-09-10 11:36:56.654207,2026-09-10 11:36:56.654207
21905,1959,Savings,186730.42,INR,BR003,ACTIVE,2023-02-05,2026-09-10 11:36:56.654207,2026-09-10 11:36:56.654207
21906,1048,Savings,474874.09,INR,BR001,ACTIVE,2022-10-11,2026-09-10 11:36:56.654207,2026-09-10 11:36:56.654207
21907,3237,Savings,257089.65,INR,BR002,ACTIVE,2022-12-03,2026-09-10 11:36:56.654207,2026-09-10 11:36:56.654207
21908,3352,Current,37060.77,INR,BR002,ACTIVE,2023-10-14,2026-09-10 11:36:56.654207,2026-09-10 11:36:56.654207
21909,2583,Savings,318388.49,INR,BR004,ACTIVE,2023-07-12,2026-09-10 11:36:56.654207,2026-09-10 11:36:56.654207
21910,4768,Savings,389897.50,INR,BR002,ACTIVE,2023-05-09,2026-09-10 11:36:56.654207,2026-09-10 11:36:56.654207
21911,4177,Current,81090.90,INR,BR003,ACTIVE,2024-03-01,2026-09-10 11:36:56.654207,2026-09-10 11:36:56.654207
21912,3417,Current,225079.62,INR,BR004,ACTIVE,2023-07-30,2026-09-10 11:36:56.654207,2026-09-10 11:36:56.654207
21913,4573,Savings,371855.28,INR,BR004,ACTIVE,2024-08-29,2026-09-10 11:36:56.654207,2026-09-10 11:36:56.654207
21914,1460,Savings,11226.31,INR,BR001,ACTIVE,2020-08-21,2026-09-10 11:36:56.654207,2026-09-10 11:36:56.654207
21915,3295,Current,15455.93,INR,BR003,ACTIVE,2020-06-21,2026-09-10 11:36:56.654207,2026-09-10 11:36:56.654207
21916,3312,Current,338779.12,INR,BR004,ACTIVE,2022-12-05,2026-09-10 11:36:56.654207,2026-09-10 11:36:56.654207
21917,2230,Savings,362838.12,INR,BR002,ACTIVE,2024-11-26,2026-09-10 11:36:56.654207,2026-09-10 11:36:56.654207
21918,2531,Savings,423088.85,INR,BR002,ACTIVE,2022-05-12,2026-09-10 11:36:56.654207,2026-09-10 11:36:56.654207
21919,1530,Savings,200400.31,INR,BR004,ACTIVE,2024-05-16,2026-09-10 11:36:56.654207,2026-09-10 11:36:56.654207
21920,2388,Savings,195498.56,INR,BR002,ACTIVE,2022-08-02,2026-09-10 11:36:56.654207,2026-09-10 11:36:56.654207
21921,4835,Current,276631.62,INR,BR004,ACTIVE,2020-08-17,2026-09-10 11:36:56.654207,2026-09-10 11:36:56.654207
21922,3798,Savings,378906.15,INR,BR004,ACTIVE,2020-10-06,2026-09-10 11:36:56.654207,2026-09-10 11:36:56.654207
21923,2364,Savings,320855.11,INR,BR004,ACTIVE,2023-12-18,2026-09-10 11:36:56.654207,2026-09-10 11:36:56.654207
21924,1407,Savings,164334.33,INR,BR002,ACTIVE,2021-04-23,2026-09-10 11:36:56.654207,2026-09-10 11:36:56.654207
21925,1453,Current,173927.08,INR,BR002,ACTIVE,2020-12-22,2026-09-10 11:36:56.654207,2026-09-10 11:36:56.654207
21926,4905,Savings,381739.46,INR,BR003,ACTIVE,2021-06-17,2026-09-10 11:36:56.654207,2026-09-10 11:36:56.654207
21927,2901,Savings,267788.68,INR,BR001,ACTIVE,2024-03-06,2026-09-10 11:36:56.654207,2026-09-10 11:36:56.654207
21928,1814,Savings,49890.11,INR,BR002,ACTIVE,2022-10-03,2026-09-10 11:36:56.654207,2026-09-10 11:36:56.654207
21929,1578,Savings,77344.48,INR,BR004,ACTIVE,2020-04-27,2026-09-10 11:36:56.654207,2026-09-10 11:36:56.654207
21930,4920,Savings,425744.00,INR,BR002,ACTIVE,2023-05-28,2026-09-10 11:36:56.654207,2026-09-10 11:36:56.654207
21931,4013,Savings,499402.91,INR,BR002,ACTIVE,2022-04-22,2026-09-10 11:36:56.654207,2026-09-10 11:36:56.654207
21932,4222,Savings,168505.77,INR,BR004,ACTIVE,2024-06-08,2026-09-10 11:36:56.654207,2026-09-10 11:36:56.654207
21933,4265,Savings,193964.13,INR,BR003,ACTIVE,2024-02-16,2026-09-10 11:36:56.654207,2026-09-10 11:36:56.654207
21934,2932,Current,78089.52,INR,BR004,ACTIVE,2022-05-27,2026-09-10 11:36:56.654207,2026-09-10 11:36:56.654207
21935,1147,Savings,118620.83,INR,BR003,ACTIVE,2023-08-12,2026-09-10 11:36:56.654207,2026-09-10 11:36:56.654207
21936,1406,Savings,212890.29,INR,BR002,ACTIVE,2021-01-02,2026-09-10 11:36:56.654207,2026-09-10 11:36:56.654207
21937,1183,Savings,142910.43,INR,BR004,ACTIVE,2022-10-24,2026-09-10 11:36:56.654207,2026-09-10 11:36:56.654207
21938,4178,Savings,351011.00,INR,BR002,ACTIVE,2023-05-05,2026-09-10 11:36:56.654207,2026-09-10 11:36:56.654207
21939,1236,Savings,269386.87,INR,BR004,ACTIVE,2024-09-28,2026-09-10 11:36:56.654207,2026-09-10 11:36:56.654207
21940,1638,Savings,411326.27,INR,BR002,ACTIVE,2023-05-22,2026-09-10 11:36:56.654207,2026-09-10 11:36:56.654207
21941,4006,Savings,362537.93,INR,BR002,ACTIVE,2023-03-12,2026-09-10 11:36:56.654207,2026-09-10 11:36:56.654207
21942,1179,Current,64922.21,INR,BR002,ACTIVE,2020-01-05,2026-09-10 11:36:56.654207,2026-09-10 11:36:56.654207
21943,3480,Savings,62571.09,INR,BR004,ACTIVE,2020-02-12,2026-09-10 11:36:56.654207,2026-09-10 11:36:56.654207
21944,4473,Savings,447928.67,INR,BR003,ACTIVE,2020-05-11,2026-09-10 11:36:56.654207,2026-09-10 11:36:56.654207
21945,1525,Current,409936.11,INR,BR002,ACTIVE,2020-10-28,2026-09-10 11:36:56.654207,2026-09-10 11:36:56.654207
21946,3791,Savings,234490.74,INR,BR004,ACTIVE,2025-01-01,2026-09-10 11:36:56.654207,2026-09-10 11:36:56.654207
21947,2564,Savings,66051.70,INR,BR004,ACTIVE,2024-06-18,2026-09-10 11:36:56.654207,2026-09-10 11:36:56.654207
21948,2915,Savings,449389.57,INR,BR002,ACTIVE,2022-07-28,2026-09-10 11:36:56.654207,2026-09-10 11:36:56.654207
21949,3371,Savings,116119.58,INR,BR002,ACTIVE,2020-01-02,2026-09-10 11:36:56.654207,2026-09-10 11:36:56.654207
21950,2285,Savings,18731.85,INR,BR003,ACTIVE,2022-12-19,2026-09-10 11:36:56.654207,2026-09-10 11:36:56.654207
21951,2636,Savings,462195.52,INR,BR002,ACTIVE,2022-10-07,2026-09-10 11:36:56.654207,2026-09-10 11:36:56.654207
21952,2724,Savings,404658.87,INR,BR003,ACTIVE,2021-11-18,2026-09-10 11:36:56.654207,2026-09-10 11:36:56.654207
21953,3447,Savings,347047.36,INR,BR001,ACTIVE,2020-09-07,2026-09-10 11:36:56.654207,2026-09-10 11:36:56.654207
21954,1337,Savings,17981.15,INR,BR004,ACTIVE,2023-02-02,2026-09-10 11:36:56.654207,2026-09-10 11:36:56.654207
21955,4372,Current,264687.16,INR,BR003,ACTIVE,2023-04-18,2026-09-10 11:36:56.654207,2026-09-10 11:36:56.654207
21956,1119,Savings,327164.44,INR,BR002,ACTIVE,2024-07-09,2026-09-10 11:36:56.654207,2026-09-10 11:36:56.654207
21957,2582,Savings,379914.27,INR,BR003,ACTIVE,2021-05-12,2026-09-10 11:36:56.654207,2026-09-10 11:36:56.654207
21958,3461,Current,236065.87,INR,BR002,ACTIVE,2020-11-21,2026-09-10 11:36:56.654207,2026-09-10 11:36:56.654207
21959,1580,Savings,476721.30,INR,BR003,ACTIVE,2020-01-24,2026-09-10 11:36:56.654207,2026-09-10 11:36:56.654207
21960,4456,Savings,123145.75,INR,BR004,ACTIVE,2024-08-23,2026-09-10 11:36:56.654207,2026-09-10 11:36:56.654207
21961,4552,Savings,35797.72,INR,BR003,ACTIVE,2022-12-01,2026-09-10 11:36:56.654207,2026-09-10 11:36:56.654207
21962,3353,Savings,167050.36,INR,BR001,ACTIVE,2023-09-20,2026-09-10 11:36:56.654207,2026-09-10 11:36:56.654207
21963,4755,Savings,331240.63,INR,BR004,ACTIVE,2022-02-19,2026-09-10 11:36:56.654207,2026-09-10 11:36:56.654207
21964,4942,Current,368841.44,INR,BR003,ACTIVE,2023-01-29,2026-09-10 11:36:56.654207,2026-09-10 11:36:56.654207
21965,1196,Savings,369509.95,INR,BR001,ACTIVE,2021-09-18,2026-09-10 11:36:56.654207,2026-09-10 11:36:56.654207
21966,1333,Savings,56226.24,INR,BR001,ACTIVE,2023-05-27,2026-09-10 11:36:56.654207,2026-09-10 11:36:56.654207
21967,4092,Savings,442659.64,INR,BR003,ACTIVE,2023-03-31,2026-09-10 11:36:56.654207,2026-09-10 11:36:56.654207
21968,1623,Savings,141136.02,INR,BR004,ACTIVE,2023-01-06,2026-09-10 11:36:56.654207,2026-09-10 11:36:56.654207
21969,1658,Savings,105745.64,INR,BR003,ACTIVE,2023-04-02,2026-09-10 11:36:56.654207,2026-09-10 11:36:56.654207
21970,1704,Current,307614.28,INR,BR004,ACTIVE,2022-03-05,2026-09-10 11:36:56.654207,2026-09-10 11:36:56.654207
21971,2457,Savings,106712.69,INR,BR004,ACTIVE,2023-12-30,2026-09-10 11:36:56.654207,2026-09-10 11:36:56.654207
21972,1883,Savings,254511.21,INR,BR003,ACTIVE,2020-04-14,2026-09-10 11:36:56.654207,2026-09-10 11:36:56.654207
21973,2450,Current,204107.82,INR,BR001,ACTIVE,2023-07-14,2026-09-10 11:36:56.654207,2026-09-10 11:36:56.654207
21974,2253,Savings,116785.10,INR,BR004,ACTIVE,2020-08-29,2026-09-10 11:36:56.654207,2026-09-10 11:36:56.654207
21975,1524,Current,146737.76,INR,BR002,ACTIVE,2021-09-10,2026-09-10 11:36:56.654207,2026-09-10 11:36:56.654207
21976,3265,Savings,214276.21,INR,BR002,ACTIVE,2023-05-24,2026-09-10 11:36:56.654207,2026-09-10 11:36:56.654207
21977,1990,Savings,173734.01,INR,BR001,ACTIVE,2022-07-02,2026-09-10 11:36:56.654207,2026-09-10 11:36:56.654207
21978,4663,Savings,191406.32,INR,BR001,ACTIVE,2024-07-07,2026-09-10 11:36:56.654207,2026-09-10 11:36:56.654207
21979,3423,Current,367981.88,INR,BR003,ACTIVE,2023-12-03,2026-09-10 11:36:56.654207,2026-09-10 11:36:56.654207
21980,1036,Savings,85021.58,INR,BR004,ACTIVE,2024-08-10,2026-09-10 11:36:56.654207,2026-09-10 11:36:56.654207
21981,1776,Savings,314181.68,INR,BR003,ACTIVE,2020-01-19,2026-09-10 11:36:56.654207,2026-09-10 11:36:56.654207
21982,1028,Savings,339400.73,INR,BR002,ACTIVE,2023-02-27,2026-09-10 11:36:56.654207,2026-09-10 11:36:56.654207
21983,4444,Savings,401241.44,INR,BR002,ACTIVE,2021-02-25,2026-09-10 11:36:56.654207,2026-09-10 11:36:56.654207
21984,1086,Current,423816.26,INR,BR004,ACTIVE,2022-01-21,2026-09-10 11:36:56.654207,2026-09-10 11:36:56.654207
21985,3236,Savings,80174.11,INR,BR004,ACTIVE,2024-10-07,2026-09-10 11:36:56.654207,2026-09-10 11:36:56.654207
21986,3353,Current,69992.12,INR,BR002,ACTIVE,2021-01-26,2026-09-10 11:36:56.654207,2026-09-10 11:36:56.654207
21987,3814,Savings,307770.74,INR,BR003,ACTIVE,2022-09-12,2026-09-10 11:36:56.654207,2026-09-10 11:36:56.654207
21988,4494,Savings,378701.36,INR,BR004,ACTIVE,2020-02-25,2026-09-10 11:36:56.654207,2026-09-10 11:36:56.654207
21989,3128,Savings,136890.89,INR,BR003,ACTIVE,2023-02-02,2026-09-10 11:36:56.654207,2026-09-10 11:36:56.654207
21990,1186,Savings,263397.76,INR,BR004,ACTIVE,2023-03-15,2026-09-10 11:36:56.654207,2026-09-10 11:36:56.654207
21991,2029,Current,386347.48,INR,BR001,ACTIVE,2021-12-28,2026-09-10 11:36:56.654207,2026-09-10 11:36:56.654207
21992,1558,Savings,383984.05,INR,BR003,ACTIVE,2021-04-08,2026-09-10 11:36:56.654207,2026-09-10 11:36:56.654207
21993,4938,Savings,327256.26,INR,BR002,ACTIVE,2022-09-12,2026-09-10 11:36:56.654207,2026-09-10 11:36:56.654207
21994,4569,Savings,40315.06,INR,BR001,ACTIVE,2022-02-11,2026-09-10 11:36:56.654207,2026-09-10 11:36:56.654207
21995,3557,Current,26271.29,INR,BR003,ACTIVE,2022-11-25,2026-09-10 11:36:56.654207,2026-09-10 11:36:56.654207
21996,2638,Savings,194834.21,INR,BR004,ACTIVE,2020-05-31,2026-09-10 11:36:56.654207,2026-09-10 11:36:56.654207
21997,1971,Savings,14317.03,INR,BR002,ACTIVE,2021-04-27,2026-09-10 11:36:56.654207,2026-09-10 11:36:56.654207
21998,2026,Savings,452168.02,INR,BR004,ACTIVE,2020-06-23,2026-09-10 11:36:56.654207,2026-09-10 11:36:56.654207
21999,1217,Savings,11052.19,INR,BR003,ACTIVE,2021-05-26,2026-09-10 11:36:56.654207,2026-09-10 11:36:56.654207
22000,4609,Savings,15776.82,INR,BR001,ACTIVE,2022-04-02,2026-09-10 11:36:56.654207,2026-09-10 11:36:56.654207
22001,1257,Savings,83498.36,INR,BR003,ACTIVE,2022-09-15,2026-09-10 11:36:56.654207,2026-09-10 11:36:56.654207
22002,4807,Savings,313880.55,INR,BR002,ACTIVE,2021-01-13,2026-09-10 11:36:56.654207,2026-09-10 11:36:56.654207
22003,2477,Savings,271235.52,INR,BR001,ACTIVE,2022-06-22,2026-09-10 11:36:56.654207,2026-09-10 11:36:56.654207
22004,2448,Savings,330084.08,INR,BR002,ACTIVE,2024-09-20,2026-09-10 11:36:56.654207,2026-09-10 11:36:56.654207
22005,1324,Current,446884.02,INR,BR004,ACTIVE,2022-08-01,2026-09-10 11:36:56.654207,2026-09-10 11:36:56.654207
22006,4571,Savings,228017.88,INR,BR001,ACTIVE,2023-01-31,2026-09-10 11:36:56.654207,2026-09-10 11:36:56.654207
22007,2605,Savings,22894.11,INR,BR003,ACTIVE,2022-07-18,2026-09-10 11:36:56.654207,2026-09-10 11:36:56.654207
22008,3245,Savings,381984.82,INR,BR004,ACTIVE,2021-06-12,2026-09-10 11:36:56.654207,2026-09-10 11:36:56.654207
22009,1504,Savings,406170.27,INR,BR004,ACTIVE,2020-04-28,2026-09-10 11:36:56.654207,2026-09-10 11:36:56.654207
22010,4344,Current,25894.29,INR,BR003,ACTIVE,2024-07-24,2026-09-10 11:36:56.654207,2026-09-10 11:36:56.654207
22011,1694,Savings,122181.80,INR,BR004,ACTIVE,2022-09-28,2026-09-10 11:36:56.654207,2026-09-10 11:36:56.654207
22012,1959,Savings,385527.80,INR,BR002,ACTIVE,2024-12-01,2026-09-10 11:36:56.654207,2026-09-10 11:36:56.654207
22013,3066,Savings,188701.46,INR,BR003,ACTIVE,2024-03-06,2026-09-10 11:36:56.654207,2026-09-10 11:36:56.654207
22014,3155,Savings,236853.05,INR,BR004,ACTIVE,2021-04-04,2026-09-10 11:36:56.654207,2026-09-10 11:36:56.654207
22015,4601,Savings,411764.70,INR,BR001,ACTIVE,2022-09-08,2026-09-10 11:36:56.654207,2026-09-10 11:36:56.654207
22016,1125,Savings,48215.15,INR,BR003,ACTIVE,2023-05-24,2026-09-10 11:36:56.654207,2026-09-10 11:36:56.654207
22017,1483,Savings,338964.88,INR,BR003,ACTIVE,2020-03-17,2026-09-10 11:36:56.654207,2026-09-10 11:36:56.654207
22018,4666,Savings,108277.21,INR,BR004,ACTIVE,2025-01-17,2026-09-10 11:36:56.654207,2026-09-10 11:36:56.654207
22019,4076,Savings,32263.06,INR,BR003,ACTIVE,2023-08-15,2026-09-10 11:36:56.654207,2026-09-10 11:36:56.654207
22020,3675,Savings,331586.42,INR,BR003,ACTIVE,2020-08-28,2026-09-10 11:36:56.654207,2026-09-10 11:36:56.654207
22021,3399,Current,61584.71,INR,BR003,ACTIVE,2024-10-16,2026-09-10 11:36:56.654207,2026-09-10 11:36:56.654207
22022,1351,Savings,373756.62,INR,BR003,ACTIVE,2024-07-17,2026-09-10 11:36:56.654207,2026-09-10 11:36:56.654207
22023,1649,Savings,102149.99,INR,BR003,ACTIVE,2024-12-23,2026-09-10 11:36:56.654207,2026-09-10 11:36:56.654207
22024,4871,Savings,25207.50,INR,BR003,ACTIVE,2025-01-02,2026-09-10 11:36:56.654207,2026-09-10 11:36:56.654207
22025,3949,Savings,50549.44,INR,BR002,ACTIVE,2022-05-27,2026-09-10 11:36:56.654207,2026-09-10 11:36:56.654207
22026,1228,Savings,420793.85,INR,BR004,ACTIVE,2020-10-16,2026-09-10 11:36:56.654207,2026-09-10 11:36:56.654207
22027,3064,Savings,186113.14,INR,BR002,ACTIVE,2020-10-30,2026-09-10 11:36:56.654207,2026-09-10 11:36:56.654207
22028,2834,Savings,151831.05,INR,BR004,ACTIVE,2023-11-27,2026-09-10 11:36:56.654207,2026-09-10 11:36:56.654207
22029,1425,Savings,246108.21,INR,BR003,ACTIVE,2024-02-08,2026-09-10 11:36:56.654207,2026-09-10 11:36:56.654207
22030,3512,Savings,316833.35,INR,BR004,ACTIVE,2022-07-17,2026-09-10 11:36:56.654207,2026-09-10 11:36:56.654207
22031,1724,Current,19514.02,INR,BR002,ACTIVE,2024-04-11,2026-09-10 11:36:56.654207,2026-09-10 11:36:56.654207
22032,4318,Savings,449196.07,INR,BR004,ACTIVE,2023-09-18,2026-09-10 11:36:56.654207,2026-09-10 11:36:56.654207
22033,2822,Current,479282.20,INR,BR003,ACTIVE,2023-08-23,2026-09-10 11:36:56.654207,2026-09-10 11:36:56.654207
22034,1794,Savings,209236.10,INR,BR003,ACTIVE,2022-04-27,2026-09-10 11:36:56.654207,2026-09-10 11:36:56.654207
22035,1177,Savings,206901.82,INR,BR003,ACTIVE,2020-06-16,2026-09-10 11:36:56.654207,2026-09-10 11:36:56.654207
22036,3591,Savings,439401.40,INR,BR002,ACTIVE,2023-09-22,2026-09-10 11:36:56.654207,2026-09-10 11:36:56.654207
22037,3557,Current,215226.59,INR,BR001,ACTIVE,2024-02-11,2026-09-10 11:36:56.654207,2026-09-10 11:36:56.654207
22038,2586,Savings,428238.78,INR,BR003,ACTIVE,2021-02-21,2026-09-10 11:36:56.654207,2026-09-10 11:36:56.654207
22039,2679,Current,15140.14,INR,BR003,ACTIVE,2020-06-10,2026-09-10 11:36:56.654207,2026-09-10 11:36:56.654207
22040,1564,Savings,245335.65,INR,BR004,ACTIVE,2023-03-04,2026-09-10 11:36:56.654207,2026-09-10 11:36:56.654207
22041,3281,Savings,476262.09,INR,BR001,ACTIVE,2023-03-05,2026-09-10 11:36:56.654207,2026-09-10 11:36:56.654207
22042,4750,Current,127149.52,INR,BR004,ACTIVE,2021-01-31,2026-09-10 11:36:56.654207,2026-09-10 11:36:56.654207
22043,4110,Current,133811.26,INR,BR002,ACTIVE,2022-01-19,2026-09-10 11:36:56.654207,2026-09-10 11:36:56.654207
22044,3539,Savings,315431.37,INR,BR001,ACTIVE,2022-10-16,2026-09-10 11:36:56.654207,2026-09-10 11:36:56.654207
22045,2017,Current,463169.25,INR,BR003,ACTIVE,2024-03-29,2026-09-10 11:36:56.654207,2026-09-10 11:36:56.654207
22046,1444,Savings,100172.38,INR,BR001,ACTIVE,2024-11-07,2026-09-10 11:36:56.654207,2026-09-10 11:36:56.654207
22047,3068,Current,460903.86,INR,BR003,ACTIVE,2022-07-10,2026-09-10 11:36:56.654207,2026-09-10 11:36:56.654207
22048,4683,Current,331838.87,INR,BR002,ACTIVE,2024-05-29,2026-09-10 11:36:56.654207,2026-09-10 11:36:56.654207
22049,4799,Current,496530.61,INR,BR004,ACTIVE,2020-11-19,2026-09-10 11:36:56.654207,2026-09-10 11:36:56.654207
22050,4628,Current,368492.96,INR,BR002,ACTIVE,2024-03-07,2026-09-10 11:36:56.654207,2026-09-10 11:36:56.654207
22051,1111,Savings,334232.47,INR,BR002,ACTIVE,2024-05-14,2026-09-10 11:36:56.654207,2026-09-10 11:36:56.654207
22052,3535,Savings,407636.68,INR,BR003,ACTIVE,2020-06-28,2026-09-10 11:36:56.654207,2026-09-10 11:36:56.654207
22053,1089,Savings,88395.02,INR,BR004,ACTIVE,2021-11-03,2026-09-10 11:36:56.654207,2026-09-10 11:36:56.654207
22054,4391,Savings,473046.82,INR,BR002,ACTIVE,2022-06-08,2026-09-10 11:36:56.654207,2026-09-10 11:36:56.654207
22055,2142,Savings,83632.16,INR,BR001,ACTIVE,2022-05-27,2026-09-10 11:36:56.654207,2026-09-10 11:36:56.654207
22056,3482,Savings,13809.51,INR,BR002,ACTIVE,2020-09-23,2026-09-10 11:36:56.654207,2026-09-10 11:36:56.654207
22057,2942,Savings,349230.56,INR,BR003,ACTIVE,2021-11-10,2026-09-10 11:36:56.654207,2026-09-10 11:36:56.654207
22058,4311,Savings,93113.12,INR,BR001,ACTIVE,2024-06-13,2026-09-10 11:36:56.654207,2026-09-10 11:36:56.654207
22059,1072,Current,379617.84,INR,BR001,ACTIVE,2021-08-15,2026-09-10 11:36:56.654207,2026-09-10 11:36:56.654207
22060,1822,Savings,397724.45,INR,BR004,ACTIVE,2020-03-25,2026-09-10 11:36:56.654207,2026-09-10 11:36:56.654207
22061,4977,Savings,119112.92,INR,BR001,ACTIVE,2022-09-17,2026-09-10 11:36:56.654207,2026-09-10 11:36:56.654207
22062,4471,Savings,44273.44,INR,BR001,ACTIVE,2021-09-01,2026-09-10 11:36:56.654207,2026-09-10 11:36:56.654207
22063,1816,Savings,250909.66,INR,BR003,ACTIVE,2023-11-08,2026-09-10 11:36:56.654207,2026-09-10 11:36:56.654207
22064,1404,Savings,445219.04,INR,BR004,ACTIVE,2024-11-03,2026-09-10 11:36:56.654207,2026-09-10 11:36:56.654207
22065,2699,Savings,423798.26,INR,BR002,ACTIVE,2024-11-03,2026-09-10 11:36:56.654207,2026-09-10 11:36:56.654207
22066,1251,Savings,59424.15,INR,BR001,ACTIVE,2021-07-07,2026-09-10 11:36:56.654207,2026-09-10 11:36:56.654207
22067,3917,Savings,482426.85,INR,BR002,ACTIVE,2022-06-07,2026-09-10 11:36:56.654207,2026-09-10 11:36:56.654207
22068,4267,Savings,132710.65,INR,BR002,ACTIVE,2022-12-09,2026-09-10 11:36:56.654207,2026-09-10 11:36:56.654207
22069,3043,Savings,175346.20,INR,BR002,ACTIVE,2021-07-06,2026-09-10 11:36:56.654207,2026-09-10 11:36:56.654207
22070,2596,Savings,75376.07,INR,BR004,ACTIVE,2022-04-03,2026-09-10 11:36:56.654207,2026-09-10 11:36:56.654207
22071,2634,Savings,189523.68,INR,BR002,ACTIVE,2022-05-18,2026-09-10 11:36:56.654207,2026-09-10 11:36:56.654207
22072,2954,Savings,318184.91,INR,BR003,ACTIVE,2024-04-15,2026-09-10 11:36:56.654207,2026-09-10 11:36:56.654207
22073,1868,Current,253533.05,INR,BR004,ACTIVE,2021-03-16,2026-09-10 11:36:56.654207,2026-09-10 11:36:56.654207
22074,2891,Savings,413942.20,INR,BR004,ACTIVE,2022-01-01,2026-09-10 11:36:56.654207,2026-09-10 11:36:56.654207
22075,4657,Savings,321009.10,INR,BR004,ACTIVE,2024-06-30,2026-09-10 11:36:56.654207,2026-09-10 11:36:56.654207
22076,4294,Savings,132508.69,INR,BR004,ACTIVE,2020-05-20,2026-09-10 11:36:56.654207,2026-09-10 11:36:56.654207
22077,4703,Savings,279161.58,INR,BR001,ACTIVE,2023-03-10,2026-09-10 11:36:56.654207,2026-09-10 11:36:56.654207
22078,4254,Savings,33031.37,INR,BR001,ACTIVE,2020-09-25,2026-09-10 11:36:56.654207,2026-09-10 11:36:56.654207
22079,1896,Current,290814.49,INR,BR002,ACTIVE,2021-10-18,2026-09-10 11:36:56.654207,2026-09-10 11:36:56.654207
22080,4802,Savings,195442.25,INR,BR001,ACTIVE,2020-12-19,2026-09-10 11:36:56.654207,2026-09-10 11:36:56.654207
22081,1256,Savings,50100.85,INR,BR004,ACTIVE,2022-06-05,2026-09-10 11:36:56.654207,2026-09-10 11:36:56.654207
22082,2932,Savings,154424.51,INR,BR002,ACTIVE,2020-10-18,2026-09-10 11:36:56.654207,2026-09-10 11:36:56.654207
22083,2112,Savings,449145.41,INR,BR003,ACTIVE,2023-07-31,2026-09-10 11:36:56.654207,2026-09-10 11:36:56.654207
22084,1873,Savings,293432.94,INR,BR001,ACTIVE,2024-09-24,2026-09-10 11:36:56.654207,2026-09-10 11:36:56.654207
22085,4859,Savings,451729.16,INR,BR004,ACTIVE,2021-01-03,2026-09-10 11:36:56.654207,2026-09-10 11:36:56.654207
22086,1492,Savings,205991.19,INR,BR002,ACTIVE,2023-11-01,2026-09-10 11:36:56.654207,2026-09-10 11:36:56.654207
22087,3384,Savings,489475.39,INR,BR001,ACTIVE,2023-03-08,2026-09-10 11:36:56.654207,2026-09-10 11:36:56.654207
22088,2562,Current,180649.51,INR,BR004,ACTIVE,2020-02-23,2026-09-10 11:36:56.654207,2026-09-10 11:36:56.654207
22089,2431,Savings,378645.50,INR,BR002,ACTIVE,2020-04-25,2026-09-10 11:36:56.654207,2026-09-10 11:36:56.654207
22090,1633,Current,153396.14,INR,BR001,ACTIVE,2022-08-16,2026-09-10 11:36:56.654207,2026-09-10 11:36:56.654207
22091,2313,Current,53889.28,INR,BR003,ACTIVE,2020-11-27,2026-09-10 11:36:56.654207,2026-09-10 11:36:56.654207
22092,1362,Savings,416695.24,INR,BR001,ACTIVE,2022-10-23,2026-09-10 11:36:56.654207,2026-09-10 11:36:56.654207
22093,2465,Savings,381528.18,INR,BR004,ACTIVE,2024-06-15,2026-09-10 11:36:56.654207,2026-09-10 11:36:56.654207
22094,4102,Savings,410493.89,INR,BR004,ACTIVE,2023-12-18,2026-09-10 11:36:56.654207,2026-09-10 11:36:56.654207
22095,1919,Current,150547.57,INR,BR003,ACTIVE,2024-09-07,2026-09-10 11:36:56.654207,2026-09-10 11:36:56.654207
22096,4786,Savings,352127.15,INR,BR003,ACTIVE,2024-02-08,2026-09-10 11:36:56.654207,2026-09-10 11:36:56.654207
22097,1894,Current,110741.50,INR,BR002,ACTIVE,2024-12-15,2026-09-10 11:36:56.654207,2026-09-10 11:36:56.654207
22098,4620,Savings,6644.46,INR,BR002,ACTIVE,2020-11-14,2026-09-10 11:36:56.654207,2026-09-10 11:36:56.654207
22099,3685,Current,433377.90,INR,BR004,ACTIVE,2024-05-05,2026-09-10 11:36:56.654207,2026-09-10 11:36:56.654207
22100,2247,Savings,262239.22,INR,BR001,ACTIVE,2024-01-23,2026-09-10 11:36:56.654207,2026-09-10 11:36:56.654207
22101,1747,Current,491843.02,INR,BR003,ACTIVE,2023-04-20,2026-09-10 11:36:56.654207,2026-09-10 11:36:56.654207
22102,2148,Savings,193132.81,INR,BR002,ACTIVE,2024-06-06,2026-09-10 11:36:56.654207,2026-09-10 11:36:56.654207
22103,3731,Savings,478479.63,INR,BR004,ACTIVE,2024-03-23,2026-09-10 11:36:56.654207,2026-09-10 11:36:56.654207
22104,2003,Savings,307913.57,INR,BR004,ACTIVE,2023-09-25,2026-09-10 11:36:56.654207,2026-09-10 11:36:56.654207
22105,3022,Savings,256590.33,INR,BR004,ACTIVE,2023-09-24,2026-09-10 11:36:56.654207,2026-09-10 11:36:56.654207
22106,2007,Savings,152101.99,INR,BR003,ACTIVE,2020-06-05,2026-09-10 11:36:56.654207,2026-09-10 11:36:56.654207
22107,3741,Savings,412812.89,INR,BR003,ACTIVE,2022-10-09,2026-09-10 11:36:56.654207,2026-09-10 11:36:56.654207
22108,1215,Savings,414568.58,INR,BR003,ACTIVE,2024-06-02,2026-09-10 11:36:56.654207,2026-09-10 11:36:56.654207
22109,3166,Savings,209047.84,INR,BR001,ACTIVE,2023-04-14,2026-09-10 11:36:56.654207,2026-09-10 11:36:56.654207
22110,1227,Savings,363919.28,INR,BR003,ACTIVE,2024-03-22,2026-09-10 11:36:56.654207,2026-09-10 11:36:56.654207
22111,1891,Savings,224171.73,INR,BR004,ACTIVE,2022-09-13,2026-09-10 11:36:56.654207,2026-09-10 11:36:56.654207
22112,3492,Savings,370089.99,INR,BR003,ACTIVE,2022-07-18,2026-09-10 11:36:56.654207,2026-09-10 11:36:56.654207
22113,3597,Savings,497100.89,INR,BR001,ACTIVE,2021-04-23,2026-09-10 11:36:56.654207,2026-09-10 11:36:56.654207
22114,3877,Savings,131985.66,INR,BR001,ACTIVE,2022-11-16,2026-09-10 11:36:56.654207,2026-09-10 11:36:56.654207
22115,2632,Savings,317392.18,INR,BR004,ACTIVE,2021-11-30,2026-09-10 11:36:56.654207,2026-09-10 11:36:56.654207
22116,4704,Current,190559.10,INR,BR002,ACTIVE,2022-02-20,2026-09-10 11:36:56.654207,2026-09-10 11:36:56.654207
22117,3027,Savings,274637.41,INR,BR003,ACTIVE,2020-03-05,2026-09-10 11:36:56.654207,2026-09-10 11:36:56.654207
22118,2461,Current,437199.49,INR,BR003,ACTIVE,2021-04-13,2026-09-10 11:36:56.654207,2026-09-10 11:36:56.654207
22119,1012,Savings,174440.36,INR,BR001,ACTIVE,2021-08-24,2026-09-10 11:36:56.654207,2026-09-10 11:36:56.654207
22120,2146,Savings,37121.76,INR,BR001,ACTIVE,2023-01-11,2026-09-10 11:36:56.654207,2026-09-10 11:36:56.654207
22121,4619,Savings,399669.66,INR,BR002,ACTIVE,2023-05-01,2026-09-10 11:36:56.654207,2026-09-10 11:36:56.654207
22122,3537,Current,277957.40,INR,BR001,ACTIVE,2024-05-16,2026-09-10 11:36:56.654207,2026-09-10 11:36:56.654207
22123,4323,Savings,225251.07,INR,BR001,ACTIVE,2023-02-06,2026-09-10 11:36:56.654207,2026-09-10 11:36:56.654207
22124,3627,Savings,92483.19,INR,BR001,ACTIVE,2023-08-17,2026-09-10 11:36:56.654207,2026-09-10 11:36:56.654207
22125,4554,Savings,47333.51,INR,BR001,ACTIVE,2022-09-23,2026-09-10 11:36:56.654207,2026-09-10 11:36:56.654207
22126,2574,Current,140089.04,INR,BR002,ACTIVE,2024-07-16,2026-09-10 11:36:56.654207,2026-09-10 11:36:56.654207
22127,2304,Savings,359733.23,INR,BR003,ACTIVE,2021-09-30,2026-09-10 11:36:56.654207,2026-09-10 11:36:56.654207
22128,1742,Current,206473.69,INR,BR003,ACTIVE,2024-07-07,2026-09-10 11:36:56.654207,2026-09-10 11:36:56.654207
22129,2361,Savings,285543.57,INR,BR003,ACTIVE,2023-07-11,2026-09-10 11:36:56.654207,2026-09-10 11:36:56.654207
22130,3216,Savings,41940.73,INR,BR003,ACTIVE,2024-10-09,2026-09-10 11:36:56.654207,2026-09-10 11:36:56.654207
22131,4009,Savings,62498.28,INR,BR003,ACTIVE,2020-06-19,2026-09-10 11:36:56.654207,2026-09-10 11:36:56.654207
22132,2977,Savings,6641.61,INR,BR004,ACTIVE,2024-10-04,2026-09-10 11:36:56.654207,2026-09-10 11:36:56.654207
22133,4400,Current,336968.94,INR,BR004,ACTIVE,2023-10-18,2026-09-10 11:36:56.654207,2026-09-10 11:36:56.654207
22134,4318,Savings,132962.81,INR,BR001,ACTIVE,2020-11-24,2026-09-10 11:36:56.654207,2026-09-10 11:36:56.654207
22135,4663,Savings,483496.37,INR,BR004,ACTIVE,2020-11-27,2026-09-10 11:36:56.654207,2026-09-10 11:36:56.654207
22136,4698,Savings,154919.45,INR,BR003,ACTIVE,2021-11-27,2026-09-10 11:36:56.654207,2026-09-10 11:36:56.654207
22137,2325,Savings,182445.40,INR,BR001,ACTIVE,2021-07-23,2026-09-10 11:36:56.654207,2026-09-10 11:36:56.654207
22138,4801,Savings,235275.43,INR,BR003,ACTIVE,2021-06-12,2026-09-10 11:36:56.654207,2026-09-10 11:36:56.654207
22139,3248,Current,160251.23,INR,BR003,ACTIVE,2020-10-18,2026-09-10 11:36:56.654207,2026-09-10 11:36:56.654207
22140,2917,Savings,408904.17,INR,BR001,ACTIVE,2023-05-22,2026-09-10 11:36:56.654207,2026-09-10 11:36:56.654207
22141,4572,Savings,438227.20,INR,BR003,ACTIVE,2023-03-11,2026-09-10 11:36:56.654207,2026-09-10 11:36:56.654207
22142,3912,Savings,6507.00,INR,BR004,ACTIVE,2024-04-03,2026-09-10 11:36:56.654207,2026-09-10 11:36:56.654207
22143,3802,Savings,327676.15,INR,BR001,ACTIVE,2022-06-21,2026-09-10 11:36:56.654207,2026-09-10 11:36:56.654207
22144,4085,Savings,343358.05,INR,BR002,ACTIVE,2024-04-07,2026-09-10 11:36:56.654207,2026-09-10 11:36:56.654207
22145,2390,Savings,480751.01,INR,BR002,ACTIVE,2020-07-18,2026-09-10 11:36:56.654207,2026-09-10 11:36:56.654207
22146,2743,Savings,185829.20,INR,BR002,ACTIVE,2024-06-30,2026-09-10 11:36:56.654207,2026-09-10 11:36:56.654207
22147,1774,Savings,98444.70,INR,BR003,ACTIVE,2024-05-01,2026-09-10 11:36:56.654207,2026-09-10 11:36:56.654207
22148,3145,Savings,260769.95,INR,BR003,ACTIVE,2024-10-09,2026-09-10 11:36:56.654207,2026-09-10 11:36:56.654207
22149,3119,Current,224330.29,INR,BR003,ACTIVE,2021-09-10,2026-09-10 11:36:56.654207,2026-09-10 11:36:56.654207
22150,1993,Savings,396074.00,INR,BR003,ACTIVE,2021-04-12,2026-09-10 11:36:56.654207,2026-09-10 11:36:56.654207
22151,2839,Savings,452083.75,INR,BR001,ACTIVE,2021-01-05,2026-09-10 11:36:56.654207,2026-09-10 11:36:56.654207
22152,2885,Savings,44267.31,INR,BR002,ACTIVE,2024-03-03,2026-09-10 11:36:56.654207,2026-09-10 11:36:56.654207
22153,4814,Savings,423443.16,INR,BR004,ACTIVE,2021-09-06,2026-09-10 11:36:56.654207,2026-09-10 11:36:56.654207
22154,3405,Savings,454576.47,INR,BR001,ACTIVE,2024-10-09,2026-09-10 11:36:56.654207,2026-09-10 11:36:56.654207
22155,1812,Current,462143.80,INR,BR002,ACTIVE,2023-03-05,2026-09-10 11:36:56.654207,2026-09-10 11:36:56.654207
22156,3592,Current,382390.62,INR,BR002,ACTIVE,2024-11-09,2026-09-10 11:36:56.654207,2026-09-10 11:36:56.654207
22157,4322,Savings,371299.20,INR,BR001,ACTIVE,2021-01-22,2026-09-10 11:36:56.654207,2026-09-10 11:36:56.654207
22158,3302,Savings,8433.49,INR,BR001,ACTIVE,2023-07-23,2026-09-10 11:36:56.654207,2026-09-10 11:36:56.654207
22159,4843,Savings,460175.62,INR,BR001,ACTIVE,2021-07-04,2026-09-10 11:36:56.654207,2026-09-10 11:36:56.654207
22160,4254,Savings,176401.10,INR,BR004,ACTIVE,2024-04-08,2026-09-10 11:36:56.654207,2026-09-10 11:36:56.654207
22161,2876,Current,21519.83,INR,BR002,ACTIVE,2022-02-02,2026-09-10 11:36:56.654207,2026-09-10 11:36:56.654207
22162,4036,Savings,207076.68,INR,BR004,ACTIVE,2023-09-22,2026-09-10 11:36:56.654207,2026-09-10 11:36:56.654207
22163,4238,Savings,366693.46,INR,BR004,ACTIVE,2020-01-23,2026-09-10 11:36:56.654207,2026-09-10 11:36:56.654207
22164,1004,Savings,221535.65,INR,BR004,ACTIVE,2022-06-20,2026-09-10 11:36:56.654207,2026-09-10 11:36:56.654207
22165,2487,Savings,379247.53,INR,BR004,ACTIVE,2020-11-07,2026-09-10 11:36:56.654207,2026-09-10 11:36:56.654207
22166,3193,Current,255195.30,INR,BR004,ACTIVE,2022-02-19,2026-09-10 11:36:56.654207,2026-09-10 11:36:56.654207
22167,1165,Savings,150414.15,INR,BR001,ACTIVE,2020-09-29,2026-09-10 11:36:56.654207,2026-09-10 11:36:56.654207
22168,1344,Current,102253.26,INR,BR004,ACTIVE,2022-08-21,2026-09-10 11:36:56.654207,2026-09-10 11:36:56.654207
22169,2898,Savings,211130.54,INR,BR003,ACTIVE,2022-11-12,2026-09-10 11:36:56.654207,2026-09-10 11:36:56.654207
22170,2129,Savings,18865.92,INR,BR001,ACTIVE,2024-10-15,2026-09-10 11:36:56.654207,2026-09-10 11:36:56.654207
22171,4620,Savings,211849.41,INR,BR002,ACTIVE,2022-03-30,2026-09-10 11:36:56.654207,2026-09-10 11:36:56.654207
22172,2338,Savings,35241.43,INR,BR002,ACTIVE,2023-10-20,2026-09-10 11:36:56.654207,2026-09-10 11:36:56.654207
22173,4241,Savings,438625.35,INR,BR001,ACTIVE,2021-03-23,2026-09-10 11:36:56.654207,2026-09-10 11:36:56.654207
22174,3568,Savings,288165.03,INR,BR004,ACTIVE,2020-04-19,2026-09-10 11:36:56.654207,2026-09-10 11:36:56.654207
22175,3974,Current,323375.44,INR,BR001,ACTIVE,2022-04-14,2026-09-10 11:36:56.654207,2026-09-10 11:36:56.654207
22176,2622,Savings,145143.13,INR,BR002,ACTIVE,2021-04-18,2026-09-10 11:36:56.654207,2026-09-10 11:36:56.654207
22177,4508,Current,113684.72,INR,BR002,ACTIVE,2024-05-15,2026-09-10 11:36:56.654207,2026-09-10 11:36:56.654207
22178,3657,Current,354244.72,INR,BR001,ACTIVE,2021-10-07,2026-09-10 11:36:56.654207,2026-09-10 11:36:56.654207
22179,3560,Savings,336111.18,INR,BR003,ACTIVE,2022-01-19,2026-09-10 11:36:56.654207,2026-09-10 11:36:56.654207
22180,3457,Savings,62216.55,INR,BR003,ACTIVE,2023-02-01,2026-09-10 11:36:56.654207,2026-09-10 11:36:56.654207
22181,3484,Savings,120082.05,INR,BR003,ACTIVE,2020-02-26,2026-09-10 11:36:56.654207,2026-09-10 11:36:56.654207
22182,2339,Savings,473341.32,INR,BR002,ACTIVE,2023-03-23,2026-09-10 11:36:56.654207,2026-09-10 11:36:56.654207
22183,1542,Savings,152784.54,INR,BR003,ACTIVE,2023-11-25,2026-09-10 11:36:56.654207,2026-09-10 11:36:56.654207
22184,1613,Savings,13889.92,INR,BR003,ACTIVE,2024-02-22,2026-09-10 11:36:56.654207,2026-09-10 11:36:56.654207
22185,4651,Savings,32827.24,INR,BR001,ACTIVE,2021-11-06,2026-09-10 11:36:56.654207,2026-09-10 11:36:56.654207
22186,1900,Current,387971.90,INR,BR004,ACTIVE,2022-05-25,2026-09-10 11:36:56.654207,2026-09-10 11:36:56.654207
22187,2885,Savings,378820.69,INR,BR004,ACTIVE,2023-04-27,2026-09-10 11:36:56.654207,2026-09-10 11:36:56.654207
22188,4135,Current,191531.81,INR,BR001,ACTIVE,2020-11-03,2026-09-10 11:36:56.654207,2026-09-10 11:36:56.654207
22189,2056,Savings,77447.19,INR,BR004,ACTIVE,2022-11-30,2026-09-10 11:36:56.654207,2026-09-10 11:36:56.654207
22190,2623,Savings,249554.50,INR,BR003,ACTIVE,2020-12-02,2026-09-10 11:36:56.654207,2026-09-10 11:36:56.654207
22191,4283,Savings,166612.44,INR,BR002,ACTIVE,2022-03-07,2026-09-10 11:36:56.654207,2026-09-10 11:36:56.654207
22192,2487,Savings,187610.21,INR,BR003,ACTIVE,2022-10-06,2026-09-10 11:36:56.654207,2026-09-10 11:36:56.654207
22193,3611,Savings,131231.69,INR,BR001,ACTIVE,2021-05-20,2026-09-10 11:36:56.654207,2026-09-10 11:36:56.654207
22194,3623,Savings,32366.10,INR,BR004,ACTIVE,2024-04-10,2026-09-10 11:36:56.654207,2026-09-10 11:36:56.654207
22195,4152,Savings,395788.48,INR,BR001,ACTIVE,2024-03-28,2026-09-10 11:36:56.654207,2026-09-10 11:36:56.654207
22196,4070,Current,309492.19,INR,BR001,ACTIVE,2023-12-12,2026-09-10 11:36:56.654207,2026-09-10 11:36:56.654207
22197,3391,Savings,417482.93,INR,BR003,ACTIVE,2023-05-07,2026-09-10 11:36:56.654207,2026-09-10 11:36:56.654207
22198,2256,Savings,252097.79,INR,BR004,ACTIVE,2020-10-07,2026-09-10 11:36:56.654207,2026-09-10 11:36:56.654207
22199,4950,Savings,492508.33,INR,BR002,ACTIVE,2023-12-05,2026-09-10 11:36:56.654207,2026-09-10 11:36:56.654207
22200,3661,Savings,481299.93,INR,BR003,ACTIVE,2023-10-01,2026-09-10 11:36:56.654207,2026-09-10 11:36:56.654207
22201,1129,Savings,136619.96,INR,BR001,ACTIVE,2023-01-27,2026-09-10 11:36:56.654207,2026-09-10 11:36:56.654207
22202,2043,Current,194101.48,INR,BR001,ACTIVE,2020-11-26,2026-09-10 11:36:56.654207,2026-09-10 11:36:56.654207
22203,1357,Savings,376602.00,INR,BR004,ACTIVE,2021-09-22,2026-09-10 11:36:56.654207,2026-09-10 11:36:56.654207
22204,2443,Savings,388525.13,INR,BR001,ACTIVE,2023-08-04,2026-09-10 11:36:56.654207,2026-09-10 11:36:56.654207
22205,4007,Savings,455438.87,INR,BR001,ACTIVE,2024-06-13,2026-09-10 11:36:56.654207,2026-09-10 11:36:56.654207
22206,4678,Savings,326664.28,INR,BR003,ACTIVE,2023-04-07,2026-09-10 11:36:56.654207,2026-09-10 11:36:56.654207
22207,1081,Savings,238085.37,INR,BR004,ACTIVE,2024-11-17,2026-09-10 11:36:56.654207,2026-09-10 11:36:56.654207
22208,4687,Savings,189448.12,INR,BR003,ACTIVE,2022-05-31,2026-09-10 11:36:56.654207,2026-09-10 11:36:56.654207
22209,2905,Savings,210170.10,INR,BR002,ACTIVE,2022-08-16,2026-09-10 11:36:56.654207,2026-09-10 11:36:56.654207
22210,3714,Savings,425352.17,INR,BR001,ACTIVE,2021-07-29,2026-09-10 11:36:56.654207,2026-09-10 11:36:56.654207
22211,3829,Savings,490024.41,INR,BR003,ACTIVE,2021-11-23,2026-09-10 11:36:56.654207,2026-09-10 11:36:56.654207
22212,2142,Savings,26902.68,INR,BR003,ACTIVE,2021-12-27,2026-09-10 11:36:56.654207,2026-09-10 11:36:56.654207
22213,2878,Savings,290542.09,INR,BR004,ACTIVE,2021-12-29,2026-09-10 11:36:56.654207,2026-09-10 11:36:56.654207
22214,4566,Current,260506.93,INR,BR001,ACTIVE,2024-05-28,2026-09-10 11:36:56.654207,2026-09-10 11:36:56.654207
22215,1791,Savings,188695.00,INR,BR003,ACTIVE,2022-02-10,2026-09-10 11:36:56.654207,2026-09-10 11:36:56.654207
22216,3540,Savings,425936.65,INR,BR001,ACTIVE,2020-10-19,2026-09-10 11:36:56.654207,2026-09-10 11:36:56.654207
22217,2899,Savings,288295.77,INR,BR002,ACTIVE,2025-01-04,2026-09-10 11:36:56.654207,2026-09-10 11:36:56.654207
22218,1225,Savings,157244.92,INR,BR001,ACTIVE,2024-03-29,2026-09-10 11:36:56.654207,2026-09-10 11:36:56.654207
22219,4035,Savings,222607.92,INR,BR001,ACTIVE,2021-04-05,2026-09-10 11:36:56.654207,2026-09-10 11:36:56.654207
22220,3467,Savings,179044.98,INR,BR003,ACTIVE,2021-04-17,2026-09-10 11:36:56.654207,2026-09-10 11:36:56.654207
22221,1780,Savings,215612.72,INR,BR004,ACTIVE,2020-05-20,2026-09-10 11:36:56.654207,2026-09-10 11:36:56.654207
22222,1137,Savings,36561.63,INR,BR004,ACTIVE,2022-09-26,2026-09-10 11:36:56.654207,2026-09-10 11:36:56.654207
22223,1226,Savings,56845.99,INR,BR004,ACTIVE,2020-01-08,2026-09-10 11:36:56.654207,2026-09-10 11:36:56.654207
22224,4406,Current,312222.15,INR,BR002,ACTIVE,2024-09-28,2026-09-10 11:36:56.654207,2026-09-10 11:36:56.654207
22225,2253,Current,342350.12,INR,BR002,ACTIVE,2021-03-08,2026-09-10 11:36:56.654207,2026-09-10 11:36:56.654207
22226,3371,Savings,318673.59,INR,BR003,ACTIVE,2023-10-05,2026-09-10 11:36:56.654207,2026-09-10 11:36:56.654207
22227,4180,Current,381774.62,INR,BR004,ACTIVE,2022-10-06,2026-09-10 11:36:56.654207,2026-09-10 11:36:56.654207
22228,1812,Current,471823.48,INR,BR002,ACTIVE,2024-01-31,2026-09-10 11:36:56.654207,2026-09-10 11:36:56.654207
22229,3493,Savings,430448.54,INR,BR004,ACTIVE,2024-08-05,2026-09-10 11:36:56.654207,2026-09-10 11:36:56.654207
22230,2941,Savings,209836.28,INR,BR004,ACTIVE,2022-06-29,2026-09-10 11:36:56.654207,2026-09-10 11:36:56.654207
22231,1007,Savings,109554.03,INR,BR002,ACTIVE,2023-01-12,2026-09-10 11:36:56.654207,2026-09-10 11:36:56.654207
22232,1128,Current,156614.25,INR,BR004,ACTIVE,2023-01-01,2026-09-10 11:36:56.654207,2026-09-10 11:36:56.654207
22233,4425,Savings,294283.00,INR,BR001,ACTIVE,2020-11-05,2026-09-10 11:36:56.654207,2026-09-10 11:36:56.654207
22234,1267,Current,428247.96,INR,BR003,ACTIVE,2024-02-18,2026-09-10 11:36:56.654207,2026-09-10 11:36:56.654207
22235,3733,Savings,351160.34,INR,BR002,ACTIVE,2023-02-26,2026-09-10 11:36:56.654207,2026-09-10 11:36:56.654207
22236,1928,Savings,271963.54,INR,BR002,ACTIVE,2024-06-23,2026-09-10 11:36:56.654207,2026-09-10 11:36:56.654207
22237,1214,Savings,301337.30,INR,BR004,ACTIVE,2023-05-28,2026-09-10 11:36:56.654207,2026-09-10 11:36:56.654207
22238,1247,Savings,264602.35,INR,BR002,ACTIVE,2023-08-03,2026-09-10 11:36:56.654207,2026-09-10 11:36:56.654207
22239,2642,Current,485842.13,INR,BR001,ACTIVE,2024-01-04,2026-09-10 11:36:56.654207,2026-09-10 11:36:56.654207
22240,2619,Savings,408229.63,INR,BR004,ACTIVE,2022-05-17,2026-09-10 11:36:56.654207,2026-09-10 11:36:56.654207
22241,2828,Savings,390857.33,INR,BR001,ACTIVE,2020-08-24,2026-09-10 11:36:56.654207,2026-09-10 11:36:56.654207
22242,4446,Savings,259147.16,INR,BR003,ACTIVE,2021-11-02,2026-09-10 11:36:56.654207,2026-09-10 11:36:56.654207
22243,1421,Savings,166572.92,INR,BR003,ACTIVE,2020-09-11,2026-09-10 11:36:56.654207,2026-09-10 11:36:56.654207
22244,2739,Savings,10737.53,INR,BR001,ACTIVE,2021-05-07,2026-09-10 11:36:56.654207,2026-09-10 11:36:56.654207
22245,2065,Current,22671.58,INR,BR004,ACTIVE,2020-10-24,2026-09-10 11:36:56.654207,2026-09-10 11:36:56.654207
22246,3765,Savings,16088.72,INR,BR003,ACTIVE,2023-03-14,2026-09-10 11:36:56.654207,2026-09-10 11:36:56.654207
22247,2372,Savings,490257.91,INR,BR004,ACTIVE,2020-10-20,2026-09-10 11:36:56.654207,2026-09-10 11:36:56.654207
22248,4633,Current,58126.69,INR,BR004,ACTIVE,2023-07-27,2026-09-10 11:36:56.654207,2026-09-10 11:36:56.654207
22249,1143,Current,71917.31,INR,BR003,ACTIVE,2020-02-19,2026-09-10 11:36:56.654207,2026-09-10 11:36:56.654207
22250,3189,Savings,242590.84,INR,BR003,ACTIVE,2024-08-06,2026-09-10 11:36:56.654207,2026-09-10 11:36:56.654207
22251,3613,Savings,241219.18,INR,BR001,ACTIVE,2020-05-28,2026-09-10 11:36:56.654207,2026-09-10 11:36:56.654207
22252,3155,Savings,460066.91,INR,BR004,ACTIVE,2021-01-05,2026-09-10 11:36:56.654207,2026-09-10 11:36:56.654207
22253,3081,Savings,37692.83,INR,BR001,ACTIVE,2024-09-04,2026-09-10 11:36:56.654207,2026-09-10 11:36:56.654207
22254,4272,Savings,478662.34,INR,BR002,ACTIVE,2020-03-17,2026-09-10 11:36:56.654207,2026-09-10 11:36:56.654207
22255,3167,Savings,108978.73,INR,BR002,ACTIVE,2020-12-30,2026-09-10 11:36:56.654207,2026-09-10 11:36:56.654207
22256,2824,Savings,485106.75,INR,BR002,ACTIVE,2024-10-02,2026-09-10 11:36:56.654207,2026-09-10 11:36:56.654207
22257,1229,Current,271120.73,INR,BR002,ACTIVE,2024-09-09,2026-09-10 11:36:56.654207,2026-09-10 11:36:56.654207
22258,4702,Current,326354.36,INR,BR003,ACTIVE,2023-09-09,2026-09-10 11:36:56.654207,2026-09-10 11:36:56.654207
22259,3736,Savings,158548.66,INR,BR003,ACTIVE,2023-03-09,2026-09-10 11:36:56.654207,2026-09-10 11:36:56.654207
22260,2988,Current,306300.15,INR,BR001,ACTIVE,2020-03-10,2026-09-10 11:36:56.654207,2026-09-10 11:36:56.654207
22261,4257,Savings,355704.06,INR,BR003,ACTIVE,2022-04-27,2026-09-10 11:36:56.654207,2026-09-10 11:36:56.654207
22262,1830,Savings,6174.71,INR,BR003,ACTIVE,2021-06-28,2026-09-10 11:36:56.654207,2026-09-10 11:36:56.654207
22263,4059,Savings,18079.98,INR,BR003,ACTIVE,2022-07-26,2026-09-10 11:36:56.654207,2026-09-10 11:36:56.654207
22264,1850,Savings,493252.03,INR,BR002,ACTIVE,2024-08-06,2026-09-10 11:36:56.654207,2026-09-10 11:36:56.654207
22265,2239,Savings,229321.00,INR,BR001,ACTIVE,2020-03-22,2026-09-10 11:36:56.654207,2026-09-10 11:36:56.654207
22266,3781,Savings,467972.95,INR,BR004,ACTIVE,2022-10-11,2026-09-10 11:36:56.654207,2026-09-10 11:36:56.654207
22267,2154,Savings,365218.91,INR,BR004,ACTIVE,2023-05-27,2026-09-10 11:36:56.654207,2026-09-10 11:36:56.654207
22268,1845,Savings,187111.19,INR,BR004,ACTIVE,2023-11-23,2026-09-10 11:36:56.654207,2026-09-10 11:36:56.654207
22269,3320,Savings,76270.16,INR,BR002,ACTIVE,2024-10-05,2026-09-10 11:36:56.654207,2026-09-10 11:36:56.654207
22270,4830,Current,489097.71,INR,BR003,ACTIVE,2020-02-09,2026-09-10 11:36:56.654207,2026-09-10 11:36:56.654207
22271,3683,Savings,292663.63,INR,BR003,ACTIVE,2022-08-08,2026-09-10 11:36:56.654207,2026-09-10 11:36:56.654207
22272,4080,Savings,96985.96,INR,BR004,ACTIVE,2020-08-05,2026-09-10 11:36:56.654207,2026-09-10 11:36:56.654207
22273,1403,Savings,341144.84,INR,BR004,ACTIVE,2024-03-26,2026-09-10 11:36:56.654207,2026-09-10 11:36:56.654207
22274,3976,Savings,46932.21,INR,BR001,ACTIVE,2023-04-14,2026-09-10 11:36:56.654207,2026-09-10 11:36:56.654207
22275,2603,Savings,434150.60,INR,BR002,ACTIVE,2022-07-26,2026-09-10 11:36:56.654207,2026-09-10 11:36:56.654207
22276,1627,Current,45978.54,INR,BR003,ACTIVE,2023-10-23,2026-09-10 11:36:56.654207,2026-09-10 11:36:56.654207
22277,4441,Current,118860.98,INR,BR004,ACTIVE,2021-08-05,2026-09-10 11:36:56.654207,2026-09-10 11:36:56.654207
22278,2824,Savings,46623.97,INR,BR004,ACTIVE,2021-10-18,2026-09-10 11:36:56.654207,2026-09-10 11:36:56.654207
22279,3665,Savings,52789.82,INR,BR001,ACTIVE,2020-05-29,2026-09-10 11:36:56.654207,2026-09-10 11:36:56.654207
22280,1981,Savings,262393.24,INR,BR003,ACTIVE,2024-05-20,2026-09-10 11:36:56.654207,2026-09-10 11:36:56.654207
22281,3585,Savings,343807.91,INR,BR003,ACTIVE,2023-11-03,2026-09-10 11:36:56.654207,2026-09-10 11:36:56.654207
22282,2077,Savings,394452.41,INR,BR001,ACTIVE,2021-09-15,2026-09-10 11:36:56.654207,2026-09-10 11:36:56.654207
22283,3295,Savings,347832.59,INR,BR001,ACTIVE,2020-07-20,2026-09-10 11:36:56.654207,2026-09-10 11:36:56.654207
22284,3385,Current,182381.42,INR,BR003,ACTIVE,2021-09-11,2026-09-10 11:36:56.654207,2026-09-10 11:36:56.654207
22285,4353,Savings,279086.61,INR,BR001,ACTIVE,2020-12-16,2026-09-10 11:36:56.654207,2026-09-10 11:36:56.654207
22286,1033,Savings,463904.37,INR,BR004,ACTIVE,2024-02-25,2026-09-10 11:36:56.654207,2026-09-10 11:36:56.654207
22287,1799,Savings,194400.73,INR,BR003,ACTIVE,2020-08-12,2026-09-10 11:36:56.654207,2026-09-10 11:36:56.654207
22288,3596,Savings,126949.78,INR,BR002,ACTIVE,2021-05-11,2026-09-10 11:36:56.654207,2026-09-10 11:36:56.654207
22289,2367,Current,260140.36,INR,BR003,ACTIVE,2021-03-10,2026-09-10 11:36:56.654207,2026-09-10 11:36:56.654207
22290,3939,Savings,149370.27,INR,BR001,ACTIVE,2023-11-03,2026-09-10 11:36:56.654207,2026-09-10 11:36:56.654207
22291,2263,Savings,131646.71,INR,BR002,ACTIVE,2023-01-21,2026-09-10 11:36:56.654207,2026-09-10 11:36:56.654207
22292,4564,Savings,389622.85,INR,BR004,ACTIVE,2024-12-24,2026-09-10 11:36:56.654207,2026-09-10 11:36:56.654207
22293,3777,Savings,445527.09,INR,BR004,ACTIVE,2021-08-11,2026-09-10 11:36:56.654207,2026-09-10 11:36:56.654207
22294,4249,Savings,251656.02,INR,BR004,ACTIVE,2024-06-30,2026-09-10 11:36:56.654207,2026-09-10 11:36:56.654207
22295,3092,Savings,390111.66,INR,BR001,ACTIVE,2024-04-07,2026-09-10 11:36:56.654207,2026-09-10 11:36:56.654207
22296,1304,Savings,94357.62,INR,BR003,ACTIVE,2024-09-01,2026-09-10 11:36:56.654207,2026-09-10 11:36:56.654207
22297,2694,Savings,274273.86,INR,BR001,ACTIVE,2024-07-28,2026-09-10 11:36:56.654207,2026-09-10 11:36:56.654207
22298,3317,Savings,318463.77,INR,BR003,ACTIVE,2020-09-18,2026-09-10 11:36:56.654207,2026-09-10 11:36:56.654207
22299,3731,Current,245841.42,INR,BR001,ACTIVE,2021-05-15,2026-09-10 11:36:56.654207,2026-09-10 11:36:56.654207
22300,3031,Savings,59323.23,INR,BR004,ACTIVE,2020-01-07,2026-09-10 11:36:56.654207,2026-09-10 11:36:56.654207
22301,2757,Savings,367316.02,INR,BR001,ACTIVE,2022-01-17,2026-09-10 11:36:56.654207,2026-09-10 11:36:56.654207
22302,1400,Current,419700.01,INR,BR003,ACTIVE,2023-01-29,2026-09-10 11:36:56.654207,2026-09-10 11:36:56.654207
22303,4814,Current,317977.90,INR,BR004,ACTIVE,2021-07-05,2026-09-10 11:36:56.654207,2026-09-10 11:36:56.654207
22304,3651,Savings,85411.34,INR,BR004,ACTIVE,2024-03-01,2026-09-10 11:36:56.654207,2026-09-10 11:36:56.654207
22305,1922,Savings,38201.67,INR,BR002,ACTIVE,2022-12-01,2026-09-10 11:36:56.654207,2026-09-10 11:36:56.654207
22306,4019,Current,151500.35,INR,BR003,ACTIVE,2022-01-22,2026-09-10 11:36:56.654207,2026-09-10 11:36:56.654207
22307,3479,Current,19458.07,INR,BR002,ACTIVE,2024-01-10,2026-09-10 11:36:56.654207,2026-09-10 11:36:56.654207
22308,1421,Savings,419770.29,INR,BR002,ACTIVE,2024-03-29,2026-09-10 11:36:56.654207,2026-09-10 11:36:56.654207
22309,3179,Current,351827.16,INR,BR002,ACTIVE,2020-11-17,2026-09-10 11:36:56.654207,2026-09-10 11:36:56.654207
22310,2434,Savings,282280.64,INR,BR004,ACTIVE,2021-05-13,2026-09-10 11:36:56.654207,2026-09-10 11:36:56.654207
22311,4810,Savings,444926.62,INR,BR002,ACTIVE,2024-04-23,2026-09-10 11:36:56.654207,2026-09-10 11:36:56.654207
22312,2249,Savings,55936.66,INR,BR003,ACTIVE,2022-03-16,2026-09-10 11:36:56.654207,2026-09-10 11:36:56.654207
22313,2167,Current,357515.42,INR,BR003,ACTIVE,2023-01-23,2026-09-10 11:36:56.654207,2026-09-10 11:36:56.654207
22314,1578,Savings,74169.47,INR,BR002,ACTIVE,2020-12-24,2026-09-10 11:36:56.654207,2026-09-10 11:36:56.654207
22315,1540,Savings,31401.79,INR,BR002,ACTIVE,2023-05-14,2026-09-10 11:36:56.654207,2026-09-10 11:36:56.654207
22316,3173,Savings,67319.35,INR,BR002,ACTIVE,2023-06-18,2026-09-10 11:36:56.654207,2026-09-10 11:36:56.654207
22317,2236,Savings,475519.11,INR,BR002,ACTIVE,2021-01-29,2026-09-10 11:36:56.654207,2026-09-10 11:36:56.654207
22318,1934,Current,220776.26,INR,BR002,ACTIVE,2021-01-22,2026-09-10 11:36:56.654207,2026-09-10 11:36:56.654207
22319,4500,Savings,25448.85,INR,BR002,ACTIVE,2021-10-04,2026-09-10 11:36:56.654207,2026-09-10 11:36:56.654207
22320,2461,Savings,292233.69,INR,BR001,ACTIVE,2024-03-13,2026-09-10 11:36:56.654207,2026-09-10 11:36:56.654207
22321,1592,Savings,100657.32,INR,BR004,ACTIVE,2021-06-19,2026-09-10 11:36:56.654207,2026-09-10 11:36:56.654207
22322,2262,Savings,4411.37,INR,BR004,ACTIVE,2024-01-10,2026-09-10 11:36:56.654207,2026-09-10 11:36:56.654207
22323,1644,Current,379434.51,INR,BR004,ACTIVE,2020-10-20,2026-09-10 11:36:56.654207,2026-09-10 11:36:56.654207
22324,1328,Savings,78276.68,INR,BR002,ACTIVE,2022-06-18,2026-09-10 11:36:56.654207,2026-09-10 11:36:56.654207
22325,3860,Savings,471300.75,INR,BR001,ACTIVE,2021-03-28,2026-09-10 11:36:56.654207,2026-09-10 11:36:56.654207
22326,2143,Savings,296807.13,INR,BR004,ACTIVE,2020-01-29,2026-09-10 11:36:56.654207,2026-09-10 11:36:56.654207
22327,3094,Savings,44410.92,INR,BR003,ACTIVE,2023-05-30,2026-09-10 11:36:56.654207,2026-09-10 11:36:56.654207
22328,3132,Savings,109694.39,INR,BR004,ACTIVE,2022-06-09,2026-09-10 11:36:56.654207,2026-09-10 11:36:56.654207
22329,3842,Savings,305811.47,INR,BR004,ACTIVE,2023-10-21,2026-09-10 11:36:56.654207,2026-09-10 11:36:56.654207
22330,1352,Current,169718.25,INR,BR004,ACTIVE,2023-07-09,2026-09-10 11:36:56.654207,2026-09-10 11:36:56.654207
22331,2037,Savings,266539.38,INR,BR004,ACTIVE,2020-05-30,2026-09-10 11:36:56.654207,2026-09-10 11:36:56.654207
22332,1637,Savings,399956.51,INR,BR003,ACTIVE,2025-01-10,2026-09-10 11:36:56.654207,2026-09-10 11:36:56.654207
22333,4909,Savings,396508.15,INR,BR002,ACTIVE,2023-01-21,2026-09-10 11:36:56.654207,2026-09-10 11:36:56.654207
22334,2196,Savings,349295.42,INR,BR003,ACTIVE,2022-09-20,2026-09-10 11:36:56.654207,2026-09-10 11:36:56.654207
22335,1234,Savings,443141.10,INR,BR003,ACTIVE,2022-07-31,2026-09-10 11:36:56.654207,2026-09-10 11:36:56.654207
22336,4253,Current,100480.99,INR,BR002,ACTIVE,2020-03-06,2026-09-10 11:36:56.654207,2026-09-10 11:36:56.654207
22337,4123,Savings,89443.50,INR,BR003,ACTIVE,2024-04-12,2026-09-10 11:36:56.654207,2026-09-10 11:36:56.654207
22338,1781,Savings,399875.41,INR,BR003,ACTIVE,2024-07-29,2026-09-10 11:36:56.654207,2026-09-10 11:36:56.654207
22339,3729,Savings,161123.78,INR,BR004,ACTIVE,2020-07-07,2026-09-10 11:36:56.654207,2026-09-10 11:36:56.654207
22340,2419,Savings,256579.02,INR,BR004,ACTIVE,2021-10-21,2026-09-10 11:36:56.654207,2026-09-10 11:36:56.654207
22341,1933,Savings,372232.12,INR,BR002,ACTIVE,2023-04-30,2026-09-10 11:36:56.654207,2026-09-10 11:36:56.654207
22342,4900,Savings,198570.25,INR,BR004,ACTIVE,2022-12-01,2026-09-10 11:36:56.654207,2026-09-10 11:36:56.654207
22343,2824,Savings,65950.99,INR,BR002,ACTIVE,2022-08-20,2026-09-10 11:36:56.654207,2026-09-10 11:36:56.654207
22344,4501,Savings,340049.14,INR,BR002,ACTIVE,2020-11-26,2026-09-10 11:36:56.654207,2026-09-10 11:36:56.654207
22345,4346,Savings,408762.53,INR,BR001,ACTIVE,2024-08-07,2026-09-10 11:36:56.654207,2026-09-10 11:36:56.654207
22346,1861,Savings,7385.84,INR,BR002,ACTIVE,2020-07-09,2026-09-10 11:36:56.654207,2026-09-10 11:36:56.654207
22347,2231,Current,281713.51,INR,BR003,ACTIVE,2024-05-24,2026-09-10 11:36:56.654207,2026-09-10 11:36:56.654207
22348,3196,Savings,235233.14,INR,BR002,ACTIVE,2024-12-09,2026-09-10 11:36:56.654207,2026-09-10 11:36:56.654207
22349,1300,Savings,130538.41,INR,BR001,ACTIVE,2023-01-20,2026-09-10 11:36:56.654207,2026-09-10 11:36:56.654207
22350,2956,Savings,81353.25,INR,BR003,ACTIVE,2024-11-13,2026-09-10 11:36:56.654207,2026-09-10 11:36:56.654207
22351,2477,Savings,94830.62,INR,BR001,ACTIVE,2023-12-03,2026-09-10 11:36:56.654207,2026-09-10 11:36:56.654207
22352,3024,Savings,362761.62,INR,BR004,ACTIVE,2023-03-17,2026-09-10 11:36:56.654207,2026-09-10 11:36:56.654207
22353,3597,Savings,268561.37,INR,BR003,ACTIVE,2021-08-31,2026-09-10 11:36:56.654207,2026-09-10 11:36:56.654207
22354,4745,Savings,490596.04,INR,BR002,ACTIVE,2022-08-02,2026-09-10 11:36:56.654207,2026-09-10 11:36:56.654207
22355,4026,Savings,122372.17,INR,BR001,ACTIVE,2021-06-06,2026-09-10 11:36:56.654207,2026-09-10 11:36:56.654207
22356,3431,Savings,478495.18,INR,BR002,ACTIVE,2023-08-04,2026-09-10 11:36:56.654207,2026-09-10 11:36:56.654207
22357,4859,Savings,258039.67,INR,BR004,ACTIVE,2021-07-18,2026-09-10 11:36:56.654207,2026-09-10 11:36:56.654207
22358,2971,Current,73867.16,INR,BR003,ACTIVE,2020-08-18,2026-09-10 11:36:56.654207,2026-09-10 11:36:56.654207
22359,3848,Savings,74941.34,INR,BR002,ACTIVE,2024-12-10,2026-09-10 11:36:56.654207,2026-09-10 11:36:56.654207
22360,4690,Savings,304675.43,INR,BR004,ACTIVE,2021-02-20,2026-09-10 11:36:56.654207,2026-09-10 11:36:56.654207
22361,1534,Savings,415879.95,INR,BR002,ACTIVE,2023-01-03,2026-09-10 11:36:56.654207,2026-09-10 11:36:56.654207
22362,2257,Savings,374108.05,INR,BR003,ACTIVE,2020-06-07,2026-09-10 11:36:56.654207,2026-09-10 11:36:56.654207
22363,2658,Savings,328158.04,INR,BR004,ACTIVE,2020-04-03,2026-09-10 11:36:56.654207,2026-09-10 11:36:56.654207
22364,2153,Savings,86881.92,INR,BR004,ACTIVE,2023-09-11,2026-09-10 11:36:56.654207,2026-09-10 11:36:56.654207
22365,4894,Savings,55061.66,INR,BR001,ACTIVE,2021-10-04,2026-09-10 11:36:56.654207,2026-09-10 11:36:56.654207
22366,2753,Savings,1123.76,INR,BR003,ACTIVE,2020-04-01,2026-09-10 11:36:56.654207,2026-09-10 11:36:56.654207
22367,2684,Savings,51795.14,INR,BR004,ACTIVE,2021-12-31,2026-09-10 11:36:56.654207,2026-09-10 11:36:56.654207
22368,3618,Savings,383416.94,INR,BR003,ACTIVE,2023-01-08,2026-09-10 11:36:56.654207,2026-09-10 11:36:56.654207
22369,3979,Savings,447728.96,INR,BR002,ACTIVE,2024-12-21,2026-09-10 11:36:56.654207,2026-09-10 11:36:56.654207
22370,1237,Savings,120934.88,INR,BR003,ACTIVE,2024-08-31,2026-09-10 11:36:56.654207,2026-09-10 11:36:56.654207
22371,4654,Savings,397652.23,INR,BR001,ACTIVE,2021-10-09,2026-09-10 11:36:56.654207,2026-09-10 11:36:56.654207
22372,4014,Savings,100225.53,INR,BR003,ACTIVE,2023-11-08,2026-09-10 11:36:56.654207,2026-09-10 11:36:56.654207
22373,1701,Savings,125386.57,INR,BR003,ACTIVE,2022-04-30,2026-09-10 11:36:56.654207,2026-09-10 11:36:56.654207
22374,3802,Current,112854.89,INR,BR002,ACTIVE,2022-12-09,2026-09-10 11:36:56.654207,2026-09-10 11:36:56.654207
22375,1575,Savings,26813.22,INR,BR001,ACTIVE,2022-08-22,2026-09-10 11:36:56.654207,2026-09-10 11:36:56.654207
22376,4557,Savings,97836.57,INR,BR002,ACTIVE,2024-09-07,2026-09-10 11:36:56.654207,2026-09-10 11:36:56.654207
22377,4313,Savings,187398.13,INR,BR004,ACTIVE,2024-11-15,2026-09-10 11:36:56.654207,2026-09-10 11:36:56.654207
22378,4005,Savings,203329.39,INR,BR002,ACTIVE,2021-02-20,2026-09-10 11:36:56.654207,2026-09-10 11:36:56.654207
22379,4065,Savings,155423.74,INR,BR001,ACTIVE,2020-04-08,2026-09-10 11:36:56.654207,2026-09-10 11:36:56.654207
22380,2721,Savings,257847.92,INR,BR001,ACTIVE,2023-04-12,2026-09-10 11:36:56.654207,2026-09-10 11:36:56.654207
22381,1771,Savings,189621.12,INR,BR003,ACTIVE,2021-03-16,2026-09-10 11:36:56.654207,2026-09-10 11:36:56.654207
22382,2765,Savings,485211.96,INR,BR001,ACTIVE,2023-01-26,2026-09-10 11:36:56.654207,2026-09-10 11:36:56.654207
22383,1223,Savings,403867.88,INR,BR002,ACTIVE,2024-12-24,2026-09-10 11:36:56.654207,2026-09-10 11:36:56.654207
22384,2123,Savings,465557.70,INR,BR001,ACTIVE,2022-04-09,2026-09-10 11:36:56.654207,2026-09-10 11:36:56.654207
22385,4831,Savings,279156.05,INR,BR004,ACTIVE,2024-03-20,2026-09-10 11:36:56.654207,2026-09-10 11:36:56.654207
22386,3605,Savings,339491.47,INR,BR001,ACTIVE,2021-06-28,2026-09-10 11:36:56.654207,2026-09-10 11:36:56.654207
22387,3959,Savings,84171.51,INR,BR001,ACTIVE,2024-03-25,2026-09-10 11:36:56.654207,2026-09-10 11:36:56.654207
22388,3321,Savings,376640.09,INR,BR002,ACTIVE,2021-02-19,2026-09-10 11:36:56.654207,2026-09-10 11:36:56.654207
22389,2423,Savings,118749.58,INR,BR003,ACTIVE,2020-04-26,2026-09-10 11:36:56.654207,2026-09-10 11:36:56.654207
22390,2541,Savings,73770.63,INR,BR003,ACTIVE,2022-05-23,2026-09-10 11:36:56.654207,2026-09-10 11:36:56.654207
22391,3006,Savings,21887.82,INR,BR002,ACTIVE,2024-11-03,2026-09-10 11:36:56.654207,2026-09-10 11:36:56.654207
22392,1430,Savings,236642.89,INR,BR003,ACTIVE,2023-08-22,2026-09-10 11:36:56.654207,2026-09-10 11:36:56.654207
22393,1523,Savings,144107.84,INR,BR004,ACTIVE,2023-06-26,2026-09-10 11:36:56.654207,2026-09-10 11:36:56.654207
22394,4008,Savings,493376.86,INR,BR004,ACTIVE,2024-07-02,2026-09-10 11:36:56.654207,2026-09-10 11:36:56.654207
22395,2372,Savings,125667.32,INR,BR003,ACTIVE,2020-04-15,2026-09-10 11:36:56.654207,2026-09-10 11:36:56.654207
22396,3958,Current,433405.10,INR,BR002,ACTIVE,2024-05-30,2026-09-10 11:36:56.654207,2026-09-10 11:36:56.654207
22397,2575,Savings,158902.95,INR,BR002,ACTIVE,2023-03-28,2026-09-10 11:36:56.654207,2026-09-10 11:36:56.654207
22398,3499,Savings,374814.30,INR,BR003,ACTIVE,2024-03-20,2026-09-10 11:36:56.654207,2026-09-10 11:36:56.654207
22399,2975,Savings,330260.81,INR,BR001,ACTIVE,2022-03-04,2026-09-10 11:36:56.654207,2026-09-10 11:36:56.654207
22400,4060,Savings,281329.99,INR,BR003,ACTIVE,2023-11-01,2026-09-10 11:36:56.654207,2026-09-10 11:36:56.654207
22401,3090,Savings,208995.65,INR,BR004,ACTIVE,2022-10-22,2026-09-10 11:36:56.654207,2026-09-10 11:36:56.654207
22402,2739,Savings,335881.40,INR,BR004,ACTIVE,2020-04-13,2026-09-10 11:36:56.654207,2026-09-10 11:36:56.654207
22403,1094,Savings,204231.90,INR,BR001,ACTIVE,2021-05-31,2026-09-10 11:36:56.654207,2026-09-10 11:36:56.654207
22404,3534,Savings,274502.02,INR,BR004,ACTIVE,2021-10-12,2026-09-10 11:36:56.654207,2026-09-10 11:36:56.654207
22405,3565,Savings,295311.07,INR,BR002,ACTIVE,2024-02-01,2026-09-10 11:36:56.654207,2026-09-10 11:36:56.654207
22406,4636,Savings,134410.25,INR,BR001,ACTIVE,2020-10-18,2026-09-10 11:36:56.654207,2026-09-10 11:36:56.654207
22407,2174,Savings,170528.50,INR,BR001,ACTIVE,2022-03-11,2026-09-10 11:36:56.654207,2026-09-10 11:36:56.654207
22408,3765,Savings,10006.98,INR,BR001,ACTIVE,2021-09-25,2026-09-10 11:36:56.654207,2026-09-10 11:36:56.654207
22409,4884,Savings,426227.34,INR,BR002,ACTIVE,2023-07-01,2026-09-10 11:36:56.654207,2026-09-10 11:36:56.654207
22410,1499,Savings,378235.59,INR,BR004,ACTIVE,2020-07-30,2026-09-10 11:36:56.654207,2026-09-10 11:36:56.654207
22411,3419,Current,92581.70,INR,BR003,ACTIVE,2024-06-07,2026-09-10 11:36:56.654207,2026-09-10 11:36:56.654207
22412,1981,Savings,181662.18,INR,BR004,ACTIVE,2021-01-27,2026-09-10 11:36:56.654207,2026-09-10 11:36:56.654207
22413,3747,Savings,211113.67,INR,BR003,ACTIVE,2021-03-19,2026-09-10 11:36:56.654207,2026-09-10 11:36:56.654207
22414,1485,Savings,167854.97,INR,BR001,ACTIVE,2021-08-05,2026-09-10 11:36:56.654207,2026-09-10 11:36:56.654207
22415,1665,Savings,399323.16,INR,BR003,ACTIVE,2024-09-27,2026-09-10 11:36:56.654207,2026-09-10 11:36:56.654207
22416,4455,Savings,362984.93,INR,BR004,ACTIVE,2022-06-04,2026-09-10 11:36:56.654207,2026-09-10 11:36:56.654207
22417,1628,Savings,383812.21,INR,BR002,ACTIVE,2020-11-18,2026-09-10 11:36:56.654207,2026-09-10 11:36:56.654207
22418,2685,Savings,452160.90,INR,BR004,ACTIVE,2021-05-19,2026-09-10 11:36:56.654207,2026-09-10 11:36:56.654207
22419,1732,Savings,297980.48,INR,BR002,ACTIVE,2024-09-21,2026-09-10 11:36:56.654207,2026-09-10 11:36:56.654207
22420,1192,Current,307652.63,INR,BR002,ACTIVE,2021-01-31,2026-09-10 11:36:56.654207,2026-09-10 11:36:56.654207
22421,2769,Savings,361245.13,INR,BR002,ACTIVE,2023-02-09,2026-09-10 11:36:56.654207,2026-09-10 11:36:56.654207
22422,3884,Current,340935.06,INR,BR003,ACTIVE,2022-11-05,2026-09-10 11:36:56.654207,2026-09-10 11:36:56.654207
22423,2245,Savings,435036.70,INR,BR001,ACTIVE,2024-10-15,2026-09-10 11:36:56.654207,2026-09-10 11:36:56.654207
22424,2071,Current,385328.90,INR,BR001,ACTIVE,2021-06-06,2026-09-10 11:36:56.654207,2026-09-10 11:36:56.654207
22425,3175,Savings,61108.85,INR,BR001,ACTIVE,2020-07-23,2026-09-10 11:36:56.654207,2026-09-10 11:36:56.654207
22426,4875,Savings,464250.95,INR,BR002,ACTIVE,2023-09-28,2026-09-10 11:36:56.654207,2026-09-10 11:36:56.654207
22427,3775,Savings,341866.55,INR,BR003,ACTIVE,2021-02-13,2026-09-10 11:36:56.654207,2026-09-10 11:36:56.654207
22428,4079,Savings,64445.82,INR,BR003,ACTIVE,2020-12-23,2026-09-10 11:36:56.654207,2026-09-10 11:36:56.654207
22429,1696,Current,386214.89,INR,BR003,ACTIVE,2020-10-31,2026-09-10 11:36:56.654207,2026-09-10 11:36:56.654207
22430,2140,Savings,179847.85,INR,BR004,ACTIVE,2022-11-09,2026-09-10 11:36:56.654207,2026-09-10 11:36:56.654207
22431,1564,Savings,403182.98,INR,BR003,ACTIVE,2024-08-23,2026-09-10 11:36:56.654207,2026-09-10 11:36:56.654207
22432,3414,Current,477747.57,INR,BR003,ACTIVE,2020-03-05,2026-09-10 11:36:56.654207,2026-09-10 11:36:56.654207
22433,4118,Current,128365.78,INR,BR003,ACTIVE,2020-02-21,2026-09-10 11:36:56.654207,2026-09-10 11:36:56.654207
22434,3441,Savings,428848.11,INR,BR001,ACTIVE,2023-09-12,2026-09-10 11:36:56.654207,2026-09-10 11:36:56.654207
22435,4002,Savings,387007.12,INR,BR002,ACTIVE,2020-04-21,2026-09-10 11:36:56.654207,2026-09-10 11:36:56.654207
22436,1023,Savings,335921.27,INR,BR004,ACTIVE,2022-10-27,2026-09-10 11:36:56.654207,2026-09-10 11:36:56.654207
22437,4203,Savings,193075.35,INR,BR001,ACTIVE,2024-12-29,2026-09-10 11:36:56.654207,2026-09-10 11:36:56.654207
22438,4199,Current,55821.19,INR,BR003,ACTIVE,2021-01-12,2026-09-10 11:36:56.654207,2026-09-10 11:36:56.654207
22439,1445,Savings,242464.52,INR,BR002,ACTIVE,2020-05-20,2026-09-10 11:36:56.654207,2026-09-10 11:36:56.654207
22440,1777,Savings,53727.65,INR,BR002,ACTIVE,2022-10-22,2026-09-10 11:36:56.654207,2026-09-10 11:36:56.654207
22441,3045,Current,250573.47,INR,BR002,ACTIVE,2025-01-22,2026-09-10 11:36:56.654207,2026-09-10 11:36:56.654207
22442,4381,Savings,410326.34,INR,BR002,ACTIVE,2022-03-28,2026-09-10 11:36:56.654207,2026-09-10 11:36:56.654207
22443,1708,Current,498821.43,INR,BR003,ACTIVE,2025-01-22,2026-09-10 11:36:56.654207,2026-09-10 11:36:56.654207
22444,1433,Savings,99806.35,INR,BR004,ACTIVE,2022-06-29,2026-09-10 11:36:56.654207,2026-09-10 11:36:56.654207
22445,1473,Current,104721.16,INR,BR003,ACTIVE,2024-01-19,2026-09-10 11:36:56.654207,2026-09-10 11:36:56.654207
22446,1048,Savings,405630.78,INR,BR002,ACTIVE,2024-10-26,2026-09-10 11:36:56.654207,2026-09-10 11:36:56.654207
22447,2915,Savings,235060.26,INR,BR003,ACTIVE,2022-08-24,2026-09-10 11:36:56.654207,2026-09-10 11:36:56.654207
22448,2106,Savings,457986.49,INR,BR002,ACTIVE,2025-01-21,2026-09-10 11:36:56.654207,2026-09-10 11:36:56.654207
22449,4181,Savings,384729.12,INR,BR003,ACTIVE,2025-01-15,2026-09-10 11:36:56.654207,2026-09-10 11:36:56.654207
22450,3311,Savings,368477.45,INR,BR004,ACTIVE,2020-11-10,2026-09-10 11:36:56.654207,2026-09-10 11:36:56.654207
22451,2891,Savings,51874.90,INR,BR002,ACTIVE,2021-01-30,2026-09-10 11:36:56.654207,2026-09-10 11:36:56.654207
22452,4103,Savings,18901.91,INR,BR003,ACTIVE,2021-07-07,2026-09-10 11:36:56.654207,2026-09-10 11:36:56.654207
22453,1358,Savings,159064.65,INR,BR001,ACTIVE,2022-07-29,2026-09-10 11:36:56.654207,2026-09-10 11:36:56.654207
22454,1568,Savings,109431.88,INR,BR004,ACTIVE,2023-11-28,2026-09-10 11:36:56.654207,2026-09-10 11:36:56.654207
22455,1480,Savings,356442.13,INR,BR001,ACTIVE,2023-12-30,2026-09-10 11:36:56.654207,2026-09-10 11:36:56.654207
22456,1867,Savings,225916.13,INR,BR003,ACTIVE,2022-07-15,2026-09-10 11:36:56.654207,2026-09-10 11:36:56.654207
22457,4261,Current,262050.04,INR,BR004,ACTIVE,2023-02-28,2026-09-10 11:36:56.654207,2026-09-10 11:36:56.654207
22458,2029,Savings,407057.00,INR,BR004,ACTIVE,2022-11-17,2026-09-10 11:36:56.654207,2026-09-10 11:36:56.654207
22459,4358,Current,239773.84,INR,BR004,ACTIVE,2024-09-08,2026-09-10 11:36:56.654207,2026-09-10 11:36:56.654207
22460,2814,Savings,272918.23,INR,BR003,ACTIVE,2021-10-26,2026-09-10 11:36:56.654207,2026-09-10 11:36:56.654207
22461,4729,Savings,421317.81,INR,BR004,ACTIVE,2020-05-04,2026-09-10 11:36:56.654207,2026-09-10 11:36:56.654207
22462,2418,Savings,216236.57,INR,BR004,ACTIVE,2021-12-02,2026-09-10 11:36:56.654207,2026-09-10 11:36:56.654207
22463,4527,Savings,42480.23,INR,BR001,ACTIVE,2020-06-27,2026-09-10 11:36:56.654207,2026-09-10 11:36:56.654207
22464,1708,Savings,261330.90,INR,BR003,ACTIVE,2023-09-15,2026-09-10 11:36:56.654207,2026-09-10 11:36:56.654207
22465,3474,Savings,290101.48,INR,BR002,ACTIVE,2023-07-26,2026-09-10 11:36:56.654207,2026-09-10 11:36:56.654207
22466,2051,Savings,256386.61,INR,BR003,ACTIVE,2024-06-06,2026-09-10 11:36:56.654207,2026-09-10 11:36:56.654207
22467,1127,Savings,129766.71,INR,BR003,ACTIVE,2022-09-11,2026-09-10 11:36:56.654207,2026-09-10 11:36:56.654207
22468,3183,Savings,112621.34,INR,BR004,ACTIVE,2023-01-15,2026-09-10 11:36:56.654207,2026-09-10 11:36:56.654207
22469,4607,Savings,185508.43,INR,BR001,ACTIVE,2020-11-15,2026-09-10 11:36:56.654207,2026-09-10 11:36:56.654207
22470,3379,Savings,83948.14,INR,BR001,ACTIVE,2024-10-31,2026-09-10 11:36:56.654207,2026-09-10 11:36:56.654207
22471,2653,Savings,333345.82,INR,BR003,ACTIVE,2024-10-10,2026-09-10 11:36:56.654207,2026-09-10 11:36:56.654207
22472,3440,Current,307722.78,INR,BR002,ACTIVE,2020-02-11,2026-09-10 11:36:56.654207,2026-09-10 11:36:56.654207
22473,1008,Savings,316565.41,INR,BR003,ACTIVE,2023-05-29,2026-09-10 11:36:56.654207,2026-09-10 11:36:56.654207
22474,1613,Current,113173.95,INR,BR002,ACTIVE,2020-09-19,2026-09-10 11:36:56.654207,2026-09-10 11:36:56.654207
22475,2285,Savings,124017.98,INR,BR002,ACTIVE,2024-06-07,2026-09-10 11:36:56.654207,2026-09-10 11:36:56.654207
22476,2223,Current,393907.74,INR,BR003,ACTIVE,2021-03-04,2026-09-10 11:36:56.654207,2026-09-10 11:36:56.654207
22477,1598,Savings,345365.77,INR,BR004,ACTIVE,2024-12-23,2026-09-10 11:36:56.654207,2026-09-10 11:36:56.654207
22478,2764,Savings,437714.74,INR,BR004,ACTIVE,2020-11-05,2026-09-10 11:36:56.654207,2026-09-10 11:36:56.654207
22479,1386,Savings,202349.35,INR,BR002,ACTIVE,2020-04-13,2026-09-10 11:36:56.654207,2026-09-10 11:36:56.654207
22480,3520,Savings,274116.59,INR,BR001,ACTIVE,2020-05-11,2026-09-10 11:36:56.654207,2026-09-10 11:36:56.654207
22481,1179,Savings,369650.08,INR,BR004,ACTIVE,2021-03-24,2026-09-10 11:36:56.654207,2026-09-10 11:36:56.654207
22482,3498,Current,487103.33,INR,BR004,ACTIVE,2024-05-09,2026-09-10 11:36:56.654207,2026-09-10 11:36:56.654207
22483,4312,Savings,494826.27,INR,BR002,ACTIVE,2024-02-25,2026-09-10 11:36:56.654207,2026-09-10 11:36:56.654207
22484,4596,Savings,499588.53,INR,BR002,ACTIVE,2022-11-01,2026-09-10 11:36:56.654207,2026-09-10 11:36:56.654207
22485,1815,Current,445372.72,INR,BR002,ACTIVE,2024-03-15,2026-09-10 11:36:56.654207,2026-09-10 11:36:56.654207
22486,4818,Current,320185.76,INR,BR004,ACTIVE,2024-05-25,2026-09-10 11:36:56.654207,2026-09-10 11:36:56.654207
22487,4255,Savings,4478.50,INR,BR004,ACTIVE,2020-06-29,2026-09-10 11:36:56.654207,2026-09-10 11:36:56.654207
22488,2818,Current,350072.34,INR,BR001,ACTIVE,2022-04-01,2026-09-10 11:36:56.654207,2026-09-10 11:36:56.654207
22489,1358,Savings,120061.16,INR,BR001,ACTIVE,2020-10-19,2026-09-10 11:36:56.654207,2026-09-10 11:36:56.654207
22490,3424,Savings,29526.41,INR,BR003,ACTIVE,2022-04-20,2026-09-10 11:36:56.654207,2026-09-10 11:36:56.654207
22491,1702,Savings,348895.03,INR,BR002,ACTIVE,2020-06-12,2026-09-10 11:36:56.654207,2026-09-10 11:36:56.654207
22492,3886,Savings,378249.45,INR,BR004,ACTIVE,2021-09-29,2026-09-10 11:36:56.654207,2026-09-10 11:36:56.654207
22493,2751,Savings,330057.13,INR,BR001,ACTIVE,2022-02-27,2026-09-10 11:36:56.654207,2026-09-10 11:36:56.654207
22494,4842,Savings,183219.72,INR,BR002,ACTIVE,2020-12-15,2026-09-10 11:36:56.654207,2026-09-10 11:36:56.654207
22495,3586,Savings,255991.06,INR,BR002,ACTIVE,2023-07-03,2026-09-10 11:36:56.654207,2026-09-10 11:36:56.654207
22496,1782,Savings,467538.87,INR,BR003,ACTIVE,2024-06-12,2026-09-10 11:36:56.654207,2026-09-10 11:36:56.654207
22497,1082,Savings,365075.87,INR,BR002,ACTIVE,2023-09-15,2026-09-10 11:36:56.654207,2026-09-10 11:36:56.654207
22498,4430,Savings,252837.43,INR,BR001,ACTIVE,2023-05-22,2026-09-10 11:36:56.654207,2026-09-10 11:36:56.654207
22499,1185,Savings,297131.13,INR,BR003,ACTIVE,2021-05-07,2026-09-10 11:36:56.654207,2026-09-10 11:36:56.654207
22500,3336,Savings,463914.12,INR,BR004,ACTIVE,2024-07-26,2026-09-10 11:36:56.654207,2026-09-10 11:36:56.654207
22501,4134,Savings,197497.48,INR,BR003,ACTIVE,2022-10-15,2026-09-10 11:36:56.654207,2026-09-10 11:36:56.654207
22502,1883,Current,51820.01,INR,BR002,ACTIVE,2024-09-11,2026-09-10 11:36:56.654207,2026-09-10 11:36:56.654207
22503,1507,Current,163587.29,INR,BR002,ACTIVE,2020-11-20,2026-09-10 11:36:56.654207,2026-09-10 11:36:56.654207
22504,3042,Savings,208184.91,INR,BR001,ACTIVE,2022-01-01,2026-09-10 11:36:56.654207,2026-09-10 11:36:56.654207
22505,2486,Savings,137208.97,INR,BR002,ACTIVE,2021-02-21,2026-09-10 11:36:56.654207,2026-09-10 11:36:56.654207
22506,1030,Current,264957.23,INR,BR004,ACTIVE,2020-01-18,2026-09-10 11:36:56.654207,2026-09-10 11:36:56.654207
22507,2933,Savings,153124.08,INR,BR001,ACTIVE,2024-09-13,2026-09-10 11:36:56.654207,2026-09-10 11:36:56.654207
22508,3984,Savings,52486.61,INR,BR002,ACTIVE,2020-03-29,2026-09-10 11:36:56.654207,2026-09-10 11:36:56.654207
22509,3079,Savings,94846.19,INR,BR004,ACTIVE,2020-11-20,2026-09-10 11:36:56.654207,2026-09-10 11:36:56.654207
22510,2317,Savings,459159.89,INR,BR001,ACTIVE,2020-11-19,2026-09-10 11:36:56.654207,2026-09-10 11:36:56.654207
22511,2197,Savings,315168.22,INR,BR002,ACTIVE,2024-08-12,2026-09-10 11:36:56.654207,2026-09-10 11:36:56.654207
22512,4686,Savings,157840.05,INR,BR004,ACTIVE,2021-01-21,2026-09-10 11:36:56.654207,2026-09-10 11:36:56.654207
22513,2152,Savings,184092.04,INR,BR004,ACTIVE,2022-07-24,2026-09-10 11:36:56.654207,2026-09-10 11:36:56.654207
22514,1086,Savings,247198.20,INR,BR003,ACTIVE,2023-10-21,2026-09-10 11:36:56.654207,2026-09-10 11:36:56.654207
22515,2339,Current,336891.89,INR,BR001,ACTIVE,2021-10-06,2026-09-10 11:36:56.654207,2026-09-10 11:36:56.654207
22516,3076,Savings,291507.77,INR,BR003,ACTIVE,2022-02-20,2026-09-10 11:36:56.654207,2026-09-10 11:36:56.654207
22517,3170,Savings,466416.36,INR,BR004,ACTIVE,2021-09-13,2026-09-10 11:36:56.654207,2026-09-10 11:36:56.654207
22518,2275,Savings,313248.66,INR,BR003,ACTIVE,2023-02-17,2026-09-10 11:36:56.654207,2026-09-10 11:36:56.654207
22519,3621,Savings,455485.20,INR,BR003,ACTIVE,2024-01-04,2026-09-10 11:36:56.654207,2026-09-10 11:36:56.654207
22520,3451,Savings,3709.65,INR,BR003,ACTIVE,2021-06-12,2026-09-10 11:36:56.654207,2026-09-10 11:36:56.654207
22521,1683,Savings,445389.18,INR,BR001,ACTIVE,2024-10-22,2026-09-10 11:36:56.654207,2026-09-10 11:36:56.654207
22522,4515,Savings,361007.84,INR,BR002,ACTIVE,2024-03-23,2026-09-10 11:36:56.654207,2026-09-10 11:36:56.654207
22523,1272,Savings,86924.53,INR,BR003,ACTIVE,2020-09-02,2026-09-10 11:36:56.654207,2026-09-10 11:36:56.654207
22524,3885,Savings,132255.97,INR,BR002,ACTIVE,2020-12-06,2026-09-10 11:36:56.654207,2026-09-10 11:36:56.654207
22525,2836,Current,271862.19,INR,BR001,ACTIVE,2024-05-10,2026-09-10 11:36:56.654207,2026-09-10 11:36:56.654207
22526,3161,Current,63344.14,INR,BR002,ACTIVE,2023-02-27,2026-09-10 11:36:56.654207,2026-09-10 11:36:56.654207
22527,2730,Savings,392898.77,INR,BR001,ACTIVE,2020-08-17,2026-09-10 11:36:56.654207,2026-09-10 11:36:56.654207
22528,2418,Current,395795.76,INR,BR002,ACTIVE,2021-07-24,2026-09-10 11:36:56.654207,2026-09-10 11:36:56.654207
22529,1019,Savings,151173.55,INR,BR001,ACTIVE,2024-12-25,2026-09-10 11:36:56.654207,2026-09-10 11:36:56.654207
22530,2876,Current,35838.69,INR,BR004,ACTIVE,2024-01-30,2026-09-10 11:36:56.654207,2026-09-10 11:36:56.654207
22531,3653,Savings,494434.88,INR,BR001,ACTIVE,2021-01-12,2026-09-10 11:36:56.654207,2026-09-10 11:36:56.654207
22532,4801,Savings,126113.71,INR,BR002,ACTIVE,2023-07-06,2026-09-10 11:36:56.654207,2026-09-10 11:36:56.654207
22533,1465,Savings,34711.77,INR,BR003,ACTIVE,2021-06-20,2026-09-10 11:36:56.654207,2026-09-10 11:36:56.654207
22534,1691,Current,165652.51,INR,BR004,ACTIVE,2023-12-07,2026-09-10 11:36:56.654207,2026-09-10 11:36:56.654207
22535,2011,Savings,484532.63,INR,BR003,ACTIVE,2020-03-09,2026-09-10 11:36:56.654207,2026-09-10 11:36:56.654207
22536,4981,Savings,396670.88,INR,BR002,ACTIVE,2020-11-03,2026-09-10 11:36:56.654207,2026-09-10 11:36:56.654207
22537,2215,Current,240686.21,INR,BR003,ACTIVE,2024-03-20,2026-09-10 11:36:56.654207,2026-09-10 11:36:56.654207
22538,2517,Savings,153359.88,INR,BR003,ACTIVE,2022-04-07,2026-09-10 11:36:56.654207,2026-09-10 11:36:56.654207
22539,4984,Savings,212229.74,INR,BR001,ACTIVE,2022-02-08,2026-09-10 11:36:56.654207,2026-09-10 11:36:56.654207
22540,4062,Savings,9665.44,INR,BR002,ACTIVE,2023-08-09,2026-09-10 11:36:56.654207,2026-09-10 11:36:56.654207
22541,1163,Current,359466.87,INR,BR003,ACTIVE,2021-06-23,2026-09-10 11:36:56.654207,2026-09-10 11:36:56.654207
22542,2636,Current,50722.49,INR,BR003,ACTIVE,2020-08-24,2026-09-10 11:36:56.654207,2026-09-10 11:36:56.654207
22543,3747,Current,259999.75,INR,BR003,ACTIVE,2022-01-25,2026-09-10 11:36:56.654207,2026-09-10 11:36:56.654207
22544,1295,Savings,283356.68,INR,BR002,ACTIVE,2024-08-22,2026-09-10 11:36:56.654207,2026-09-10 11:36:56.654207
22545,1579,Savings,1843.20,INR,BR004,ACTIVE,2024-11-25,2026-09-10 11:36:56.654207,2026-09-10 11:36:56.654207
22546,4145,Savings,489959.43,INR,BR003,ACTIVE,2024-01-12,2026-09-10 11:36:56.654207,2026-09-10 11:36:56.654207
22547,2768,Savings,151767.38,INR,BR003,ACTIVE,2022-05-12,2026-09-10 11:36:56.654207,2026-09-10 11:36:56.654207
22548,3749,Savings,39534.90,INR,BR004,ACTIVE,2022-01-24,2026-09-10 11:36:56.654207,2026-09-10 11:36:56.654207
22549,2586,Savings,427339.89,INR,BR004,ACTIVE,2022-03-15,2026-09-10 11:36:56.654207,2026-09-10 11:36:56.654207
22550,4381,Current,76824.35,INR,BR004,ACTIVE,2021-12-21,2026-09-10 11:36:56.654207,2026-09-10 11:36:56.654207
22551,3350,Current,13452.61,INR,BR003,ACTIVE,2022-12-26,2026-09-10 11:36:56.654207,2026-09-10 11:36:56.654207
22552,2332,Savings,247850.65,INR,BR001,ACTIVE,2022-11-29,2026-09-10 11:36:56.654207,2026-09-10 11:36:56.654207
22553,3172,Savings,65828.58,INR,BR002,ACTIVE,2023-01-17,2026-09-10 11:36:56.654207,2026-09-10 11:36:56.654207
22554,3717,Savings,491229.11,INR,BR003,ACTIVE,2023-05-25,2026-09-10 11:36:56.654207,2026-09-10 11:36:56.654207
22555,4333,Savings,6195.08,INR,BR004,ACTIVE,2022-03-18,2026-09-10 11:36:56.654207,2026-09-10 11:36:56.654207
22556,1195,Savings,26547.47,INR,BR004,ACTIVE,2021-10-31,2026-09-10 11:36:56.654207,2026-09-10 11:36:56.654207
22557,1842,Savings,416808.70,INR,BR004,ACTIVE,2021-02-14,2026-09-10 11:36:56.654207,2026-09-10 11:36:56.654207
22558,3399,Current,120636.10,INR,BR004,ACTIVE,2020-06-05,2026-09-10 11:36:56.654207,2026-09-10 11:36:56.654207
22559,2867,Savings,455886.78,INR,BR001,ACTIVE,2023-10-12,2026-09-10 11:36:56.654207,2026-09-10 11:36:56.654207
22560,2792,Savings,156257.39,INR,BR002,ACTIVE,2024-12-03,2026-09-10 11:36:56.654207,2026-09-10 11:36:56.654207
22561,1489,Savings,35821.54,INR,BR001,ACTIVE,2024-03-30,2026-09-10 11:36:56.654207,2026-09-10 11:36:56.654207
22562,3248,Savings,6285.31,INR,BR001,ACTIVE,2021-10-28,2026-09-10 11:36:56.654207,2026-09-10 11:36:56.654207
22563,3932,Savings,142001.07,INR,BR002,ACTIVE,2024-03-24,2026-09-10 11:36:56.654207,2026-09-10 11:36:56.654207
22564,3556,Current,237391.56,INR,BR003,ACTIVE,2024-01-17,2026-09-10 11:36:56.654207,2026-09-10 11:36:56.654207
22565,3946,Savings,1507.04,INR,BR003,ACTIVE,2021-07-31,2026-09-10 11:36:56.654207,2026-09-10 11:36:56.654207
22566,2604,Current,290972.49,INR,BR001,ACTIVE,2021-07-02,2026-09-10 11:36:56.654207,2026-09-10 11:36:56.654207
22567,1446,Savings,167497.12,INR,BR002,ACTIVE,2021-06-11,2026-09-10 11:36:56.654207,2026-09-10 11:36:56.654207
22568,1080,Savings,195686.61,INR,BR004,ACTIVE,2020-11-02,2026-09-10 11:36:56.654207,2026-09-10 11:36:56.654207
22569,1745,Current,131444.06,INR,BR002,ACTIVE,2024-03-31,2026-09-10 11:36:56.654207,2026-09-10 11:36:56.654207
22570,3746,Savings,264993.56,INR,BR003,ACTIVE,2020-01-27,2026-09-10 11:36:56.654207,2026-09-10 11:36:56.654207
22571,4689,Savings,115831.19,INR,BR001,ACTIVE,2020-02-11,2026-09-10 11:36:56.654207,2026-09-10 11:36:56.654207
22572,4541,Savings,68276.22,INR,BR004,ACTIVE,2024-05-18,2026-09-10 11:36:56.654207,2026-09-10 11:36:56.654207
22573,2861,Savings,445432.89,INR,BR003,ACTIVE,2022-08-27,2026-09-10 11:36:56.654207,2026-09-10 11:36:56.654207
22574,2466,Savings,195886.94,INR,BR004,ACTIVE,2023-04-03,2026-09-10 11:36:56.654207,2026-09-10 11:36:56.654207
22575,1931,Current,39388.24,INR,BR002,ACTIVE,2025-01-20,2026-09-10 11:36:56.654207,2026-09-10 11:36:56.654207
22576,3702,Current,115931.05,INR,BR002,ACTIVE,2021-11-01,2026-09-10 11:36:56.654207,2026-09-10 11:36:56.654207
22577,2935,Savings,155661.53,INR,BR003,ACTIVE,2020-02-12,2026-09-10 11:36:56.654207,2026-09-10 11:36:56.654207
22578,3950,Savings,385053.51,INR,BR003,ACTIVE,2024-12-15,2026-09-10 11:36:56.654207,2026-09-10 11:36:56.654207
22579,1272,Current,12105.49,INR,BR004,ACTIVE,2022-02-07,2026-09-10 11:36:56.654207,2026-09-10 11:36:56.654207
22580,2367,Savings,239646.49,INR,BR004,ACTIVE,2024-04-27,2026-09-10 11:36:56.654207,2026-09-10 11:36:56.654207
22581,3172,Savings,204438.55,INR,BR002,ACTIVE,2022-06-24,2026-09-10 11:36:56.654207,2026-09-10 11:36:56.654207
22582,4295,Savings,484231.80,INR,BR001,ACTIVE,2022-10-15,2026-09-10 11:36:56.654207,2026-09-10 11:36:56.654207
22583,2514,Savings,90857.43,INR,BR004,ACTIVE,2022-08-11,2026-09-10 11:36:56.654207,2026-09-10 11:36:56.654207
22584,1686,Savings,314307.50,INR,BR002,ACTIVE,2024-01-14,2026-09-10 11:36:56.654207,2026-09-10 11:36:56.654207
22585,2727,Savings,101896.25,INR,BR001,ACTIVE,2021-05-04,2026-09-10 11:36:56.654207,2026-09-10 11:36:56.654207
22586,1652,Current,274662.61,INR,BR003,ACTIVE,2024-09-23,2026-09-10 11:36:56.654207,2026-09-10 11:36:56.654207
22587,1297,Savings,277976.55,INR,BR003,ACTIVE,2020-11-07,2026-09-10 11:36:56.654207,2026-09-10 11:36:56.654207
22588,2143,Current,38598.02,INR,BR004,ACTIVE,2020-11-26,2026-09-10 11:36:56.654207,2026-09-10 11:36:56.654207
22589,3835,Savings,228769.20,INR,BR001,ACTIVE,2024-11-16,2026-09-10 11:36:56.654207,2026-09-10 11:36:56.654207
22590,4148,Savings,231116.90,INR,BR002,ACTIVE,2023-07-20,2026-09-10 11:36:56.654207,2026-09-10 11:36:56.654207
22591,1621,Savings,160249.20,INR,BR004,ACTIVE,2024-06-27,2026-09-10 11:36:56.654207,2026-09-10 11:36:56.654207
22592,2655,Current,139302.12,INR,BR002,ACTIVE,2023-12-14,2026-09-10 11:36:56.654207,2026-09-10 11:36:56.654207
22593,4021,Savings,112924.69,INR,BR001,ACTIVE,2021-02-01,2026-09-10 11:36:56.654207,2026-09-10 11:36:56.654207
22594,3929,Savings,3964.59,INR,BR004,ACTIVE,2021-06-23,2026-09-10 11:36:56.654207,2026-09-10 11:36:56.654207
22595,4330,Savings,1906.33,INR,BR001,ACTIVE,2023-01-18,2026-09-10 11:36:56.654207,2026-09-10 11:36:56.654207
22596,4604,Savings,295303.82,INR,BR001,ACTIVE,2021-08-27,2026-09-10 11:36:56.654207,2026-09-10 11:36:56.654207
22597,2655,Savings,146440.49,INR,BR001,ACTIVE,2023-02-08,2026-09-10 11:36:56.654207,2026-09-10 11:36:56.654207
22598,3399,Savings,84776.44,INR,BR002,ACTIVE,2022-02-03,2026-09-10 11:36:56.654207,2026-09-10 11:36:56.654207
22599,2673,Current,342682.87,INR,BR003,ACTIVE,2021-10-19,2026-09-10 11:36:56.654207,2026-09-10 11:36:56.654207
22600,4349,Savings,264923.38,INR,BR004,ACTIVE,2023-12-31,2026-09-10 11:36:56.654207,2026-09-10 11:36:56.654207
22601,1255,Savings,457564.18,INR,BR002,ACTIVE,2021-06-25,2026-09-10 11:36:56.654207,2026-09-10 11:36:56.654207
22602,2288,Current,415677.45,INR,BR001,ACTIVE,2022-04-09,2026-09-10 11:36:56.654207,2026-09-10 11:36:56.654207
22603,3727,Savings,363637.87,INR,BR002,ACTIVE,2023-12-04,2026-09-10 11:36:56.654207,2026-09-10 11:36:56.654207
22604,4749,Current,64164.40,INR,BR001,ACTIVE,2020-10-03,2026-09-10 11:36:56.654207,2026-09-10 11:36:56.654207
22605,1029,Savings,333378.28,INR,BR001,ACTIVE,2023-09-30,2026-09-10 11:36:56.654207,2026-09-10 11:36:56.654207
22606,3515,Current,347269.30,INR,BR001,ACTIVE,2023-07-31,2026-09-10 11:36:56.654207,2026-09-10 11:36:56.654207
22607,2059,Savings,381902.96,INR,BR001,ACTIVE,2021-12-24,2026-09-10 11:36:56.654207,2026-09-10 11:36:56.654207
22608,1749,Savings,132303.23,INR,BR002,ACTIVE,2020-01-06,2026-09-10 11:36:56.654207,2026-09-10 11:36:56.654207
22609,2318,Savings,320508.45,INR,BR001,ACTIVE,2023-11-06,2026-09-10 11:36:56.654207,2026-09-10 11:36:56.654207
22610,1602,Savings,309520.95,INR,BR002,ACTIVE,2024-01-28,2026-09-10 11:36:56.654207,2026-09-10 11:36:56.654207
22611,4275,Savings,193269.71,INR,BR002,ACTIVE,2023-09-04,2026-09-10 11:36:56.654207,2026-09-10 11:36:56.654207
22612,3788,Current,332089.98,INR,BR003,ACTIVE,2022-09-12,2026-09-10 11:36:56.654207,2026-09-10 11:36:56.654207
22613,3979,Savings,44261.09,INR,BR002,ACTIVE,2024-04-16,2026-09-10 11:36:56.654207,2026-09-10 11:36:56.654207
22614,2092,Current,322109.01,INR,BR003,ACTIVE,2023-03-21,2026-09-10 11:36:56.654207,2026-09-10 11:36:56.654207
22615,1131,Savings,303401.78,INR,BR003,ACTIVE,2021-04-04,2026-09-10 11:36:56.654207,2026-09-10 11:36:56.654207
22616,4949,Savings,106101.58,INR,BR003,ACTIVE,2023-12-08,2026-09-10 11:36:56.654207,2026-09-10 11:36:56.654207
22617,1111,Savings,409288.60,INR,BR002,ACTIVE,2021-02-21,2026-09-10 11:36:56.654207,2026-09-10 11:36:56.654207
22618,3572,Savings,437332.59,INR,BR003,ACTIVE,2020-02-26,2026-09-10 11:36:56.654207,2026-09-10 11:36:56.654207
22619,4360,Savings,106031.49,INR,BR004,ACTIVE,2023-08-30,2026-09-10 11:36:56.654207,2026-09-10 11:36:56.654207
22620,3735,Current,38904.58,INR,BR001,ACTIVE,2020-04-07,2026-09-10 11:36:56.654207,2026-09-10 11:36:56.654207
22621,1831,Savings,302184.16,INR,BR002,ACTIVE,2023-06-04,2026-09-10 11:36:56.654207,2026-09-10 11:36:56.654207
22622,1666,Savings,240478.85,INR,BR001,ACTIVE,2025-01-11,2026-09-10 11:36:56.654207,2026-09-10 11:36:56.654207
22623,2067,Savings,214369.52,INR,BR002,ACTIVE,2024-04-03,2026-09-10 11:36:56.654207,2026-09-10 11:36:56.654207
22624,1875,Savings,380743.16,INR,BR003,ACTIVE,2022-02-07,2026-09-10 11:36:56.654207,2026-09-10 11:36:56.654207
22625,4789,Current,484861.66,INR,BR004,ACTIVE,2024-07-13,2026-09-10 11:36:56.654207,2026-09-10 11:36:56.654207
22626,4756,Savings,239354.20,INR,BR003,ACTIVE,2022-07-28,2026-09-10 11:36:56.654207,2026-09-10 11:36:56.654207
22627,2318,Savings,4071.38,INR,BR002,ACTIVE,2022-10-20,2026-09-10 11:36:56.654207,2026-09-10 11:36:56.654207
22628,1285,Savings,298537.30,INR,BR003,ACTIVE,2021-02-11,2026-09-10 11:36:56.654207,2026-09-10 11:36:56.654207
22629,3871,Savings,327328.97,INR,BR004,ACTIVE,2021-01-30,2026-09-10 11:36:56.654207,2026-09-10 11:36:56.654207
22630,1564,Savings,414181.13,INR,BR001,ACTIVE,2023-12-30,2026-09-10 11:36:56.654207,2026-09-10 11:36:56.654207
22631,4699,Savings,100504.08,INR,BR001,ACTIVE,2022-11-29,2026-09-10 11:36:56.654207,2026-09-10 11:36:56.654207
22632,1019,Current,262639.49,INR,BR003,ACTIVE,2022-06-02,2026-09-10 11:36:56.654207,2026-09-10 11:36:56.654207
22633,4579,Savings,224118.62,INR,BR002,ACTIVE,2021-01-25,2026-09-10 11:36:56.654207,2026-09-10 11:36:56.654207
22634,1547,Savings,332555.79,INR,BR002,ACTIVE,2022-03-24,2026-09-10 11:36:56.654207,2026-09-10 11:36:56.654207
22635,1048,Savings,32907.59,INR,BR001,ACTIVE,2020-02-29,2026-09-10 11:36:56.654207,2026-09-10 11:36:56.654207
22636,2769,Savings,442122.45,INR,BR004,ACTIVE,2024-12-25,2026-09-10 11:36:56.654207,2026-09-10 11:36:56.654207
22637,3043,Current,256067.54,INR,BR003,ACTIVE,2020-12-27,2026-09-10 11:36:56.654207,2026-09-10 11:36:56.654207
22638,1219,Savings,438645.68,INR,BR003,ACTIVE,2022-02-11,2026-09-10 11:36:56.654207,2026-09-10 11:36:56.654207
22639,4694,Savings,170778.33,INR,BR001,ACTIVE,2020-09-18,2026-09-10 11:36:56.654207,2026-09-10 11:36:56.654207
22640,1766,Savings,327107.59,INR,BR002,ACTIVE,2022-10-04,2026-09-10 11:36:56.654207,2026-09-10 11:36:56.654207
22641,4260,Savings,478405.85,INR,BR003,ACTIVE,2022-08-12,2026-09-10 11:36:56.654207,2026-09-10 11:36:56.654207
22642,3079,Current,471746.22,INR,BR002,ACTIVE,2023-05-17,2026-09-10 11:36:56.654207,2026-09-10 11:36:56.654207
22643,3307,Savings,472107.27,INR,BR002,ACTIVE,2021-09-17,2026-09-10 11:36:56.654207,2026-09-10 11:36:56.654207
22644,4747,Current,22430.47,INR,BR001,ACTIVE,2022-08-12,2026-09-10 11:36:56.654207,2026-09-10 11:36:56.654207
22645,4416,Savings,202104.98,INR,BR002,ACTIVE,2023-09-06,2026-09-10 11:36:56.654207,2026-09-10 11:36:56.654207
22646,1308,Savings,31329.85,INR,BR004,ACTIVE,2025-01-19,2026-09-10 11:36:56.654207,2026-09-10 11:36:56.654207
22647,4143,Current,155429.03,INR,BR004,ACTIVE,2024-08-16,2026-09-10 11:36:56.654207,2026-09-10 11:36:56.654207
22648,3355,Savings,88114.47,INR,BR001,ACTIVE,2021-01-30,2026-09-10 11:36:56.654207,2026-09-10 11:36:56.654207
22649,1568,Savings,310448.57,INR,BR003,ACTIVE,2022-07-31,2026-09-10 11:36:56.654207,2026-09-10 11:36:56.654207
22650,2123,Savings,390592.33,INR,BR002,ACTIVE,2024-06-14,2026-09-10 11:36:56.654207,2026-09-10 11:36:56.654207
22651,3069,Savings,257160.14,INR,BR004,ACTIVE,2022-03-08,2026-09-10 11:36:56.654207,2026-09-10 11:36:56.654207
22652,4969,Current,397941.06,INR,BR001,ACTIVE,2022-09-11,2026-09-10 11:36:56.654207,2026-09-10 11:36:56.654207
22653,4692,Current,7393.84,INR,BR001,ACTIVE,2023-02-24,2026-09-10 11:36:56.654207,2026-09-10 11:36:56.654207
22654,4637,Current,410417.71,INR,BR002,ACTIVE,2022-03-19,2026-09-10 11:36:56.654207,2026-09-10 11:36:56.654207
22655,4078,Current,90001.75,INR,BR001,ACTIVE,2020-07-31,2026-09-10 11:36:56.654207,2026-09-10 11:36:56.654207
22656,1231,Savings,231007.01,INR,BR003,ACTIVE,2022-06-15,2026-09-10 11:36:56.654207,2026-09-10 11:36:56.654207
22657,1082,Savings,221850.22,INR,BR002,ACTIVE,2021-03-31,2026-09-10 11:36:56.654207,2026-09-10 11:36:56.654207
22658,4006,Savings,436704.61,INR,BR003,ACTIVE,2021-07-02,2026-09-10 11:36:56.654207,2026-09-10 11:36:56.654207
22659,1217,Savings,483023.59,INR,BR004,ACTIVE,2021-07-15,2026-09-10 11:36:56.654207,2026-09-10 11:36:56.654207
22660,1335,Savings,128305.36,INR,BR004,ACTIVE,2022-09-15,2026-09-10 11:36:56.654207,2026-09-10 11:36:56.654207
22661,1559,Current,34639.17,INR,BR004,ACTIVE,2024-07-26,2026-09-10 11:36:56.654207,2026-09-10 11:36:56.654207
22662,3912,Current,325610.37,INR,BR004,ACTIVE,2023-09-10,2026-09-10 11:36:56.654207,2026-09-10 11:36:56.654207
22663,1874,Savings,251917.45,INR,BR001,ACTIVE,2023-10-01,2026-09-10 11:36:56.654207,2026-09-10 11:36:56.654207
22664,1753,Savings,283286.87,INR,BR003,ACTIVE,2023-11-09,2026-09-10 11:36:56.654207,2026-09-10 11:36:56.654207
22665,4762,Savings,24088.84,INR,BR001,ACTIVE,2024-06-23,2026-09-10 11:36:56.654207,2026-09-10 11:36:56.654207
22666,1594,Savings,387879.60,INR,BR001,ACTIVE,2024-07-03,2026-09-10 11:36:56.654207,2026-09-10 11:36:56.654207
22667,2823,Savings,116944.35,INR,BR004,ACTIVE,2022-10-27,2026-09-10 11:36:56.654207,2026-09-10 11:36:56.654207
22668,3752,Savings,168133.45,INR,BR003,ACTIVE,2023-11-15,2026-09-10 11:36:56.654207,2026-09-10 11:36:56.654207
22669,3973,Current,114948.50,INR,BR002,ACTIVE,2022-06-12,2026-09-10 11:36:56.654207,2026-09-10 11:36:56.654207
22670,2679,Savings,473026.34,INR,BR002,ACTIVE,2024-09-09,2026-09-10 11:36:56.654207,2026-09-10 11:36:56.654207
22671,4898,Savings,85192.19,INR,BR002,ACTIVE,2023-05-07,2026-09-10 11:36:56.654207,2026-09-10 11:36:56.654207
22672,4863,Savings,366427.18,INR,BR003,ACTIVE,2023-06-12,2026-09-10 11:36:56.654207,2026-09-10 11:36:56.654207
22673,1553,Savings,123627.90,INR,BR004,ACTIVE,2020-04-18,2026-09-10 11:36:56.654207,2026-09-10 11:36:56.654207
22674,2483,Savings,213034.89,INR,BR004,ACTIVE,2021-04-28,2026-09-10 11:36:56.654207,2026-09-10 11:36:56.654207
22675,1783,Current,498034.88,INR,BR003,ACTIVE,2021-10-30,2026-09-10 11:36:56.654207,2026-09-10 11:36:56.654207
22676,3135,Current,51187.80,INR,BR004,ACTIVE,2022-04-01,2026-09-10 11:36:56.654207,2026-09-10 11:36:56.654207
22677,4587,Savings,440798.26,INR,BR003,ACTIVE,2021-12-06,2026-09-10 11:36:56.654207,2026-09-10 11:36:56.654207
22678,4795,Current,473078.90,INR,BR003,ACTIVE,2023-02-25,2026-09-10 11:36:56.654207,2026-09-10 11:36:56.654207
22679,1513,Savings,349415.42,INR,BR002,ACTIVE,2025-01-23,2026-09-10 11:36:56.654207,2026-09-10 11:36:56.654207
22680,1984,Current,5971.13,INR,BR002,ACTIVE,2020-08-11,2026-09-10 11:36:56.654207,2026-09-10 11:36:56.654207
22681,4057,Savings,410578.49,INR,BR001,ACTIVE,2023-10-24,2026-09-10 11:36:56.654207,2026-09-10 11:36:56.654207
22682,1587,Savings,441253.69,INR,BR003,ACTIVE,2024-05-02,2026-09-10 11:36:56.654207,2026-09-10 11:36:56.654207
22683,2502,Savings,490486.14,INR,BR002,ACTIVE,2020-11-21,2026-09-10 11:36:56.654207,2026-09-10 11:36:56.654207
22684,3546,Current,419818.56,INR,BR002,ACTIVE,2023-10-15,2026-09-10 11:36:56.654207,2026-09-10 11:36:56.654207
22685,3955,Savings,223347.90,INR,BR002,ACTIVE,2020-02-27,2026-09-10 11:36:56.654207,2026-09-10 11:36:56.654207
22686,1956,Savings,344636.19,INR,BR004,ACTIVE,2023-09-02,2026-09-10 11:36:56.654207,2026-09-10 11:36:56.654207
22687,1743,Savings,243079.13,INR,BR002,ACTIVE,2024-08-24,2026-09-10 11:36:56.654207,2026-09-10 11:36:56.654207
22688,1449,Savings,177156.16,INR,BR004,ACTIVE,2024-06-09,2026-09-10 11:36:56.654207,2026-09-10 11:36:56.654207
22689,1588,Savings,313586.82,INR,BR002,ACTIVE,2022-09-14,2026-09-10 11:36:56.654207,2026-09-10 11:36:56.654207
22690,1260,Savings,385146.39,INR,BR004,ACTIVE,2022-02-13,2026-09-10 11:36:56.654207,2026-09-10 11:36:56.654207
22691,4609,Savings,318314.49,INR,BR004,ACTIVE,2024-07-19,2026-09-10 11:36:56.654207,2026-09-10 11:36:56.654207
22692,4272,Savings,413462.61,INR,BR002,ACTIVE,2022-07-21,2026-09-10 11:36:56.654207,2026-09-10 11:36:56.654207
22693,3511,Savings,89011.11,INR,BR003,ACTIVE,2023-03-21,2026-09-10 11:36:56.654207,2026-09-10 11:36:56.654207
22694,1094,Savings,187473.58,INR,BR001,ACTIVE,2022-05-17,2026-09-10 11:36:56.654207,2026-09-10 11:36:56.654207
22695,2021,Savings,156980.32,INR,BR001,ACTIVE,2020-06-10,2026-09-10 11:36:56.654207,2026-09-10 11:36:56.654207
22696,2960,Savings,97869.44,INR,BR003,ACTIVE,2024-11-24,2026-09-10 11:36:56.654207,2026-09-10 11:36:56.654207
22697,2376,Savings,222143.99,INR,BR002,ACTIVE,2024-03-13,2026-09-10 11:36:56.654207,2026-09-10 11:36:56.654207
22698,2132,Savings,473988.56,INR,BR003,ACTIVE,2023-11-25,2026-09-10 11:36:56.654207,2026-09-10 11:36:56.654207
22699,3403,Savings,269466.14,INR,BR002,ACTIVE,2023-04-29,2026-09-10 11:36:56.654207,2026-09-10 11:36:56.654207
22700,3517,Savings,143916.03,INR,BR002,ACTIVE,2024-09-16,2026-09-10 11:36:56.654207,2026-09-10 11:36:56.654207
22701,3143,Savings,177676.25,INR,BR002,ACTIVE,2024-05-03,2026-09-10 11:36:56.662789,2026-09-10 11:36:56.662789
22702,1868,Savings,306924.78,INR,BR002,ACTIVE,2023-12-21,2026-09-10 11:36:56.662789,2026-09-10 11:36:56.662789
22703,1091,Savings,177020.62,INR,BR002,ACTIVE,2022-04-23,2026-09-10 11:36:56.662789,2026-09-10 11:36:56.662789
22704,4116,Savings,269635.01,INR,BR003,ACTIVE,2023-08-29,2026-09-10 11:36:56.662789,2026-09-10 11:36:56.662789
22705,2480,Savings,137805.79,INR,BR003,ACTIVE,2023-02-23,2026-09-10 11:36:56.662789,2026-09-10 11:36:56.662789
22706,1955,Savings,173619.70,INR,BR001,ACTIVE,2022-04-17,2026-09-10 11:36:56.662789,2026-09-10 11:36:56.662789
22707,3432,Savings,353158.20,INR,BR002,ACTIVE,2023-09-13,2026-09-10 11:36:56.662789,2026-09-10 11:36:56.662789
22708,1023,Savings,292724.56,INR,BR003,ACTIVE,2020-05-19,2026-09-10 11:36:56.662789,2026-09-10 11:36:56.662789
22709,2726,Current,47649.94,INR,BR003,ACTIVE,2022-02-07,2026-09-10 11:36:56.662789,2026-09-10 11:36:56.662789
22710,1023,Savings,486618.08,INR,BR002,ACTIVE,2020-03-21,2026-09-10 11:36:56.662789,2026-09-10 11:36:56.662789
22711,4306,Savings,25619.12,INR,BR002,ACTIVE,2022-06-15,2026-09-10 11:36:56.662789,2026-09-10 11:36:56.662789
22712,2722,Savings,42386.85,INR,BR003,ACTIVE,2020-03-06,2026-09-10 11:36:56.662789,2026-09-10 11:36:56.662789
22713,3359,Savings,350991.64,INR,BR002,ACTIVE,2024-04-08,2026-09-10 11:36:56.662789,2026-09-10 11:36:56.662789
22714,2441,Savings,354301.05,INR,BR004,ACTIVE,2021-01-10,2026-09-10 11:36:56.662789,2026-09-10 11:36:56.662789
22715,2357,Savings,10448.83,INR,BR003,ACTIVE,2022-02-24,2026-09-10 11:36:56.662789,2026-09-10 11:36:56.662789
22716,1575,Savings,321734.20,INR,BR001,ACTIVE,2023-01-22,2026-09-10 11:36:56.662789,2026-09-10 11:36:56.662789
22717,3151,Current,17596.75,INR,BR002,ACTIVE,2021-05-25,2026-09-10 11:36:56.662789,2026-09-10 11:36:56.662789
22718,3548,Savings,480424.23,INR,BR004,ACTIVE,2024-07-03,2026-09-10 11:36:56.662789,2026-09-10 11:36:56.662789
22719,1828,Savings,348375.15,INR,BR001,ACTIVE,2021-01-22,2026-09-10 11:36:56.662789,2026-09-10 11:36:56.662789
22720,4555,Savings,94102.47,INR,BR001,ACTIVE,2020-01-26,2026-09-10 11:36:56.662789,2026-09-10 11:36:56.662789
22721,1189,Savings,79894.29,INR,BR001,ACTIVE,2024-11-27,2026-09-10 11:36:56.662789,2026-09-10 11:36:56.662789
22722,4920,Savings,285261.49,INR,BR002,ACTIVE,2021-09-14,2026-09-10 11:36:56.662789,2026-09-10 11:36:56.662789
22723,1460,Savings,317125.84,INR,BR001,ACTIVE,2024-02-13,2026-09-10 11:36:56.662789,2026-09-10 11:36:56.662789
22724,3237,Savings,415787.58,INR,BR003,ACTIVE,2024-02-10,2026-09-10 11:36:56.662789,2026-09-10 11:36:56.662789
22725,1351,Savings,451757.25,INR,BR003,ACTIVE,2021-08-19,2026-09-10 11:36:56.662789,2026-09-10 11:36:56.662789
22726,1581,Savings,196874.19,INR,BR002,ACTIVE,2023-11-02,2026-09-10 11:36:56.662789,2026-09-10 11:36:56.662789
22727,3162,Savings,422198.34,INR,BR002,ACTIVE,2020-06-28,2026-09-10 11:36:56.662789,2026-09-10 11:36:56.662789
22728,3152,Savings,271647.64,INR,BR001,ACTIVE,2021-05-20,2026-09-10 11:36:56.662789,2026-09-10 11:36:56.662789
22729,1620,Current,235820.49,INR,BR002,ACTIVE,2020-02-29,2026-09-10 11:36:56.662789,2026-09-10 11:36:56.662789
22730,2532,Current,349786.35,INR,BR003,ACTIVE,2020-11-18,2026-09-10 11:36:56.662789,2026-09-10 11:36:56.662789
22731,2369,Savings,52494.29,INR,BR003,ACTIVE,2024-04-19,2026-09-10 11:36:56.662789,2026-09-10 11:36:56.662789
22732,4093,Savings,133427.87,INR,BR003,ACTIVE,2021-04-06,2026-09-10 11:36:56.662789,2026-09-10 11:36:56.662789
22733,3435,Savings,408564.58,INR,BR002,ACTIVE,2022-01-19,2026-09-10 11:36:56.662789,2026-09-10 11:36:56.662789
22734,3992,Savings,252535.34,INR,BR003,ACTIVE,2024-06-27,2026-09-10 11:36:56.662789,2026-09-10 11:36:56.662789
22735,2802,Savings,454113.67,INR,BR002,ACTIVE,2021-05-17,2026-09-10 11:36:56.662789,2026-09-10 11:36:56.662789
22736,3903,Savings,45263.16,INR,BR004,ACTIVE,2024-11-10,2026-09-10 11:36:56.662789,2026-09-10 11:36:56.662789
22737,2233,Savings,157392.99,INR,BR001,ACTIVE,2021-01-02,2026-09-10 11:36:56.662789,2026-09-10 11:36:56.662789
22738,4754,Savings,178419.40,INR,BR004,ACTIVE,2023-01-15,2026-09-10 11:36:56.662789,2026-09-10 11:36:56.662789
22739,3531,Savings,211937.44,INR,BR003,ACTIVE,2022-12-15,2026-09-10 11:36:56.662789,2026-09-10 11:36:56.662789
22740,1473,Savings,493423.21,INR,BR001,ACTIVE,2024-06-19,2026-09-10 11:36:56.662789,2026-09-10 11:36:56.662789
22741,4778,Savings,156020.69,INR,BR003,ACTIVE,2020-04-16,2026-09-10 11:36:56.662789,2026-09-10 11:36:56.662789
22742,1859,Savings,259822.54,INR,BR003,ACTIVE,2021-06-12,2026-09-10 11:36:56.662789,2026-09-10 11:36:56.662789
22743,3990,Savings,268499.59,INR,BR004,ACTIVE,2022-07-16,2026-09-10 11:36:56.662789,2026-09-10 11:36:56.662789
22744,3441,Savings,385628.17,INR,BR003,ACTIVE,2023-10-25,2026-09-10 11:36:56.662789,2026-09-10 11:36:56.662789
22745,4707,Savings,259416.63,INR,BR001,ACTIVE,2021-05-06,2026-09-10 11:36:56.662789,2026-09-10 11:36:56.662789
22746,2713,Current,303262.96,INR,BR003,ACTIVE,2022-06-08,2026-09-10 11:36:56.662789,2026-09-10 11:36:56.662789
22747,1516,Savings,376910.70,INR,BR001,ACTIVE,2024-09-24,2026-09-10 11:36:56.662789,2026-09-10 11:36:56.662789
22748,4260,Savings,51464.87,INR,BR004,ACTIVE,2021-08-22,2026-09-10 11:36:56.662789,2026-09-10 11:36:56.662789
22749,3394,Savings,481772.59,INR,BR002,ACTIVE,2020-06-24,2026-09-10 11:36:56.662789,2026-09-10 11:36:56.662789
22750,2376,Current,423305.78,INR,BR003,ACTIVE,2024-08-20,2026-09-10 11:36:56.662789,2026-09-10 11:36:56.662789
22751,3589,Savings,194997.53,INR,BR004,ACTIVE,2024-04-09,2026-09-10 11:36:56.662789,2026-09-10 11:36:56.662789
22752,4670,Savings,364480.38,INR,BR003,ACTIVE,2023-08-20,2026-09-10 11:36:56.662789,2026-09-10 11:36:56.662789
22753,3095,Savings,381400.23,INR,BR001,ACTIVE,2024-11-03,2026-09-10 11:36:56.662789,2026-09-10 11:36:56.662789
22754,4149,Current,425272.98,INR,BR003,ACTIVE,2021-12-18,2026-09-10 11:36:56.662789,2026-09-10 11:36:56.662789
22755,3391,Savings,94970.10,INR,BR002,ACTIVE,2023-07-23,2026-09-10 11:36:56.662789,2026-09-10 11:36:56.662789
22756,4263,Savings,352147.67,INR,BR003,ACTIVE,2021-05-31,2026-09-10 11:36:56.662789,2026-09-10 11:36:56.662789
22757,1543,Savings,17636.92,INR,BR002,ACTIVE,2022-12-22,2026-09-10 11:36:56.662789,2026-09-10 11:36:56.662789
22758,3867,Savings,58673.98,INR,BR002,ACTIVE,2022-06-22,2026-09-10 11:36:56.662789,2026-09-10 11:36:56.662789
22759,4753,Savings,388257.41,INR,BR003,ACTIVE,2021-06-18,2026-09-10 11:36:56.662789,2026-09-10 11:36:56.662789
22760,2060,Savings,406688.50,INR,BR004,ACTIVE,2025-01-11,2026-09-10 11:36:56.662789,2026-09-10 11:36:56.662789
22761,1757,Savings,296625.79,INR,BR003,ACTIVE,2021-11-27,2026-09-10 11:36:56.662789,2026-09-10 11:36:56.662789
22762,4496,Savings,291261.30,INR,BR002,ACTIVE,2020-01-30,2026-09-10 11:36:56.662789,2026-09-10 11:36:56.662789
22763,3399,Savings,375006.20,INR,BR004,ACTIVE,2021-06-15,2026-09-10 11:36:56.662789,2026-09-10 11:36:56.662789
22764,1188,Savings,453136.33,INR,BR002,ACTIVE,2023-07-23,2026-09-10 11:36:56.662789,2026-09-10 11:36:56.662789
22765,4599,Savings,211136.47,INR,BR002,ACTIVE,2020-06-19,2026-09-10 11:36:56.662789,2026-09-10 11:36:56.662789
22766,3382,Savings,58295.74,INR,BR003,ACTIVE,2021-10-11,2026-09-10 11:36:56.662789,2026-09-10 11:36:56.662789
22767,1483,Savings,419660.69,INR,BR001,ACTIVE,2021-03-20,2026-09-10 11:36:56.662789,2026-09-10 11:36:56.662789
22768,2240,Savings,171480.43,INR,BR003,ACTIVE,2021-05-23,2026-09-10 11:36:56.662789,2026-09-10 11:36:56.662789
22769,2182,Savings,67759.10,INR,BR001,ACTIVE,2021-11-23,2026-09-10 11:36:56.662789,2026-09-10 11:36:56.662789
22770,4998,Current,307693.58,INR,BR001,ACTIVE,2021-01-11,2026-09-10 11:36:56.662789,2026-09-10 11:36:56.662789
22771,3715,Current,289463.88,INR,BR003,ACTIVE,2023-01-19,2026-09-10 11:36:56.662789,2026-09-10 11:36:56.662789
22772,4313,Savings,237648.86,INR,BR001,ACTIVE,2020-01-22,2026-09-10 11:36:56.662789,2026-09-10 11:36:56.662789
22773,1296,Savings,430038.82,INR,BR002,ACTIVE,2021-04-21,2026-09-10 11:36:56.662789,2026-09-10 11:36:56.662789
22774,4534,Current,136840.69,INR,BR004,ACTIVE,2020-06-06,2026-09-10 11:36:56.662789,2026-09-10 11:36:56.662789
22775,1045,Savings,7604.40,INR,BR003,ACTIVE,2024-05-01,2026-09-10 11:36:56.662789,2026-09-10 11:36:56.662789
22776,3543,Savings,162410.89,INR,BR001,ACTIVE,2023-06-27,2026-09-10 11:36:56.662789,2026-09-10 11:36:56.662789
22777,3043,Savings,5843.27,INR,BR002,ACTIVE,2024-09-05,2026-09-10 11:36:56.662789,2026-09-10 11:36:56.662789
22778,1175,Savings,272252.01,INR,BR004,ACTIVE,2022-12-30,2026-09-10 11:36:56.662789,2026-09-10 11:36:56.662789
22779,4052,Current,189745.90,INR,BR001,ACTIVE,2023-04-21,2026-09-10 11:36:56.662789,2026-09-10 11:36:56.662789
22780,2370,Current,407157.43,INR,BR001,ACTIVE,2021-04-03,2026-09-10 11:36:56.662789,2026-09-10 11:36:56.662789
22781,3104,Savings,398995.09,INR,BR002,ACTIVE,2023-12-25,2026-09-10 11:36:56.662789,2026-09-10 11:36:56.662789
22782,4638,Savings,217884.61,INR,BR004,ACTIVE,2022-01-16,2026-09-10 11:36:56.662789,2026-09-10 11:36:56.662789
22783,3389,Savings,109026.15,INR,BR004,ACTIVE,2023-10-08,2026-09-10 11:36:56.662789,2026-09-10 11:36:56.662789
22784,2801,Savings,211792.50,INR,BR002,ACTIVE,2023-06-22,2026-09-10 11:36:56.662789,2026-09-10 11:36:56.662789
22785,2910,Savings,321017.55,INR,BR004,ACTIVE,2020-01-15,2026-09-10 11:36:56.662789,2026-09-10 11:36:56.662789
22786,2775,Current,95912.78,INR,BR003,ACTIVE,2023-07-13,2026-09-10 11:36:56.662789,2026-09-10 11:36:56.662789
22787,4905,Savings,386750.26,INR,BR004,ACTIVE,2021-04-26,2026-09-10 11:36:56.662789,2026-09-10 11:36:56.662789
22788,4180,Savings,165949.55,INR,BR001,ACTIVE,2021-01-01,2026-09-10 11:36:56.662789,2026-09-10 11:36:56.662789
22789,4782,Savings,466156.32,INR,BR004,ACTIVE,2021-05-06,2026-09-10 11:36:56.662789,2026-09-10 11:36:56.662789
22790,2921,Current,256423.39,INR,BR003,ACTIVE,2024-11-23,2026-09-10 11:36:56.662789,2026-09-10 11:36:56.662789
22791,3262,Savings,423716.14,INR,BR003,ACTIVE,2022-04-24,2026-09-10 11:36:56.662789,2026-09-10 11:36:56.662789
22792,2523,Savings,308330.40,INR,BR001,ACTIVE,2021-02-14,2026-09-10 11:36:56.662789,2026-09-10 11:36:56.662789
22793,1758,Savings,277746.32,INR,BR001,ACTIVE,2020-04-19,2026-09-10 11:36:56.662789,2026-09-10 11:36:56.662789
22794,2421,Savings,341382.94,INR,BR003,ACTIVE,2022-01-09,2026-09-10 11:36:56.662789,2026-09-10 11:36:56.662789
22795,3598,Savings,405934.07,INR,BR002,ACTIVE,2022-06-25,2026-09-10 11:36:56.662789,2026-09-10 11:36:56.662789
22796,1497,Current,322609.24,INR,BR003,ACTIVE,2020-11-10,2026-09-10 11:36:56.662789,2026-09-10 11:36:56.662789
22797,3221,Savings,398823.10,INR,BR004,ACTIVE,2020-04-11,2026-09-10 11:36:56.662789,2026-09-10 11:36:56.662789
22798,1105,Savings,96042.12,INR,BR001,ACTIVE,2020-01-21,2026-09-10 11:36:56.662789,2026-09-10 11:36:56.662789
22799,4624,Current,139480.75,INR,BR002,ACTIVE,2020-09-22,2026-09-10 11:36:56.662789,2026-09-10 11:36:56.662789
22800,1479,Savings,115631.69,INR,BR003,ACTIVE,2022-08-21,2026-09-10 11:36:56.662789,2026-09-10 11:36:56.662789
22801,2423,Savings,399353.29,INR,BR001,ACTIVE,2024-05-18,2026-09-10 11:36:56.662789,2026-09-10 11:36:56.662789
22802,3482,Savings,43978.15,INR,BR004,ACTIVE,2023-07-25,2026-09-10 11:36:56.662789,2026-09-10 11:36:56.662789
22803,3690,Current,398135.74,INR,BR002,ACTIVE,2021-11-21,2026-09-10 11:36:56.662789,2026-09-10 11:36:56.662789
22804,1693,Savings,195132.11,INR,BR002,ACTIVE,2021-05-16,2026-09-10 11:36:56.662789,2026-09-10 11:36:56.662789
22805,4039,Savings,40674.07,INR,BR002,ACTIVE,2022-08-15,2026-09-10 11:36:56.662789,2026-09-10 11:36:56.662789
22806,3970,Savings,212788.70,INR,BR004,ACTIVE,2023-09-30,2026-09-10 11:36:56.662789,2026-09-10 11:36:56.662789
22807,1194,Savings,150950.65,INR,BR001,ACTIVE,2023-05-24,2026-09-10 11:36:56.662789,2026-09-10 11:36:56.662789
22808,3891,Savings,296384.14,INR,BR003,ACTIVE,2024-07-03,2026-09-10 11:36:56.662789,2026-09-10 11:36:56.662789
22809,3849,Savings,236790.79,INR,BR001,ACTIVE,2023-08-26,2026-09-10 11:36:56.662789,2026-09-10 11:36:56.662789
22810,2490,Savings,149091.92,INR,BR004,ACTIVE,2021-04-01,2026-09-10 11:36:56.662789,2026-09-10 11:36:56.662789
22811,4413,Savings,431270.71,INR,BR001,ACTIVE,2023-09-22,2026-09-10 11:36:56.662789,2026-09-10 11:36:56.662789
22812,1059,Current,204003.89,INR,BR002,ACTIVE,2024-11-15,2026-09-10 11:36:56.662789,2026-09-10 11:36:56.662789
22813,2887,Current,235874.31,INR,BR003,ACTIVE,2025-01-30,2026-09-10 11:36:56.662789,2026-09-10 11:36:56.662789
22814,4610,Savings,423467.63,INR,BR004,ACTIVE,2023-08-30,2026-09-10 11:36:56.662789,2026-09-10 11:36:56.662789
22815,1478,Savings,45439.25,INR,BR002,ACTIVE,2024-10-15,2026-09-10 11:36:56.662789,2026-09-10 11:36:56.662789
22816,2127,Savings,195556.68,INR,BR001,ACTIVE,2023-10-16,2026-09-10 11:36:56.662789,2026-09-10 11:36:56.662789
22817,3581,Current,202025.49,INR,BR002,ACTIVE,2020-05-18,2026-09-10 11:36:56.662789,2026-09-10 11:36:56.662789
22818,2969,Savings,248417.00,INR,BR001,ACTIVE,2022-12-10,2026-09-10 11:36:56.662789,2026-09-10 11:36:56.662789
22819,1592,Current,53954.18,INR,BR001,ACTIVE,2022-11-15,2026-09-10 11:36:56.662789,2026-09-10 11:36:56.662789
22820,1839,Savings,52227.40,INR,BR004,ACTIVE,2024-03-08,2026-09-10 11:36:56.662789,2026-09-10 11:36:56.662789
22821,4783,Savings,208791.56,INR,BR001,ACTIVE,2020-01-01,2026-09-10 11:36:56.662789,2026-09-10 11:36:56.662789
22822,2346,Savings,17481.48,INR,BR002,ACTIVE,2024-11-09,2026-09-10 11:36:56.662789,2026-09-10 11:36:56.662789
22823,1549,Savings,128237.20,INR,BR004,ACTIVE,2022-12-12,2026-09-10 11:36:56.662789,2026-09-10 11:36:56.662789
22824,4086,Savings,101387.20,INR,BR003,ACTIVE,2022-07-14,2026-09-10 11:36:56.662789,2026-09-10 11:36:56.662789
22825,4528,Savings,245203.74,INR,BR004,ACTIVE,2020-04-18,2026-09-10 11:36:56.662789,2026-09-10 11:36:56.662789
22826,1221,Savings,6568.62,INR,BR002,ACTIVE,2024-06-30,2026-09-10 11:36:56.662789,2026-09-10 11:36:56.662789
22827,1876,Savings,338190.99,INR,BR001,ACTIVE,2022-12-05,2026-09-10 11:36:56.662789,2026-09-10 11:36:56.662789
22828,4463,Savings,427938.07,INR,BR004,ACTIVE,2022-10-07,2026-09-10 11:36:56.662789,2026-09-10 11:36:56.662789
22829,3726,Savings,353664.02,INR,BR004,ACTIVE,2022-10-15,2026-09-10 11:36:56.662789,2026-09-10 11:36:56.662789
22830,2197,Savings,409221.01,INR,BR004,ACTIVE,2020-07-25,2026-09-10 11:36:56.662789,2026-09-10 11:36:56.662789
22831,3710,Current,322014.89,INR,BR002,ACTIVE,2024-07-01,2026-09-10 11:36:56.662789,2026-09-10 11:36:56.662789
22832,3732,Savings,254176.15,INR,BR001,ACTIVE,2020-04-24,2026-09-10 11:36:56.662789,2026-09-10 11:36:56.662789
22833,4153,Savings,110291.78,INR,BR003,ACTIVE,2024-10-10,2026-09-10 11:36:56.662789,2026-09-10 11:36:56.662789
22834,1336,Savings,140533.55,INR,BR003,ACTIVE,2023-06-20,2026-09-10 11:36:56.662789,2026-09-10 11:36:56.662789
22835,1225,Savings,159536.29,INR,BR001,ACTIVE,2022-10-17,2026-09-10 11:36:56.662789,2026-09-10 11:36:56.662789
22836,3919,Savings,19970.82,INR,BR003,ACTIVE,2023-12-02,2026-09-10 11:36:56.662789,2026-09-10 11:36:56.662789
22837,3083,Current,456631.30,INR,BR001,ACTIVE,2020-08-31,2026-09-10 11:36:56.662789,2026-09-10 11:36:56.662789
22838,4942,Savings,450251.05,INR,BR004,ACTIVE,2020-07-30,2026-09-10 11:36:56.662789,2026-09-10 11:36:56.662789
22839,1188,Savings,54781.15,INR,BR004,ACTIVE,2020-06-14,2026-09-10 11:36:56.662789,2026-09-10 11:36:56.662789
22840,2248,Savings,278790.09,INR,BR002,ACTIVE,2020-07-08,2026-09-10 11:36:56.662789,2026-09-10 11:36:56.662789
22841,3691,Savings,234353.01,INR,BR004,ACTIVE,2022-04-03,2026-09-10 11:36:56.662789,2026-09-10 11:36:56.662789
22842,4958,Current,342023.58,INR,BR002,ACTIVE,2025-01-14,2026-09-10 11:36:56.662789,2026-09-10 11:36:56.662789
22843,1963,Savings,301905.81,INR,BR003,ACTIVE,2022-07-29,2026-09-10 11:36:56.662789,2026-09-10 11:36:56.662789
22844,4016,Savings,63036.58,INR,BR003,ACTIVE,2020-12-16,2026-09-10 11:36:56.662789,2026-09-10 11:36:56.662789
22845,1494,Savings,330378.74,INR,BR004,ACTIVE,2020-06-16,2026-09-10 11:36:56.662789,2026-09-10 11:36:56.662789
22846,2887,Savings,304827.28,INR,BR001,ACTIVE,2021-11-11,2026-09-10 11:36:56.662789,2026-09-10 11:36:56.662789
22847,1311,Savings,266080.60,INR,BR003,ACTIVE,2024-02-18,2026-09-10 11:36:56.662789,2026-09-10 11:36:56.662789
22848,3569,Savings,201800.73,INR,BR003,ACTIVE,2021-05-04,2026-09-10 11:36:56.662789,2026-09-10 11:36:56.662789
22849,2605,Savings,477505.58,INR,BR003,ACTIVE,2021-12-22,2026-09-10 11:36:56.662789,2026-09-10 11:36:56.662789
22850,2564,Savings,424870.34,INR,BR001,ACTIVE,2021-03-02,2026-09-10 11:36:56.662789,2026-09-10 11:36:56.662789
22851,4983,Current,292957.40,INR,BR004,ACTIVE,2022-04-02,2026-09-10 11:36:56.662789,2026-09-10 11:36:56.662789
22852,1369,Savings,4182.53,INR,BR002,ACTIVE,2020-05-23,2026-09-10 11:36:56.662789,2026-09-10 11:36:56.662789
22853,4547,Savings,216629.50,INR,BR001,ACTIVE,2024-01-18,2026-09-10 11:36:56.662789,2026-09-10 11:36:56.662789
22854,1746,Savings,350469.52,INR,BR001,ACTIVE,2024-08-04,2026-09-10 11:36:56.662789,2026-09-10 11:36:56.662789
22855,3079,Savings,59529.82,INR,BR003,ACTIVE,2022-12-29,2026-09-10 11:36:56.662789,2026-09-10 11:36:56.662789
22856,4899,Savings,203868.26,INR,BR002,ACTIVE,2021-01-12,2026-09-10 11:36:56.662789,2026-09-10 11:36:56.662789
22857,2256,Savings,96670.89,INR,BR001,ACTIVE,2023-07-18,2026-09-10 11:36:56.662789,2026-09-10 11:36:56.662789
22858,4922,Current,169733.35,INR,BR003,ACTIVE,2020-07-23,2026-09-10 11:36:56.662789,2026-09-10 11:36:56.662789
22859,1998,Current,14307.93,INR,BR001,ACTIVE,2020-10-12,2026-09-10 11:36:56.662789,2026-09-10 11:36:56.662789
22860,1497,Current,64239.46,INR,BR003,ACTIVE,2020-10-07,2026-09-10 11:36:56.662789,2026-09-10 11:36:56.662789
22861,2590,Savings,227923.67,INR,BR002,ACTIVE,2022-04-02,2026-09-10 11:36:56.662789,2026-09-10 11:36:56.662789
22862,1964,Savings,449196.77,INR,BR002,ACTIVE,2021-01-14,2026-09-10 11:36:56.662789,2026-09-10 11:36:56.662789
22863,3005,Current,245800.23,INR,BR003,ACTIVE,2021-01-02,2026-09-10 11:36:56.662789,2026-09-10 11:36:56.662789
22864,2199,Savings,227085.66,INR,BR004,ACTIVE,2020-11-18,2026-09-10 11:36:56.662789,2026-09-10 11:36:56.662789
22865,3346,Savings,393997.13,INR,BR001,ACTIVE,2023-06-24,2026-09-10 11:36:56.662789,2026-09-10 11:36:56.662789
22866,2815,Savings,134647.21,INR,BR004,ACTIVE,2023-09-09,2026-09-10 11:36:56.662789,2026-09-10 11:36:56.662789
22867,2389,Savings,48439.31,INR,BR001,ACTIVE,2023-04-17,2026-09-10 11:36:56.662789,2026-09-10 11:36:56.662789
22868,2110,Savings,105576.74,INR,BR002,ACTIVE,2023-11-30,2026-09-10 11:36:56.662789,2026-09-10 11:36:56.662789
22869,1577,Current,395859.12,INR,BR001,ACTIVE,2024-05-15,2026-09-10 11:36:56.662789,2026-09-10 11:36:56.662789
22870,4161,Savings,338846.91,INR,BR003,ACTIVE,2022-06-14,2026-09-10 11:36:56.662789,2026-09-10 11:36:56.662789
22871,1054,Savings,46675.06,INR,BR003,ACTIVE,2023-12-07,2026-09-10 11:36:56.662789,2026-09-10 11:36:56.662789
22872,4702,Savings,333879.49,INR,BR003,ACTIVE,2021-12-20,2026-09-10 11:36:56.662789,2026-09-10 11:36:56.662789
22873,4433,Savings,465844.19,INR,BR004,ACTIVE,2021-12-11,2026-09-10 11:36:56.662789,2026-09-10 11:36:56.662789
22874,4548,Savings,23432.52,INR,BR002,ACTIVE,2024-11-30,2026-09-10 11:36:56.662789,2026-09-10 11:36:56.662789
22875,1229,Savings,308592.63,INR,BR002,ACTIVE,2020-12-13,2026-09-10 11:36:56.662789,2026-09-10 11:36:56.662789
22876,1779,Savings,190203.12,INR,BR002,ACTIVE,2024-04-17,2026-09-10 11:36:56.662789,2026-09-10 11:36:56.662789
22877,4903,Savings,251014.70,INR,BR003,ACTIVE,2023-11-29,2026-09-10 11:36:56.662789,2026-09-10 11:36:56.662789
22878,2558,Savings,264561.23,INR,BR002,ACTIVE,2024-06-28,2026-09-10 11:36:56.662789,2026-09-10 11:36:56.662789
22879,4831,Savings,385752.00,INR,BR004,ACTIVE,2021-06-24,2026-09-10 11:36:56.662789,2026-09-10 11:36:56.662789
22880,1985,Savings,278949.25,INR,BR004,ACTIVE,2020-08-06,2026-09-10 11:36:56.662789,2026-09-10 11:36:56.662789
22881,1373,Savings,296949.73,INR,BR004,ACTIVE,2023-07-13,2026-09-10 11:36:56.662789,2026-09-10 11:36:56.662789
22882,1469,Savings,167123.01,INR,BR003,ACTIVE,2022-04-19,2026-09-10 11:36:56.662789,2026-09-10 11:36:56.662789
22883,3468,Savings,63846.70,INR,BR001,ACTIVE,2022-10-08,2026-09-10 11:36:56.662789,2026-09-10 11:36:56.662789
22884,2850,Savings,341683.43,INR,BR002,ACTIVE,2021-03-28,2026-09-10 11:36:56.662789,2026-09-10 11:36:56.662789
22885,1532,Savings,1240.59,INR,BR004,ACTIVE,2020-11-09,2026-09-10 11:36:56.662789,2026-09-10 11:36:56.662789
22886,2424,Savings,165029.87,INR,BR001,ACTIVE,2024-09-08,2026-09-10 11:36:56.662789,2026-09-10 11:36:56.662789
22887,4036,Savings,109803.93,INR,BR001,ACTIVE,2020-03-05,2026-09-10 11:36:56.662789,2026-09-10 11:36:56.662789
22888,2208,Savings,194878.19,INR,BR004,ACTIVE,2021-03-14,2026-09-10 11:36:56.662789,2026-09-10 11:36:56.662789
22889,4933,Savings,156322.75,INR,BR004,ACTIVE,2022-12-17,2026-09-10 11:36:56.662789,2026-09-10 11:36:56.662789
22890,1562,Current,352404.32,INR,BR002,ACTIVE,2022-01-31,2026-09-10 11:36:56.662789,2026-09-10 11:36:56.662789
22891,1090,Savings,130842.82,INR,BR002,ACTIVE,2023-08-20,2026-09-10 11:36:56.662789,2026-09-10 11:36:56.662789
22892,2640,Savings,280814.42,INR,BR001,ACTIVE,2021-05-05,2026-09-10 11:36:56.662789,2026-09-10 11:36:56.662789
22893,4778,Savings,228429.44,INR,BR001,ACTIVE,2021-03-06,2026-09-10 11:36:56.662789,2026-09-10 11:36:56.662789
22894,2407,Savings,400727.70,INR,BR001,ACTIVE,2021-03-13,2026-09-10 11:36:56.662789,2026-09-10 11:36:56.662789
22895,1369,Savings,214618.15,INR,BR003,ACTIVE,2022-10-04,2026-09-10 11:36:56.662789,2026-09-10 11:36:56.662789
22896,4146,Savings,432074.16,INR,BR001,ACTIVE,2023-01-02,2026-09-10 11:36:56.662789,2026-09-10 11:36:56.662789
22897,2293,Savings,1072.74,INR,BR003,ACTIVE,2020-11-18,2026-09-10 11:36:56.662789,2026-09-10 11:36:56.662789
22898,1015,Savings,302813.34,INR,BR002,ACTIVE,2022-09-04,2026-09-10 11:36:56.662789,2026-09-10 11:36:56.662789
22899,4401,Savings,5893.69,INR,BR001,ACTIVE,2020-11-14,2026-09-10 11:36:56.662789,2026-09-10 11:36:56.662789
22900,4867,Savings,357253.23,INR,BR002,ACTIVE,2022-04-14,2026-09-10 11:36:56.662789,2026-09-10 11:36:56.662789
22901,4464,Savings,118226.28,INR,BR001,ACTIVE,2023-12-03,2026-09-10 11:36:56.662789,2026-09-10 11:36:56.662789
22902,4782,Savings,190610.64,INR,BR002,ACTIVE,2021-08-22,2026-09-10 11:36:56.662789,2026-09-10 11:36:56.662789
22903,4506,Savings,190838.32,INR,BR001,ACTIVE,2025-01-13,2026-09-10 11:36:56.662789,2026-09-10 11:36:56.662789
22904,3392,Savings,423364.79,INR,BR003,ACTIVE,2021-09-03,2026-09-10 11:36:56.662789,2026-09-10 11:36:56.662789
22905,2219,Savings,51944.29,INR,BR004,ACTIVE,2024-08-30,2026-09-10 11:36:56.662789,2026-09-10 11:36:56.662789
22906,2946,Savings,333781.58,INR,BR002,ACTIVE,2024-02-13,2026-09-10 11:36:56.662789,2026-09-10 11:36:56.662789
22907,2060,Savings,490647.16,INR,BR002,ACTIVE,2022-11-25,2026-09-10 11:36:56.662789,2026-09-10 11:36:56.662789
22908,1917,Savings,12169.83,INR,BR004,ACTIVE,2020-06-12,2026-09-10 11:36:56.662789,2026-09-10 11:36:56.662789
22909,3253,Savings,482981.21,INR,BR001,ACTIVE,2020-12-05,2026-09-10 11:36:56.662789,2026-09-10 11:36:56.662789
22910,4892,Current,10183.96,INR,BR003,ACTIVE,2022-09-07,2026-09-10 11:36:56.662789,2026-09-10 11:36:56.662789
22911,2675,Current,420733.58,INR,BR003,ACTIVE,2024-09-21,2026-09-10 11:36:56.662789,2026-09-10 11:36:56.662789
22912,1776,Current,480660.97,INR,BR003,ACTIVE,2021-09-30,2026-09-10 11:36:56.662789,2026-09-10 11:36:56.662789
22913,2081,Savings,496520.66,INR,BR001,ACTIVE,2024-11-22,2026-09-10 11:36:56.662789,2026-09-10 11:36:56.662789
22914,2134,Current,230101.55,INR,BR002,ACTIVE,2023-04-11,2026-09-10 11:36:56.662789,2026-09-10 11:36:56.662789
22915,1686,Savings,433611.80,INR,BR001,ACTIVE,2020-08-12,2026-09-10 11:36:56.662789,2026-09-10 11:36:56.662789
22916,4568,Savings,62047.43,INR,BR003,ACTIVE,2020-04-13,2026-09-10 11:36:56.662789,2026-09-10 11:36:56.662789
22917,3766,Current,213266.78,INR,BR004,ACTIVE,2020-09-24,2026-09-10 11:36:56.662789,2026-09-10 11:36:56.662789
22918,1225,Current,154679.51,INR,BR003,ACTIVE,2024-03-25,2026-09-10 11:36:56.662789,2026-09-10 11:36:56.662789
22919,4458,Savings,198193.35,INR,BR002,ACTIVE,2021-10-04,2026-09-10 11:36:56.662789,2026-09-10 11:36:56.662789
22920,1064,Current,351288.45,INR,BR001,ACTIVE,2023-08-01,2026-09-10 11:36:56.662789,2026-09-10 11:36:56.662789
22921,2788,Savings,44652.62,INR,BR001,ACTIVE,2024-03-24,2026-09-10 11:36:56.662789,2026-09-10 11:36:56.662789
22922,3996,Savings,499083.82,INR,BR003,ACTIVE,2020-05-16,2026-09-10 11:36:56.662789,2026-09-10 11:36:56.662789
22923,1961,Savings,317898.51,INR,BR002,ACTIVE,2020-10-08,2026-09-10 11:36:56.662789,2026-09-10 11:36:56.662789
22924,4851,Current,436885.28,INR,BR002,ACTIVE,2024-07-30,2026-09-10 11:36:56.662789,2026-09-10 11:36:56.662789
22925,4974,Savings,415018.09,INR,BR004,ACTIVE,2023-08-30,2026-09-10 11:36:56.662789,2026-09-10 11:36:56.662789
22926,2376,Current,383232.77,INR,BR003,ACTIVE,2022-05-27,2026-09-10 11:36:56.662789,2026-09-10 11:36:56.662789
22927,4535,Savings,20572.54,INR,BR004,ACTIVE,2022-04-17,2026-09-10 11:36:56.662789,2026-09-10 11:36:56.662789
22928,4916,Savings,258717.07,INR,BR001,ACTIVE,2024-01-24,2026-09-10 11:36:56.662789,2026-09-10 11:36:56.662789
22929,3368,Savings,164746.04,INR,BR001,ACTIVE,2020-02-13,2026-09-10 11:36:56.662789,2026-09-10 11:36:56.662789
22930,1357,Savings,57356.62,INR,BR002,ACTIVE,2021-11-04,2026-09-10 11:36:56.662789,2026-09-10 11:36:56.662789
22931,1093,Savings,172152.11,INR,BR004,ACTIVE,2022-01-18,2026-09-10 11:36:56.662789,2026-09-10 11:36:56.662789
22932,3743,Savings,322756.72,INR,BR002,ACTIVE,2023-09-16,2026-09-10 11:36:56.662789,2026-09-10 11:36:56.662789
22933,2324,Savings,116082.59,INR,BR003,ACTIVE,2021-02-14,2026-09-10 11:36:56.662789,2026-09-10 11:36:56.662789
22934,4798,Savings,222853.12,INR,BR002,ACTIVE,2022-01-06,2026-09-10 11:36:56.662789,2026-09-10 11:36:56.662789
22935,2518,Savings,202842.63,INR,BR001,ACTIVE,2024-11-25,2026-09-10 11:36:56.662789,2026-09-10 11:36:56.662789
22936,2678,Savings,27179.02,INR,BR001,ACTIVE,2021-02-28,2026-09-10 11:36:56.662789,2026-09-10 11:36:56.662789
22937,4667,Savings,314413.18,INR,BR002,ACTIVE,2020-04-21,2026-09-10 11:36:56.662789,2026-09-10 11:36:56.662789
22938,2413,Savings,309804.60,INR,BR003,ACTIVE,2023-02-17,2026-09-10 11:36:56.662789,2026-09-10 11:36:56.662789
22939,2635,Current,483240.84,INR,BR004,ACTIVE,2022-02-24,2026-09-10 11:36:56.662789,2026-09-10 11:36:56.662789
22940,4865,Current,149704.60,INR,BR001,ACTIVE,2021-10-17,2026-09-10 11:36:56.662789,2026-09-10 11:36:56.662789
22941,3482,Savings,210056.56,INR,BR001,ACTIVE,2022-11-24,2026-09-10 11:36:56.662789,2026-09-10 11:36:56.662789
22942,2126,Savings,202415.17,INR,BR003,ACTIVE,2024-09-04,2026-09-10 11:36:56.662789,2026-09-10 11:36:56.662789
22943,1841,Savings,459952.21,INR,BR002,ACTIVE,2023-03-07,2026-09-10 11:36:56.662789,2026-09-10 11:36:56.662789
22944,2402,Savings,204916.01,INR,BR001,ACTIVE,2020-12-26,2026-09-10 11:36:56.662789,2026-09-10 11:36:56.662789
22945,2607,Savings,221939.31,INR,BR001,ACTIVE,2020-06-20,2026-09-10 11:36:56.662789,2026-09-10 11:36:56.662789
22946,4957,Savings,126919.92,INR,BR003,ACTIVE,2020-11-07,2026-09-10 11:36:56.662789,2026-09-10 11:36:56.662789
22947,4410,Savings,1582.91,INR,BR002,ACTIVE,2022-02-07,2026-09-10 11:36:56.662789,2026-09-10 11:36:56.662789
22948,4072,Savings,56114.89,INR,BR003,ACTIVE,2022-04-08,2026-09-10 11:36:56.662789,2026-09-10 11:36:56.662789
22949,1898,Savings,352240.69,INR,BR003,ACTIVE,2023-07-07,2026-09-10 11:36:56.662789,2026-09-10 11:36:56.662789
22950,3932,Current,341565.30,INR,BR002,ACTIVE,2021-07-15,2026-09-10 11:36:56.662789,2026-09-10 11:36:56.662789
22951,3826,Savings,161942.76,INR,BR001,ACTIVE,2025-01-28,2026-09-10 11:36:56.662789,2026-09-10 11:36:56.662789
22952,1492,Savings,237030.11,INR,BR004,ACTIVE,2021-09-06,2026-09-10 11:36:56.662789,2026-09-10 11:36:56.662789
22953,4714,Savings,149391.82,INR,BR004,ACTIVE,2023-07-14,2026-09-10 11:36:56.662789,2026-09-10 11:36:56.662789
22954,4132,Savings,365727.28,INR,BR004,ACTIVE,2020-06-07,2026-09-10 11:36:56.662789,2026-09-10 11:36:56.662789
22955,3861,Savings,421407.18,INR,BR003,ACTIVE,2021-09-08,2026-09-10 11:36:56.662789,2026-09-10 11:36:56.662789
22956,2533,Savings,449653.54,INR,BR001,ACTIVE,2021-10-03,2026-09-10 11:36:56.662789,2026-09-10 11:36:56.662789
22957,3440,Savings,87761.79,INR,BR001,ACTIVE,2020-09-27,2026-09-10 11:36:56.662789,2026-09-10 11:36:56.662789
22958,2978,Savings,347813.35,INR,BR001,ACTIVE,2022-11-29,2026-09-10 11:36:56.662789,2026-09-10 11:36:56.662789
22959,4191,Savings,481539.33,INR,BR001,ACTIVE,2024-01-28,2026-09-10 11:36:56.662789,2026-09-10 11:36:56.662789
22960,2799,Savings,325655.24,INR,BR003,ACTIVE,2021-09-08,2026-09-10 11:36:56.662789,2026-09-10 11:36:56.662789
22961,2495,Savings,176136.10,INR,BR004,ACTIVE,2022-08-11,2026-09-10 11:36:56.662789,2026-09-10 11:36:56.662789
22962,2352,Savings,318337.24,INR,BR004,ACTIVE,2024-02-14,2026-09-10 11:36:56.662789,2026-09-10 11:36:56.662789
22963,3069,Savings,344524.60,INR,BR002,ACTIVE,2024-12-06,2026-09-10 11:36:56.662789,2026-09-10 11:36:56.662789
22964,2121,Savings,199126.60,INR,BR001,ACTIVE,2020-05-31,2026-09-10 11:36:56.662789,2026-09-10 11:36:56.662789
22965,2839,Savings,52891.48,INR,BR004,ACTIVE,2024-12-31,2026-09-10 11:36:56.662789,2026-09-10 11:36:56.662789
22966,3561,Savings,303723.27,INR,BR004,ACTIVE,2020-12-17,2026-09-10 11:36:56.662789,2026-09-10 11:36:56.662789
22967,3956,Current,401268.26,INR,BR001,ACTIVE,2020-10-22,2026-09-10 11:36:56.662789,2026-09-10 11:36:56.662789
22968,3763,Savings,498790.67,INR,BR001,ACTIVE,2023-04-24,2026-09-10 11:36:56.662789,2026-09-10 11:36:56.662789
22969,3992,Current,112306.10,INR,BR004,ACTIVE,2024-10-31,2026-09-10 11:36:56.662789,2026-09-10 11:36:56.662789
22970,2664,Savings,350494.10,INR,BR002,ACTIVE,2024-03-17,2026-09-10 11:36:56.662789,2026-09-10 11:36:56.662789
22971,3398,Savings,14993.56,INR,BR001,ACTIVE,2021-12-21,2026-09-10 11:36:56.662789,2026-09-10 11:36:56.662789
22972,4204,Current,484942.81,INR,BR004,ACTIVE,2020-11-07,2026-09-10 11:36:56.662789,2026-09-10 11:36:56.662789
22973,1546,Savings,7269.67,INR,BR002,ACTIVE,2024-11-17,2026-09-10 11:36:56.662789,2026-09-10 11:36:56.662789
22974,1599,Savings,180038.69,INR,BR003,ACTIVE,2022-05-13,2026-09-10 11:36:56.662789,2026-09-10 11:36:56.662789
22975,3080,Savings,39124.98,INR,BR002,ACTIVE,2022-06-06,2026-09-10 11:36:56.662789,2026-09-10 11:36:56.662789
22976,3045,Current,310863.01,INR,BR001,ACTIVE,2023-07-06,2026-09-10 11:36:56.662789,2026-09-10 11:36:56.662789
22977,1259,Savings,170410.40,INR,BR003,ACTIVE,2023-03-01,2026-09-10 11:36:56.662789,2026-09-10 11:36:56.662789
22978,1476,Savings,366739.02,INR,BR002,ACTIVE,2023-12-04,2026-09-10 11:36:56.662789,2026-09-10 11:36:56.662789
22979,4908,Savings,243702.66,INR,BR004,ACTIVE,2021-06-20,2026-09-10 11:36:56.662789,2026-09-10 11:36:56.662789
22980,3873,Current,210282.30,INR,BR001,ACTIVE,2020-02-22,2026-09-10 11:36:56.662789,2026-09-10 11:36:56.662789
22981,2906,Savings,174909.66,INR,BR003,ACTIVE,2024-04-05,2026-09-10 11:36:56.662789,2026-09-10 11:36:56.662789
22982,4020,Current,43978.45,INR,BR004,ACTIVE,2021-11-20,2026-09-10 11:36:56.662789,2026-09-10 11:36:56.662789
22983,1920,Current,103207.60,INR,BR003,ACTIVE,2024-07-08,2026-09-10 11:36:56.662789,2026-09-10 11:36:56.662789
22984,3081,Savings,319912.15,INR,BR002,ACTIVE,2022-04-18,2026-09-10 11:36:56.662789,2026-09-10 11:36:56.662789
22985,3947,Savings,248879.08,INR,BR004,ACTIVE,2024-10-26,2026-09-10 11:36:56.662789,2026-09-10 11:36:56.662789
22986,1388,Savings,35974.64,INR,BR001,ACTIVE,2023-05-06,2026-09-10 11:36:56.662789,2026-09-10 11:36:56.662789
22987,4870,Savings,272431.91,INR,BR004,ACTIVE,2023-02-18,2026-09-10 11:36:56.662789,2026-09-10 11:36:56.662789
22988,2862,Savings,28017.19,INR,BR002,ACTIVE,2022-06-02,2026-09-10 11:36:56.662789,2026-09-10 11:36:56.662789
22989,4633,Savings,256351.75,INR,BR003,ACTIVE,2023-04-17,2026-09-10 11:36:56.662789,2026-09-10 11:36:56.662789
22990,1798,Savings,482515.76,INR,BR004,ACTIVE,2024-03-15,2026-09-10 11:36:56.662789,2026-09-10 11:36:56.662789
22991,3504,Current,154364.93,INR,BR003,ACTIVE,2024-12-13,2026-09-10 11:36:56.662789,2026-09-10 11:36:56.662789
22992,2618,Savings,362028.07,INR,BR001,ACTIVE,2020-09-19,2026-09-10 11:36:56.662789,2026-09-10 11:36:56.662789
22993,4216,Savings,373030.47,INR,BR004,ACTIVE,2022-02-05,2026-09-10 11:36:56.662789,2026-09-10 11:36:56.662789
22994,2926,Savings,203024.91,INR,BR003,ACTIVE,2022-04-24,2026-09-10 11:36:56.662789,2026-09-10 11:36:56.662789
22995,2816,Savings,297052.78,INR,BR001,ACTIVE,2022-07-18,2026-09-10 11:36:56.662789,2026-09-10 11:36:56.662789
22996,4955,Savings,236551.00,INR,BR002,ACTIVE,2020-02-28,2026-09-10 11:36:56.662789,2026-09-10 11:36:56.662789
22997,2628,Savings,142398.15,INR,BR004,ACTIVE,2024-12-23,2026-09-10 11:36:56.662789,2026-09-10 11:36:56.662789
22998,3272,Savings,377616.31,INR,BR004,ACTIVE,2022-12-25,2026-09-10 11:36:56.662789,2026-09-10 11:36:56.662789
22999,1217,Savings,351710.48,INR,BR004,ACTIVE,2021-10-29,2026-09-10 11:36:56.662789,2026-09-10 11:36:56.662789
23000,3204,Savings,450373.88,INR,BR003,ACTIVE,2023-05-10,2026-09-10 11:36:56.662789,2026-09-10 11:36:56.662789
23001,1789,Savings,309444.96,INR,BR003,ACTIVE,2022-06-27,2026-09-10 11:36:56.662789,2026-09-10 11:36:56.662789
23002,2544,Savings,194971.35,INR,BR001,ACTIVE,2024-01-14,2026-09-10 11:36:56.662789,2026-09-10 11:36:56.662789
23003,3084,Current,357289.77,INR,BR004,ACTIVE,2020-08-18,2026-09-10 11:36:56.662789,2026-09-10 11:36:56.662789
23004,3684,Savings,309899.08,INR,BR001,ACTIVE,2023-12-02,2026-09-10 11:36:56.662789,2026-09-10 11:36:56.662789
23005,3057,Savings,308690.48,INR,BR004,ACTIVE,2022-06-01,2026-09-10 11:36:56.662789,2026-09-10 11:36:56.662789
23006,2064,Savings,425069.04,INR,BR002,ACTIVE,2024-05-30,2026-09-10 11:36:56.662789,2026-09-10 11:36:56.662789
23007,4541,Savings,455323.80,INR,BR004,ACTIVE,2022-12-06,2026-09-10 11:36:56.662789,2026-09-10 11:36:56.662789
23008,3227,Savings,90940.59,INR,BR001,ACTIVE,2022-10-07,2026-09-10 11:36:56.662789,2026-09-10 11:36:56.662789
23009,2665,Savings,157711.06,INR,BR003,ACTIVE,2020-05-03,2026-09-10 11:36:56.662789,2026-09-10 11:36:56.662789
23010,4007,Current,325502.54,INR,BR002,ACTIVE,2024-10-26,2026-09-10 11:36:56.662789,2026-09-10 11:36:56.662789
23011,3549,Savings,279053.40,INR,BR002,ACTIVE,2020-07-21,2026-09-10 11:36:56.662789,2026-09-10 11:36:56.662789
23012,1373,Savings,326510.76,INR,BR004,ACTIVE,2023-06-02,2026-09-10 11:36:56.662789,2026-09-10 11:36:56.662789
23013,4140,Savings,217074.29,INR,BR002,ACTIVE,2022-10-15,2026-09-10 11:36:56.662789,2026-09-10 11:36:56.662789
23014,1970,Savings,206807.07,INR,BR001,ACTIVE,2022-06-09,2026-09-10 11:36:56.662789,2026-09-10 11:36:56.662789
23015,2690,Current,59709.30,INR,BR001,ACTIVE,2022-09-12,2026-09-10 11:36:56.662789,2026-09-10 11:36:56.662789
23016,2448,Savings,312200.47,INR,BR004,ACTIVE,2023-02-18,2026-09-10 11:36:56.662789,2026-09-10 11:36:56.662789
23017,1515,Current,88717.04,INR,BR003,ACTIVE,2024-01-15,2026-09-10 11:36:56.662789,2026-09-10 11:36:56.662789
23018,1364,Savings,335839.78,INR,BR002,ACTIVE,2024-08-26,2026-09-10 11:36:56.662789,2026-09-10 11:36:56.662789
23019,2914,Current,483569.05,INR,BR002,ACTIVE,2022-10-27,2026-09-10 11:36:56.662789,2026-09-10 11:36:56.662789
23020,3825,Savings,128950.00,INR,BR004,ACTIVE,2020-05-26,2026-09-10 11:36:56.662789,2026-09-10 11:36:56.662789
23021,2952,Savings,71934.00,INR,BR002,ACTIVE,2024-12-15,2026-09-10 11:36:56.662789,2026-09-10 11:36:56.662789
23022,2475,Current,13063.45,INR,BR003,ACTIVE,2022-03-03,2026-09-10 11:36:56.662789,2026-09-10 11:36:56.662789
23023,2540,Savings,190034.77,INR,BR004,ACTIVE,2023-10-24,2026-09-10 11:36:56.662789,2026-09-10 11:36:56.662789
23024,1774,Savings,108090.92,INR,BR001,ACTIVE,2021-03-14,2026-09-10 11:36:56.662789,2026-09-10 11:36:56.662789
23025,1329,Savings,246437.85,INR,BR002,ACTIVE,2023-11-01,2026-09-10 11:36:56.662789,2026-09-10 11:36:56.662789
23026,1794,Savings,262628.71,INR,BR004,ACTIVE,2020-08-26,2026-09-10 11:36:56.662789,2026-09-10 11:36:56.662789
23027,4970,Savings,175314.54,INR,BR001,ACTIVE,2022-10-11,2026-09-10 11:36:56.662789,2026-09-10 11:36:56.662789
23028,1962,Current,375203.20,INR,BR001,ACTIVE,2023-05-24,2026-09-10 11:36:56.662789,2026-09-10 11:36:56.662789
23029,3418,Savings,452498.53,INR,BR001,ACTIVE,2021-12-14,2026-09-10 11:36:56.662789,2026-09-10 11:36:56.662789
23030,1597,Current,106550.03,INR,BR004,ACTIVE,2021-01-10,2026-09-10 11:36:56.662789,2026-09-10 11:36:56.662789
23031,2878,Current,418312.59,INR,BR004,ACTIVE,2022-12-31,2026-09-10 11:36:56.662789,2026-09-10 11:36:56.662789
23032,2411,Savings,66462.76,INR,BR001,ACTIVE,2024-11-16,2026-09-10 11:36:56.662789,2026-09-10 11:36:56.662789
23033,4619,Current,115122.39,INR,BR001,ACTIVE,2021-02-09,2026-09-10 11:36:56.662789,2026-09-10 11:36:56.662789
23034,2138,Savings,281146.43,INR,BR004,ACTIVE,2020-03-17,2026-09-10 11:36:56.662789,2026-09-10 11:36:56.662789
23035,1571,Savings,153984.16,INR,BR004,ACTIVE,2022-11-05,2026-09-10 11:36:56.662789,2026-09-10 11:36:56.662789
23036,2062,Savings,21813.68,INR,BR003,ACTIVE,2024-10-07,2026-09-10 11:36:56.662789,2026-09-10 11:36:56.662789
23037,2569,Savings,148141.20,INR,BR001,ACTIVE,2024-04-19,2026-09-10 11:36:56.662789,2026-09-10 11:36:56.662789
23038,1377,Savings,452530.22,INR,BR002,ACTIVE,2020-06-25,2026-09-10 11:36:56.662789,2026-09-10 11:36:56.662789
23039,4471,Savings,87937.36,INR,BR002,ACTIVE,2021-01-07,2026-09-10 11:36:56.662789,2026-09-10 11:36:56.662789
23040,4275,Savings,382111.69,INR,BR004,ACTIVE,2020-01-14,2026-09-10 11:36:56.662789,2026-09-10 11:36:56.662789
23041,4274,Savings,361418.72,INR,BR002,ACTIVE,2020-04-23,2026-09-10 11:36:56.662789,2026-09-10 11:36:56.662789
23042,3148,Current,54006.18,INR,BR004,ACTIVE,2020-01-26,2026-09-10 11:36:56.662789,2026-09-10 11:36:56.662789
23043,4470,Savings,165392.04,INR,BR003,ACTIVE,2021-06-11,2026-09-10 11:36:56.662789,2026-09-10 11:36:56.662789
23044,4522,Savings,95488.79,INR,BR004,ACTIVE,2022-06-30,2026-09-10 11:36:56.662789,2026-09-10 11:36:56.662789
23045,2837,Savings,12551.94,INR,BR001,ACTIVE,2021-05-09,2026-09-10 11:36:56.662789,2026-09-10 11:36:56.662789
23046,3864,Savings,87347.30,INR,BR004,ACTIVE,2020-04-03,2026-09-10 11:36:56.662789,2026-09-10 11:36:56.662789
23047,2964,Savings,101587.39,INR,BR002,ACTIVE,2022-12-28,2026-09-10 11:36:56.662789,2026-09-10 11:36:56.662789
23048,3166,Savings,83824.14,INR,BR002,ACTIVE,2021-12-29,2026-09-10 11:36:56.662789,2026-09-10 11:36:56.662789
23049,3469,Current,46457.51,INR,BR002,ACTIVE,2024-10-14,2026-09-10 11:36:56.662789,2026-09-10 11:36:56.662789
23050,2267,Savings,263626.26,INR,BR001,ACTIVE,2023-03-08,2026-09-10 11:36:56.662789,2026-09-10 11:36:56.662789
23051,1541,Savings,161996.88,INR,BR004,ACTIVE,2021-10-19,2026-09-10 11:36:56.662789,2026-09-10 11:36:56.662789
23052,2251,Savings,454216.43,INR,BR004,ACTIVE,2020-04-14,2026-09-10 11:36:56.662789,2026-09-10 11:36:56.662789
23053,4573,Current,94419.52,INR,BR002,ACTIVE,2024-02-16,2026-09-10 11:36:56.662789,2026-09-10 11:36:56.662789
23054,2876,Savings,301828.45,INR,BR001,ACTIVE,2023-06-30,2026-09-10 11:36:56.662789,2026-09-10 11:36:56.662789
23055,2237,Savings,450409.57,INR,BR002,ACTIVE,2023-04-15,2026-09-10 11:36:56.662789,2026-09-10 11:36:56.662789
23056,3978,Savings,24547.64,INR,BR002,ACTIVE,2021-10-03,2026-09-10 11:36:56.662789,2026-09-10 11:36:56.662789
23057,3747,Savings,258622.46,INR,BR001,ACTIVE,2022-10-25,2026-09-10 11:36:56.662789,2026-09-10 11:36:56.662789
23058,1113,Savings,225883.74,INR,BR002,ACTIVE,2021-04-13,2026-09-10 11:36:56.662789,2026-09-10 11:36:56.662789
23059,1373,Savings,464460.53,INR,BR003,ACTIVE,2020-06-22,2026-09-10 11:36:56.662789,2026-09-10 11:36:56.662789
23060,3347,Savings,332218.62,INR,BR001,ACTIVE,2020-11-13,2026-09-10 11:36:56.662789,2026-09-10 11:36:56.662789
23061,2697,Savings,175231.54,INR,BR002,ACTIVE,2020-12-11,2026-09-10 11:36:56.662789,2026-09-10 11:36:56.662789
23062,2043,Savings,356049.09,INR,BR004,ACTIVE,2021-08-27,2026-09-10 11:36:56.662789,2026-09-10 11:36:56.662789
23063,1776,Current,291744.36,INR,BR003,ACTIVE,2020-10-09,2026-09-10 11:36:56.662789,2026-09-10 11:36:56.662789
23064,1671,Savings,174237.78,INR,BR004,ACTIVE,2021-11-10,2026-09-10 11:36:56.662789,2026-09-10 11:36:56.662789
23065,1011,Savings,392839.09,INR,BR004,ACTIVE,2022-06-17,2026-09-10 11:36:56.662789,2026-09-10 11:36:56.662789
23066,1008,Current,334416.71,INR,BR003,ACTIVE,2020-07-05,2026-09-10 11:36:56.662789,2026-09-10 11:36:56.662789
23067,4225,Current,3702.73,INR,BR001,ACTIVE,2020-07-13,2026-09-10 11:36:56.662789,2026-09-10 11:36:56.662789
23068,4697,Current,432702.17,INR,BR002,ACTIVE,2022-06-20,2026-09-10 11:36:56.662789,2026-09-10 11:36:56.662789
23069,4732,Savings,199148.85,INR,BR004,ACTIVE,2023-11-25,2026-09-10 11:36:56.662789,2026-09-10 11:36:56.662789
23070,2574,Savings,323078.35,INR,BR004,ACTIVE,2024-12-19,2026-09-10 11:36:56.662789,2026-09-10 11:36:56.662789
23071,4207,Current,198987.39,INR,BR004,ACTIVE,2020-02-22,2026-09-10 11:36:56.662789,2026-09-10 11:36:56.662789
23072,2397,Savings,440799.66,INR,BR001,ACTIVE,2021-06-12,2026-09-10 11:36:56.662789,2026-09-10 11:36:56.662789
23073,1461,Savings,325766.89,INR,BR004,ACTIVE,2024-04-08,2026-09-10 11:36:56.662789,2026-09-10 11:36:56.662789
23074,4307,Savings,290113.72,INR,BR004,ACTIVE,2020-12-20,2026-09-10 11:36:56.662789,2026-09-10 11:36:56.662789
23075,3303,Savings,490152.11,INR,BR004,ACTIVE,2021-04-06,2026-09-10 11:36:56.662789,2026-09-10 11:36:56.662789
23076,3634,Savings,141039.62,INR,BR003,ACTIVE,2025-01-12,2026-09-10 11:36:56.662789,2026-09-10 11:36:56.662789
23077,2352,Savings,33561.89,INR,BR003,ACTIVE,2021-03-30,2026-09-10 11:36:56.662789,2026-09-10 11:36:56.662789
23078,1362,Savings,258489.21,INR,BR004,ACTIVE,2021-02-17,2026-09-10 11:36:56.662789,2026-09-10 11:36:56.662789
23079,2398,Savings,212584.90,INR,BR001,ACTIVE,2024-05-14,2026-09-10 11:36:56.662789,2026-09-10 11:36:56.662789
23080,4051,Savings,227690.73,INR,BR001,ACTIVE,2024-06-24,2026-09-10 11:36:56.662789,2026-09-10 11:36:56.662789
23081,1788,Savings,310432.31,INR,BR002,ACTIVE,2021-02-16,2026-09-10 11:36:56.662789,2026-09-10 11:36:56.662789
23082,1209,Current,307945.70,INR,BR003,ACTIVE,2024-10-26,2026-09-10 11:36:56.662789,2026-09-10 11:36:56.662789
23083,1267,Current,196739.88,INR,BR001,ACTIVE,2020-09-02,2026-09-10 11:36:56.662789,2026-09-10 11:36:56.662789
23084,1656,Savings,431575.63,INR,BR004,ACTIVE,2020-12-27,2026-09-10 11:36:56.662789,2026-09-10 11:36:56.662789
23085,1997,Current,326077.80,INR,BR003,ACTIVE,2023-05-08,2026-09-10 11:36:56.662789,2026-09-10 11:36:56.662789
23086,1554,Savings,445065.93,INR,BR001,ACTIVE,2021-09-12,2026-09-10 11:36:56.662789,2026-09-10 11:36:56.662789
23087,3784,Savings,456663.80,INR,BR002,ACTIVE,2020-05-18,2026-09-10 11:36:56.662789,2026-09-10 11:36:56.662789
23088,4930,Savings,84488.73,INR,BR004,ACTIVE,2020-09-13,2026-09-10 11:36:56.662789,2026-09-10 11:36:56.662789
23089,2530,Current,340600.38,INR,BR003,ACTIVE,2023-01-09,2026-09-10 11:36:56.662789,2026-09-10 11:36:56.662789
23090,2588,Savings,159438.42,INR,BR002,ACTIVE,2021-05-18,2026-09-10 11:36:56.662789,2026-09-10 11:36:56.662789
23091,1421,Savings,418378.10,INR,BR002,ACTIVE,2022-08-05,2026-09-10 11:36:56.662789,2026-09-10 11:36:56.662789
23092,3356,Savings,366692.94,INR,BR003,ACTIVE,2022-10-23,2026-09-10 11:36:56.662789,2026-09-10 11:36:56.662789
23093,3185,Savings,100175.10,INR,BR001,ACTIVE,2024-03-19,2026-09-10 11:36:56.662789,2026-09-10 11:36:56.662789
23094,2443,Savings,469426.65,INR,BR004,ACTIVE,2024-01-04,2026-09-10 11:36:56.662789,2026-09-10 11:36:56.662789
23095,3243,Savings,342056.02,INR,BR002,ACTIVE,2022-07-28,2026-09-10 11:36:56.662789,2026-09-10 11:36:56.662789
23096,2119,Current,474367.92,INR,BR002,ACTIVE,2020-10-19,2026-09-10 11:36:56.662789,2026-09-10 11:36:56.662789
23097,2514,Savings,101753.67,INR,BR003,ACTIVE,2021-08-27,2026-09-10 11:36:56.662789,2026-09-10 11:36:56.662789
23098,2927,Savings,434982.84,INR,BR003,ACTIVE,2023-08-12,2026-09-10 11:36:56.662789,2026-09-10 11:36:56.662789
23099,4330,Savings,334368.34,INR,BR003,ACTIVE,2024-12-06,2026-09-10 11:36:56.662789,2026-09-10 11:36:56.662789
23100,2049,Savings,276591.01,INR,BR002,ACTIVE,2021-04-04,2026-09-10 11:36:56.662789,2026-09-10 11:36:56.662789
23101,2256,Current,410435.94,INR,BR001,ACTIVE,2024-01-06,2026-09-10 11:36:56.662789,2026-09-10 11:36:56.662789
23102,4404,Current,316799.08,INR,BR001,ACTIVE,2022-03-08,2026-09-10 11:36:56.662789,2026-09-10 11:36:56.662789
23103,3654,Current,335130.48,INR,BR004,ACTIVE,2022-06-12,2026-09-10 11:36:56.662789,2026-09-10 11:36:56.662789
23104,4062,Savings,127581.62,INR,BR003,ACTIVE,2022-07-21,2026-09-10 11:36:56.662789,2026-09-10 11:36:56.662789
23105,3910,Savings,408709.79,INR,BR004,ACTIVE,2021-03-02,2026-09-10 11:36:56.662789,2026-09-10 11:36:56.662789
23106,1221,Savings,325501.05,INR,BR002,ACTIVE,2024-10-25,2026-09-10 11:36:56.662789,2026-09-10 11:36:56.662789
23107,3345,Savings,422350.20,INR,BR002,ACTIVE,2021-06-04,2026-09-10 11:36:56.662789,2026-09-10 11:36:56.662789
23108,2227,Current,176411.96,INR,BR002,ACTIVE,2024-02-17,2026-09-10 11:36:56.662789,2026-09-10 11:36:56.662789
23109,4059,Savings,166523.35,INR,BR004,ACTIVE,2024-01-21,2026-09-10 11:36:56.662789,2026-09-10 11:36:56.662789
23110,2972,Savings,12927.58,INR,BR003,ACTIVE,2022-10-07,2026-09-10 11:36:56.662789,2026-09-10 11:36:56.662789
23111,1343,Current,384534.06,INR,BR004,ACTIVE,2024-05-25,2026-09-10 11:36:56.662789,2026-09-10 11:36:56.662789
23112,1593,Savings,165826.88,INR,BR004,ACTIVE,2020-08-23,2026-09-10 11:36:56.662789,2026-09-10 11:36:56.662789
23113,2229,Savings,164278.94,INR,BR002,ACTIVE,2020-08-22,2026-09-10 11:36:56.662789,2026-09-10 11:36:56.662789
23114,2985,Current,344653.57,INR,BR002,ACTIVE,2020-10-07,2026-09-10 11:36:56.662789,2026-09-10 11:36:56.662789
23115,1892,Savings,127181.62,INR,BR001,ACTIVE,2024-02-22,2026-09-10 11:36:56.662789,2026-09-10 11:36:56.662789
23116,3125,Savings,454601.22,INR,BR003,ACTIVE,2021-11-29,2026-09-10 11:36:56.662789,2026-09-10 11:36:56.662789
23117,2574,Savings,269494.93,INR,BR003,ACTIVE,2024-09-30,2026-09-10 11:36:56.662789,2026-09-10 11:36:56.662789
23118,1707,Savings,484769.14,INR,BR003,ACTIVE,2022-06-14,2026-09-10 11:36:56.662789,2026-09-10 11:36:56.662789
23119,3000,Savings,39257.75,INR,BR004,ACTIVE,2022-04-05,2026-09-10 11:36:56.662789,2026-09-10 11:36:56.662789
23120,2066,Savings,169075.86,INR,BR002,ACTIVE,2022-07-18,2026-09-10 11:36:56.662789,2026-09-10 11:36:56.662789
23121,4527,Savings,191353.70,INR,BR002,ACTIVE,2023-12-08,2026-09-10 11:36:56.662789,2026-09-10 11:36:56.662789
23122,2206,Savings,365479.94,INR,BR001,ACTIVE,2023-08-25,2026-09-10 11:36:56.662789,2026-09-10 11:36:56.662789
23123,1757,Savings,107268.17,INR,BR004,ACTIVE,2024-04-17,2026-09-10 11:36:56.662789,2026-09-10 11:36:56.662789
23124,2219,Savings,188297.58,INR,BR003,ACTIVE,2024-07-14,2026-09-10 11:36:56.662789,2026-09-10 11:36:56.662789
23125,3638,Savings,455410.63,INR,BR004,ACTIVE,2022-04-24,2026-09-10 11:36:56.662789,2026-09-10 11:36:56.662789
23126,2856,Savings,58160.89,INR,BR002,ACTIVE,2025-01-26,2026-09-10 11:36:56.662789,2026-09-10 11:36:56.662789
23127,3000,Savings,372916.68,INR,BR001,ACTIVE,2020-04-01,2026-09-10 11:36:56.662789,2026-09-10 11:36:56.662789
23128,3436,Savings,351540.07,INR,BR004,ACTIVE,2022-04-10,2026-09-10 11:36:56.662789,2026-09-10 11:36:56.662789
23129,3975,Savings,66122.03,INR,BR002,ACTIVE,2024-09-07,2026-09-10 11:36:56.662789,2026-09-10 11:36:56.662789
23130,3685,Savings,344556.85,INR,BR004,ACTIVE,2024-12-31,2026-09-10 11:36:56.662789,2026-09-10 11:36:56.662789
23131,3189,Current,285322.11,INR,BR002,ACTIVE,2020-10-12,2026-09-10 11:36:56.662789,2026-09-10 11:36:56.662789
23132,4099,Current,144473.65,INR,BR004,ACTIVE,2022-03-19,2026-09-10 11:36:56.662789,2026-09-10 11:36:56.662789
23133,4387,Savings,156259.46,INR,BR003,ACTIVE,2021-07-04,2026-09-10 11:36:56.662789,2026-09-10 11:36:56.662789
23134,2345,Savings,416663.15,INR,BR004,ACTIVE,2023-08-20,2026-09-10 11:36:56.662789,2026-09-10 11:36:56.662789
23135,1448,Savings,116276.48,INR,BR004,ACTIVE,2021-08-07,2026-09-10 11:36:56.662789,2026-09-10 11:36:56.662789
23136,2817,Savings,256877.48,INR,BR003,ACTIVE,2023-07-20,2026-09-10 11:36:56.662789,2026-09-10 11:36:56.662789
23137,3341,Savings,340893.72,INR,BR004,ACTIVE,2020-01-23,2026-09-10 11:36:56.662789,2026-09-10 11:36:56.662789
23138,2778,Savings,65820.95,INR,BR002,ACTIVE,2024-06-23,2026-09-10 11:36:56.662789,2026-09-10 11:36:56.662789
23139,4308,Savings,466244.58,INR,BR002,ACTIVE,2023-09-30,2026-09-10 11:36:56.662789,2026-09-10 11:36:56.662789
23140,3763,Current,131056.52,INR,BR002,ACTIVE,2021-11-08,2026-09-10 11:36:56.662789,2026-09-10 11:36:56.662789
23141,3505,Savings,160098.63,INR,BR002,ACTIVE,2024-04-22,2026-09-10 11:36:56.662789,2026-09-10 11:36:56.662789
23142,3940,Savings,333391.75,INR,BR002,ACTIVE,2022-11-01,2026-09-10 11:36:56.662789,2026-09-10 11:36:56.662789
23143,1839,Savings,40017.63,INR,BR003,ACTIVE,2023-05-27,2026-09-10 11:36:56.662789,2026-09-10 11:36:56.662789
23144,3702,Current,314178.73,INR,BR003,ACTIVE,2024-03-26,2026-09-10 11:36:56.662789,2026-09-10 11:36:56.662789
23145,2630,Savings,458098.95,INR,BR004,ACTIVE,2022-11-24,2026-09-10 11:36:56.662789,2026-09-10 11:36:56.662789
23146,1664,Savings,125296.19,INR,BR002,ACTIVE,2021-12-23,2026-09-10 11:36:56.662789,2026-09-10 11:36:56.662789
23147,1765,Savings,181591.96,INR,BR004,ACTIVE,2021-02-14,2026-09-10 11:36:56.662789,2026-09-10 11:36:56.662789
23148,4139,Savings,116934.64,INR,BR002,ACTIVE,2022-02-13,2026-09-10 11:36:56.662789,2026-09-10 11:36:56.662789
23149,1176,Current,409565.61,INR,BR004,ACTIVE,2024-03-04,2026-09-10 11:36:56.662789,2026-09-10 11:36:56.662789
23150,1510,Savings,84636.30,INR,BR003,ACTIVE,2021-08-01,2026-09-10 11:36:56.662789,2026-09-10 11:36:56.662789
23151,4687,Current,173967.49,INR,BR002,ACTIVE,2022-02-17,2026-09-10 11:36:56.662789,2026-09-10 11:36:56.662789
23152,4163,Savings,300909.89,INR,BR003,ACTIVE,2020-02-09,2026-09-10 11:36:56.662789,2026-09-10 11:36:56.662789
23153,3753,Current,202872.66,INR,BR004,ACTIVE,2021-09-05,2026-09-10 11:36:56.662789,2026-09-10 11:36:56.662789
23154,2190,Savings,33669.19,INR,BR003,ACTIVE,2024-09-23,2026-09-10 11:36:56.662789,2026-09-10 11:36:56.662789
23155,1602,Savings,473912.61,INR,BR003,ACTIVE,2021-08-13,2026-09-10 11:36:56.662789,2026-09-10 11:36:56.662789
23156,1838,Savings,169612.32,INR,BR003,ACTIVE,2022-11-19,2026-09-10 11:36:56.662789,2026-09-10 11:36:56.662789
23157,4899,Savings,223379.96,INR,BR001,ACTIVE,2024-11-18,2026-09-10 11:36:56.662789,2026-09-10 11:36:56.662789
23158,2002,Savings,84605.12,INR,BR004,ACTIVE,2022-05-13,2026-09-10 11:36:56.662789,2026-09-10 11:36:56.662789
23159,4852,Savings,432809.77,INR,BR004,ACTIVE,2023-08-10,2026-09-10 11:36:56.662789,2026-09-10 11:36:56.662789
23160,4510,Current,146422.97,INR,BR002,ACTIVE,2025-01-16,2026-09-10 11:36:56.662789,2026-09-10 11:36:56.662789
23161,3099,Savings,10891.70,INR,BR002,ACTIVE,2024-03-04,2026-09-10 11:36:56.662789,2026-09-10 11:36:56.662789
23162,4750,Savings,158884.89,INR,BR002,ACTIVE,2023-02-10,2026-09-10 11:36:56.662789,2026-09-10 11:36:56.662789
23163,3734,Current,492045.78,INR,BR003,ACTIVE,2021-08-29,2026-09-10 11:36:56.662789,2026-09-10 11:36:56.662789
23164,4811,Savings,74274.59,INR,BR004,ACTIVE,2020-07-02,2026-09-10 11:36:56.662789,2026-09-10 11:36:56.662789
23165,3314,Savings,16570.04,INR,BR003,ACTIVE,2021-10-06,2026-09-10 11:36:56.662789,2026-09-10 11:36:56.662789
23166,4593,Current,289509.62,INR,BR004,ACTIVE,2020-01-18,2026-09-10 11:36:56.662789,2026-09-10 11:36:56.662789
23167,2111,Current,186461.61,INR,BR003,ACTIVE,2020-10-01,2026-09-10 11:36:56.662789,2026-09-10 11:36:56.662789
23168,3654,Savings,397692.67,INR,BR002,ACTIVE,2024-04-25,2026-09-10 11:36:56.662789,2026-09-10 11:36:56.662789
23169,3045,Current,366211.99,INR,BR003,ACTIVE,2023-11-02,2026-09-10 11:36:56.662789,2026-09-10 11:36:56.662789
23170,4124,Savings,93524.10,INR,BR001,ACTIVE,2022-10-08,2026-09-10 11:36:56.662789,2026-09-10 11:36:56.662789
23171,4251,Savings,282751.52,INR,BR002,ACTIVE,2020-06-28,2026-09-10 11:36:56.662789,2026-09-10 11:36:56.662789
23172,4350,Savings,17185.57,INR,BR001,ACTIVE,2021-03-21,2026-09-10 11:36:56.662789,2026-09-10 11:36:56.662789
23173,4311,Savings,220299.64,INR,BR001,ACTIVE,2020-09-15,2026-09-10 11:36:56.662789,2026-09-10 11:36:56.662789
23174,1585,Savings,357312.56,INR,BR002,ACTIVE,2023-12-20,2026-09-10 11:36:56.662789,2026-09-10 11:36:56.662789
23175,3387,Savings,208064.44,INR,BR001,ACTIVE,2020-06-04,2026-09-10 11:36:56.662789,2026-09-10 11:36:56.662789
23176,2096,Savings,59859.12,INR,BR001,ACTIVE,2022-07-03,2026-09-10 11:36:56.662789,2026-09-10 11:36:56.662789
23177,1374,Savings,31705.26,INR,BR004,ACTIVE,2023-07-13,2026-09-10 11:36:56.662789,2026-09-10 11:36:56.662789
23178,1580,Savings,426976.07,INR,BR003,ACTIVE,2024-02-17,2026-09-10 11:36:56.662789,2026-09-10 11:36:56.662789
23179,1517,Current,445772.15,INR,BR001,ACTIVE,2020-04-04,2026-09-10 11:36:56.662789,2026-09-10 11:36:56.662789
23180,4923,Savings,172203.15,INR,BR003,ACTIVE,2025-01-12,2026-09-10 11:36:56.662789,2026-09-10 11:36:56.662789
23181,2262,Current,82921.99,INR,BR001,ACTIVE,2022-12-26,2026-09-10 11:36:56.662789,2026-09-10 11:36:56.662789
23182,4538,Current,489329.49,INR,BR002,ACTIVE,2020-10-20,2026-09-10 11:36:56.662789,2026-09-10 11:36:56.662789
23183,1121,Savings,273386.04,INR,BR002,ACTIVE,2021-08-01,2026-09-10 11:36:56.662789,2026-09-10 11:36:56.662789
23184,2437,Savings,238850.87,INR,BR004,ACTIVE,2022-03-20,2026-09-10 11:36:56.662789,2026-09-10 11:36:56.662789
23185,2747,Savings,371062.27,INR,BR002,ACTIVE,2022-01-17,2026-09-10 11:36:56.662789,2026-09-10 11:36:56.662789
23186,4846,Current,85265.80,INR,BR004,ACTIVE,2020-05-01,2026-09-10 11:36:56.662789,2026-09-10 11:36:56.662789
23187,3885,Savings,290414.87,INR,BR002,ACTIVE,2023-06-12,2026-09-10 11:36:56.662789,2026-09-10 11:36:56.662789
23188,3618,Savings,445191.02,INR,BR003,ACTIVE,2021-02-23,2026-09-10 11:36:56.662789,2026-09-10 11:36:56.662789
23189,1043,Savings,12511.17,INR,BR001,ACTIVE,2023-10-12,2026-09-10 11:36:56.662789,2026-09-10 11:36:56.662789
23190,2528,Savings,336796.91,INR,BR001,ACTIVE,2020-08-13,2026-09-10 11:36:56.662789,2026-09-10 11:36:56.662789
23191,4269,Savings,276160.55,INR,BR004,ACTIVE,2022-09-15,2026-09-10 11:36:56.662789,2026-09-10 11:36:56.662789
23192,3043,Savings,475449.59,INR,BR002,ACTIVE,2020-10-16,2026-09-10 11:36:56.662789,2026-09-10 11:36:56.662789
23193,3120,Savings,130090.56,INR,BR003,ACTIVE,2024-01-09,2026-09-10 11:36:56.662789,2026-09-10 11:36:56.662789
23194,3139,Savings,429586.93,INR,BR003,ACTIVE,2021-10-27,2026-09-10 11:36:56.662789,2026-09-10 11:36:56.662789
23195,4621,Savings,155183.87,INR,BR002,ACTIVE,2020-07-19,2026-09-10 11:36:56.662789,2026-09-10 11:36:56.662789
23196,1491,Current,215501.92,INR,BR001,ACTIVE,2022-02-14,2026-09-10 11:36:56.662789,2026-09-10 11:36:56.662789
23197,2850,Savings,107430.49,INR,BR002,ACTIVE,2024-03-15,2026-09-10 11:36:56.662789,2026-09-10 11:36:56.662789
23198,1749,Savings,431931.92,INR,BR001,ACTIVE,2024-05-11,2026-09-10 11:36:56.662789,2026-09-10 11:36:56.662789
23199,4046,Current,98509.42,INR,BR002,ACTIVE,2024-10-19,2026-09-10 11:36:56.662789,2026-09-10 11:36:56.662789
23200,1383,Savings,429647.48,INR,BR001,ACTIVE,2021-05-24,2026-09-10 11:36:56.662789,2026-09-10 11:36:56.662789
23201,1805,Current,228351.08,INR,BR004,ACTIVE,2022-09-03,2026-09-10 11:36:56.662789,2026-09-10 11:36:56.662789
23202,2490,Savings,417707.66,INR,BR003,ACTIVE,2022-11-16,2026-09-10 11:36:56.662789,2026-09-10 11:36:56.662789
23203,2178,Current,132979.79,INR,BR002,ACTIVE,2020-11-30,2026-09-10 11:36:56.662789,2026-09-10 11:36:56.662789
23204,3218,Savings,67232.34,INR,BR001,ACTIVE,2024-07-13,2026-09-10 11:36:56.662789,2026-09-10 11:36:56.662789
23205,2296,Current,277925.67,INR,BR001,ACTIVE,2020-09-27,2026-09-10 11:36:56.662789,2026-09-10 11:36:56.662789
23206,1918,Savings,255209.10,INR,BR001,ACTIVE,2020-11-03,2026-09-10 11:36:56.662789,2026-09-10 11:36:56.662789
23207,4182,Savings,178947.08,INR,BR004,ACTIVE,2023-11-22,2026-09-10 11:36:56.662789,2026-09-10 11:36:56.662789
23208,1151,Savings,331747.89,INR,BR001,ACTIVE,2022-05-10,2026-09-10 11:36:56.662789,2026-09-10 11:36:56.662789
23209,1431,Savings,48476.27,INR,BR003,ACTIVE,2020-06-07,2026-09-10 11:36:56.662789,2026-09-10 11:36:56.662789
23210,3499,Savings,311378.54,INR,BR004,ACTIVE,2020-03-05,2026-09-10 11:36:56.662789,2026-09-10 11:36:56.662789
23211,3691,Savings,106666.29,INR,BR001,ACTIVE,2024-05-21,2026-09-10 11:36:56.662789,2026-09-10 11:36:56.662789
23212,3828,Current,65348.32,INR,BR003,ACTIVE,2024-01-31,2026-09-10 11:36:56.662789,2026-09-10 11:36:56.662789
23213,3071,Savings,454894.48,INR,BR001,ACTIVE,2020-06-16,2026-09-10 11:36:56.662789,2026-09-10 11:36:56.662789
23214,3415,Savings,230438.08,INR,BR003,ACTIVE,2020-11-06,2026-09-10 11:36:56.662789,2026-09-10 11:36:56.662789
23215,1651,Savings,381945.02,INR,BR003,ACTIVE,2022-04-09,2026-09-10 11:36:56.662789,2026-09-10 11:36:56.662789
23216,1820,Savings,45469.35,INR,BR001,ACTIVE,2023-04-04,2026-09-10 11:36:56.662789,2026-09-10 11:36:56.662789
23217,3287,Current,29674.97,INR,BR003,ACTIVE,2020-12-30,2026-09-10 11:36:56.662789,2026-09-10 11:36:56.662789
23218,3482,Savings,247931.25,INR,BR002,ACTIVE,2020-11-23,2026-09-10 11:36:56.662789,2026-09-10 11:36:56.662789
23219,3752,Savings,158460.02,INR,BR001,ACTIVE,2023-11-09,2026-09-10 11:36:56.662789,2026-09-10 11:36:56.662789
23220,4199,Savings,3448.74,INR,BR002,ACTIVE,2023-11-28,2026-09-10 11:36:56.662789,2026-09-10 11:36:56.662789
23221,1942,Savings,92464.03,INR,BR003,ACTIVE,2022-03-17,2026-09-10 11:36:56.662789,2026-09-10 11:36:56.662789
23222,1541,Savings,110168.98,INR,BR004,ACTIVE,2021-10-22,2026-09-10 11:36:56.662789,2026-09-10 11:36:56.662789
23223,3681,Savings,144964.67,INR,BR004,ACTIVE,2021-11-04,2026-09-10 11:36:56.662789,2026-09-10 11:36:56.662789
23224,3246,Current,438890.25,INR,BR003,ACTIVE,2024-05-04,2026-09-10 11:36:56.662789,2026-09-10 11:36:56.662789
23225,2710,Savings,210880.66,INR,BR002,ACTIVE,2023-12-26,2026-09-10 11:36:56.662789,2026-09-10 11:36:56.662789
23226,4728,Current,340036.76,INR,BR001,ACTIVE,2024-08-18,2026-09-10 11:36:56.662789,2026-09-10 11:36:56.662789
23227,3530,Current,10179.65,INR,BR004,ACTIVE,2021-12-12,2026-09-10 11:36:56.662789,2026-09-10 11:36:56.662789
23228,2203,Savings,407148.91,INR,BR002,ACTIVE,2021-06-19,2026-09-10 11:36:56.662789,2026-09-10 11:36:56.662789
23229,1869,Current,120924.14,INR,BR004,ACTIVE,2021-03-31,2026-09-10 11:36:56.662789,2026-09-10 11:36:56.662789
23230,3571,Savings,155210.63,INR,BR004,ACTIVE,2021-01-02,2026-09-10 11:36:56.662789,2026-09-10 11:36:56.662789
23231,1651,Savings,23582.96,INR,BR003,ACTIVE,2022-08-14,2026-09-10 11:36:56.662789,2026-09-10 11:36:56.662789
23232,4007,Savings,205436.76,INR,BR001,ACTIVE,2021-08-07,2026-09-10 11:36:56.662789,2026-09-10 11:36:56.662789
23233,1437,Savings,426435.81,INR,BR002,ACTIVE,2022-09-20,2026-09-10 11:36:56.662789,2026-09-10 11:36:56.662789
23234,2789,Savings,189988.39,INR,BR002,ACTIVE,2021-12-28,2026-09-10 11:36:56.662789,2026-09-10 11:36:56.662789
23235,3905,Savings,454394.03,INR,BR001,ACTIVE,2023-08-09,2026-09-10 11:36:56.662789,2026-09-10 11:36:56.662789
23236,1314,Current,433856.35,INR,BR002,ACTIVE,2021-02-07,2026-09-10 11:36:56.662789,2026-09-10 11:36:56.662789
23237,1019,Current,31918.51,INR,BR004,ACTIVE,2023-03-11,2026-09-10 11:36:56.662789,2026-09-10 11:36:56.662789
23238,2184,Savings,153330.70,INR,BR001,ACTIVE,2020-09-20,2026-09-10 11:36:56.662789,2026-09-10 11:36:56.662789
23239,1818,Savings,455298.24,INR,BR004,ACTIVE,2020-09-03,2026-09-10 11:36:56.662789,2026-09-10 11:36:56.662789
23240,1122,Current,15874.66,INR,BR004,ACTIVE,2022-08-05,2026-09-10 11:36:56.662789,2026-09-10 11:36:56.662789
23241,3120,Current,383138.33,INR,BR004,ACTIVE,2023-03-28,2026-09-10 11:36:56.662789,2026-09-10 11:36:56.662789
23242,2079,Savings,453307.56,INR,BR001,ACTIVE,2021-08-06,2026-09-10 11:36:56.662789,2026-09-10 11:36:56.662789
23243,3508,Savings,385475.21,INR,BR002,ACTIVE,2023-12-02,2026-09-10 11:36:56.662789,2026-09-10 11:36:56.662789
23244,1169,Current,372163.34,INR,BR004,ACTIVE,2023-12-12,2026-09-10 11:36:56.662789,2026-09-10 11:36:56.662789
23245,4683,Current,421834.53,INR,BR001,ACTIVE,2021-05-01,2026-09-10 11:36:56.662789,2026-09-10 11:36:56.662789
23246,3630,Savings,333228.99,INR,BR001,ACTIVE,2020-04-07,2026-09-10 11:36:56.662789,2026-09-10 11:36:56.662789
23247,2173,Current,212125.00,INR,BR003,ACTIVE,2022-01-02,2026-09-10 11:36:56.662789,2026-09-10 11:36:56.662789
23248,1629,Savings,32315.02,INR,BR003,ACTIVE,2024-09-16,2026-09-10 11:36:56.662789,2026-09-10 11:36:56.662789
23249,1026,Current,394195.76,INR,BR003,ACTIVE,2022-08-27,2026-09-10 11:36:56.662789,2026-09-10 11:36:56.662789
23250,2272,Savings,452721.57,INR,BR002,ACTIVE,2022-07-06,2026-09-10 11:36:56.662789,2026-09-10 11:36:56.662789
23251,4969,Savings,256281.64,INR,BR002,ACTIVE,2025-01-28,2026-09-10 11:36:56.662789,2026-09-10 11:36:56.662789
23252,3769,Savings,266722.73,INR,BR002,ACTIVE,2021-11-17,2026-09-10 11:36:56.662789,2026-09-10 11:36:56.662789
23253,4299,Current,202240.21,INR,BR002,ACTIVE,2020-03-06,2026-09-10 11:36:56.662789,2026-09-10 11:36:56.662789
23254,2947,Savings,428584.42,INR,BR004,ACTIVE,2021-12-13,2026-09-10 11:36:56.662789,2026-09-10 11:36:56.662789
23255,4698,Current,8386.85,INR,BR001,ACTIVE,2024-08-29,2026-09-10 11:36:56.662789,2026-09-10 11:36:56.662789
23256,2730,Savings,312649.73,INR,BR001,ACTIVE,2024-10-03,2026-09-10 11:36:56.662789,2026-09-10 11:36:56.662789
23257,4556,Savings,453799.14,INR,BR003,ACTIVE,2024-04-12,2026-09-10 11:36:56.662789,2026-09-10 11:36:56.662789
23258,2857,Savings,52507.94,INR,BR001,ACTIVE,2024-11-19,2026-09-10 11:36:56.662789,2026-09-10 11:36:56.662789
23259,2034,Savings,479623.10,INR,BR002,ACTIVE,2023-04-23,2026-09-10 11:36:56.662789,2026-09-10 11:36:56.662789
23260,2119,Savings,483871.40,INR,BR001,ACTIVE,2024-06-25,2026-09-10 11:36:56.662789,2026-09-10 11:36:56.662789
23261,3169,Savings,464964.69,INR,BR004,ACTIVE,2024-06-23,2026-09-10 11:36:56.662789,2026-09-10 11:36:56.662789
23262,1126,Savings,231810.50,INR,BR004,ACTIVE,2020-10-26,2026-09-10 11:36:56.662789,2026-09-10 11:36:56.662789
23263,3597,Savings,192102.03,INR,BR003,ACTIVE,2024-03-29,2026-09-10 11:36:56.662789,2026-09-10 11:36:56.662789
23264,2093,Savings,353267.92,INR,BR002,ACTIVE,2022-03-02,2026-09-10 11:36:56.662789,2026-09-10 11:36:56.662789
23265,3345,Savings,160026.42,INR,BR001,ACTIVE,2022-11-19,2026-09-10 11:36:56.662789,2026-09-10 11:36:56.662789
23266,1686,Savings,35103.73,INR,BR003,ACTIVE,2023-09-27,2026-09-10 11:36:56.662789,2026-09-10 11:36:56.662789
23267,4573,Savings,450809.66,INR,BR001,ACTIVE,2024-03-22,2026-09-10 11:36:56.662789,2026-09-10 11:36:56.662789
23268,1973,Savings,317793.17,INR,BR003,ACTIVE,2021-01-25,2026-09-10 11:36:56.662789,2026-09-10 11:36:56.662789
23269,4117,Savings,104370.09,INR,BR003,ACTIVE,2024-11-24,2026-09-10 11:36:56.662789,2026-09-10 11:36:56.662789
23270,1635,Savings,10185.87,INR,BR004,ACTIVE,2020-07-22,2026-09-10 11:36:56.662789,2026-09-10 11:36:56.662789
23271,3430,Savings,362034.47,INR,BR004,ACTIVE,2023-07-25,2026-09-10 11:36:56.662789,2026-09-10 11:36:56.662789
23272,3008,Savings,426547.16,INR,BR004,ACTIVE,2024-07-06,2026-09-10 11:36:56.662789,2026-09-10 11:36:56.662789
23273,2051,Savings,203418.14,INR,BR003,ACTIVE,2023-08-29,2026-09-10 11:36:56.662789,2026-09-10 11:36:56.662789
23274,1705,Current,41368.21,INR,BR004,ACTIVE,2022-04-01,2026-09-10 11:36:56.662789,2026-09-10 11:36:56.662789
23275,3545,Current,324662.00,INR,BR004,ACTIVE,2020-10-15,2026-09-10 11:36:56.662789,2026-09-10 11:36:56.662789
23276,3900,Savings,149167.60,INR,BR002,ACTIVE,2022-09-05,2026-09-10 11:36:56.662789,2026-09-10 11:36:56.662789
23277,4208,Savings,72829.42,INR,BR001,ACTIVE,2020-12-04,2026-09-10 11:36:56.662789,2026-09-10 11:36:56.662789
23278,1707,Savings,255687.88,INR,BR001,ACTIVE,2024-10-25,2026-09-10 11:36:56.662789,2026-09-10 11:36:56.662789
23279,4121,Current,241440.02,INR,BR002,ACTIVE,2024-06-04,2026-09-10 11:36:56.662789,2026-09-10 11:36:56.662789
23280,2632,Savings,258868.43,INR,BR002,ACTIVE,2023-07-18,2026-09-10 11:36:56.662789,2026-09-10 11:36:56.662789
23281,4579,Current,412142.23,INR,BR004,ACTIVE,2020-02-23,2026-09-10 11:36:56.662789,2026-09-10 11:36:56.662789
23282,3028,Savings,242788.40,INR,BR004,ACTIVE,2021-08-22,2026-09-10 11:36:56.662789,2026-09-10 11:36:56.662789
23283,3169,Savings,450369.75,INR,BR001,ACTIVE,2023-08-18,2026-09-10 11:36:56.662789,2026-09-10 11:36:56.662789
23284,4833,Savings,421063.50,INR,BR002,ACTIVE,2023-04-03,2026-09-10 11:36:56.662789,2026-09-10 11:36:56.662789
23285,3009,Savings,325906.86,INR,BR002,ACTIVE,2021-02-21,2026-09-10 11:36:56.662789,2026-09-10 11:36:56.662789
23286,4289,Savings,29369.08,INR,BR004,ACTIVE,2023-10-26,2026-09-10 11:36:56.662789,2026-09-10 11:36:56.662789
23287,1626,Savings,432607.25,INR,BR001,ACTIVE,2020-04-14,2026-09-10 11:36:56.662789,2026-09-10 11:36:56.662789
23288,1526,Current,452880.44,INR,BR003,ACTIVE,2020-05-04,2026-09-10 11:36:56.662789,2026-09-10 11:36:56.662789
23289,2598,Current,188148.52,INR,BR002,ACTIVE,2024-05-30,2026-09-10 11:36:56.662789,2026-09-10 11:36:56.662789
23290,2067,Savings,263549.73,INR,BR001,ACTIVE,2023-11-21,2026-09-10 11:36:56.662789,2026-09-10 11:36:56.662789
23291,2947,Savings,141229.31,INR,BR001,ACTIVE,2020-01-30,2026-09-10 11:36:56.662789,2026-09-10 11:36:56.662789
23292,3800,Current,8343.45,INR,BR001,ACTIVE,2024-08-09,2026-09-10 11:36:56.662789,2026-09-10 11:36:56.662789
23293,1096,Savings,240246.08,INR,BR002,ACTIVE,2020-09-07,2026-09-10 11:36:56.662789,2026-09-10 11:36:56.662789
23294,3075,Savings,65550.13,INR,BR003,ACTIVE,2020-11-27,2026-09-10 11:36:56.662789,2026-09-10 11:36:56.662789
23295,1836,Savings,92479.03,INR,BR004,ACTIVE,2023-03-03,2026-09-10 11:36:56.662789,2026-09-10 11:36:56.662789
23296,2919,Savings,240874.69,INR,BR003,ACTIVE,2021-12-24,2026-09-10 11:36:56.662789,2026-09-10 11:36:56.662789
23297,2266,Current,433652.13,INR,BR001,ACTIVE,2021-09-10,2026-09-10 11:36:56.662789,2026-09-10 11:36:56.662789
23298,3535,Savings,422471.70,INR,BR002,ACTIVE,2022-10-21,2026-09-10 11:36:56.662789,2026-09-10 11:36:56.662789
23299,2995,Savings,482569.14,INR,BR002,ACTIVE,2021-07-05,2026-09-10 11:36:56.662789,2026-09-10 11:36:56.662789
23300,1240,Savings,241857.63,INR,BR003,ACTIVE,2024-12-16,2026-09-10 11:36:56.662789,2026-09-10 11:36:56.662789
23301,2328,Savings,276452.45,INR,BR003,ACTIVE,2021-10-15,2026-09-10 11:36:56.662789,2026-09-10 11:36:56.662789
23302,3115,Current,411236.00,INR,BR002,ACTIVE,2020-04-15,2026-09-10 11:36:56.662789,2026-09-10 11:36:56.662789
23303,4353,Savings,350137.03,INR,BR003,ACTIVE,2023-07-08,2026-09-10 11:36:56.662789,2026-09-10 11:36:56.662789
23304,4264,Savings,92228.23,INR,BR004,ACTIVE,2021-04-28,2026-09-10 11:36:56.662789,2026-09-10 11:36:56.662789
23305,2143,Current,199689.20,INR,BR004,ACTIVE,2021-04-18,2026-09-10 11:36:56.662789,2026-09-10 11:36:56.662789
23306,4224,Savings,464650.49,INR,BR004,ACTIVE,2021-06-17,2026-09-10 11:36:56.662789,2026-09-10 11:36:56.662789
23307,4849,Savings,73917.44,INR,BR001,ACTIVE,2023-08-06,2026-09-10 11:36:56.662789,2026-09-10 11:36:56.662789
23308,2416,Savings,105468.83,INR,BR003,ACTIVE,2021-06-01,2026-09-10 11:36:56.662789,2026-09-10 11:36:56.662789
23309,3279,Savings,200929.36,INR,BR002,ACTIVE,2020-03-05,2026-09-10 11:36:56.662789,2026-09-10 11:36:56.662789
23310,3399,Savings,469997.19,INR,BR001,ACTIVE,2022-05-01,2026-09-10 11:36:56.662789,2026-09-10 11:36:56.662789
23311,1761,Savings,57795.25,INR,BR002,ACTIVE,2024-08-27,2026-09-10 11:36:56.662789,2026-09-10 11:36:56.662789
23312,4643,Savings,336798.24,INR,BR003,ACTIVE,2021-02-01,2026-09-10 11:36:56.662789,2026-09-10 11:36:56.662789
23313,2553,Savings,66929.14,INR,BR003,ACTIVE,2020-01-17,2026-09-10 11:36:56.662789,2026-09-10 11:36:56.662789
23314,4243,Savings,262726.02,INR,BR001,ACTIVE,2023-12-29,2026-09-10 11:36:56.662789,2026-09-10 11:36:56.662789
23315,1863,Savings,268745.19,INR,BR001,ACTIVE,2023-08-28,2026-09-10 11:36:56.662789,2026-09-10 11:36:56.662789
23316,2156,Savings,22270.43,INR,BR004,ACTIVE,2022-12-08,2026-09-10 11:36:56.662789,2026-09-10 11:36:56.662789
23317,1357,Current,477104.78,INR,BR001,ACTIVE,2023-07-26,2026-09-10 11:36:56.662789,2026-09-10 11:36:56.662789
23318,2672,Current,403504.69,INR,BR004,ACTIVE,2022-02-04,2026-09-10 11:36:56.662789,2026-09-10 11:36:56.662789
23319,4114,Savings,152124.25,INR,BR001,ACTIVE,2020-08-13,2026-09-10 11:36:56.662789,2026-09-10 11:36:56.662789
23320,2329,Current,66181.52,INR,BR004,ACTIVE,2022-11-09,2026-09-10 11:36:56.662789,2026-09-10 11:36:56.662789
23321,2030,Savings,173467.73,INR,BR003,ACTIVE,2020-01-08,2026-09-10 11:36:56.662789,2026-09-10 11:36:56.662789
23322,3377,Savings,447244.00,INR,BR002,ACTIVE,2020-01-31,2026-09-10 11:36:56.662789,2026-09-10 11:36:56.662789
23323,4242,Current,67209.11,INR,BR003,ACTIVE,2020-04-29,2026-09-10 11:36:56.662789,2026-09-10 11:36:56.662789
23324,2992,Savings,175309.23,INR,BR004,ACTIVE,2023-02-20,2026-09-10 11:36:56.662789,2026-09-10 11:36:56.662789
23325,4872,Savings,247657.91,INR,BR003,ACTIVE,2022-08-13,2026-09-10 11:36:56.662789,2026-09-10 11:36:56.662789
23326,3959,Savings,17409.27,INR,BR001,ACTIVE,2020-09-24,2026-09-10 11:36:56.662789,2026-09-10 11:36:56.662789
23327,3386,Savings,134748.82,INR,BR001,ACTIVE,2024-12-13,2026-09-10 11:36:56.662789,2026-09-10 11:36:56.662789
23328,4799,Savings,298221.31,INR,BR002,ACTIVE,2021-04-04,2026-09-10 11:36:56.662789,2026-09-10 11:36:56.662789
23329,4141,Savings,162658.33,INR,BR002,ACTIVE,2021-02-16,2026-09-10 11:36:56.662789,2026-09-10 11:36:56.662789
23330,1882,Savings,435392.19,INR,BR003,ACTIVE,2020-09-01,2026-09-10 11:36:56.662789,2026-09-10 11:36:56.662789
23331,1539,Savings,468445.94,INR,BR002,ACTIVE,2022-06-06,2026-09-10 11:36:56.662789,2026-09-10 11:36:56.662789
23332,1737,Savings,221329.89,INR,BR001,ACTIVE,2022-11-12,2026-09-10 11:36:56.662789,2026-09-10 11:36:56.662789
23333,2858,Savings,266478.22,INR,BR001,ACTIVE,2024-01-30,2026-09-10 11:36:56.662789,2026-09-10 11:36:56.662789
23334,2531,Savings,315773.33,INR,BR001,ACTIVE,2021-07-22,2026-09-10 11:36:56.662789,2026-09-10 11:36:56.662789
23335,2770,Savings,332602.95,INR,BR004,ACTIVE,2024-05-30,2026-09-10 11:36:56.662789,2026-09-10 11:36:56.662789
23336,4558,Current,32565.71,INR,BR004,ACTIVE,2024-11-09,2026-09-10 11:36:56.662789,2026-09-10 11:36:56.662789
23337,1443,Savings,27786.04,INR,BR003,ACTIVE,2021-06-05,2026-09-10 11:36:56.662789,2026-09-10 11:36:56.662789
23338,1924,Savings,432928.25,INR,BR004,ACTIVE,2024-05-12,2026-09-10 11:36:56.662789,2026-09-10 11:36:56.662789
23339,3968,Current,110716.15,INR,BR002,ACTIVE,2020-06-17,2026-09-10 11:36:56.662789,2026-09-10 11:36:56.662789
23340,3099,Current,292468.65,INR,BR001,ACTIVE,2024-08-24,2026-09-10 11:36:56.662789,2026-09-10 11:36:56.662789
23341,3197,Savings,312711.24,INR,BR003,ACTIVE,2024-06-27,2026-09-10 11:36:56.662789,2026-09-10 11:36:56.662789
23342,2951,Savings,83067.67,INR,BR004,ACTIVE,2022-12-26,2026-09-10 11:36:56.662789,2026-09-10 11:36:56.662789
23343,2611,Savings,381036.72,INR,BR003,ACTIVE,2023-09-09,2026-09-10 11:36:56.662789,2026-09-10 11:36:56.662789
23344,2842,Savings,433106.86,INR,BR003,ACTIVE,2023-10-21,2026-09-10 11:36:56.662789,2026-09-10 11:36:56.662789
23345,4164,Savings,143403.46,INR,BR002,ACTIVE,2020-11-26,2026-09-10 11:36:56.662789,2026-09-10 11:36:56.662789
23346,1368,Savings,439042.25,INR,BR002,ACTIVE,2021-10-27,2026-09-10 11:36:56.662789,2026-09-10 11:36:56.662789
23347,1580,Savings,41437.55,INR,BR002,ACTIVE,2021-05-22,2026-09-10 11:36:56.662789,2026-09-10 11:36:56.662789
23348,2771,Savings,400431.50,INR,BR003,ACTIVE,2021-09-13,2026-09-10 11:36:56.662789,2026-09-10 11:36:56.662789
23349,4946,Savings,320415.47,INR,BR003,ACTIVE,2022-08-06,2026-09-10 11:36:56.662789,2026-09-10 11:36:56.662789
23350,1656,Current,291972.28,INR,BR002,ACTIVE,2024-11-07,2026-09-10 11:36:56.662789,2026-09-10 11:36:56.662789
23351,3124,Current,115836.24,INR,BR004,ACTIVE,2024-11-24,2026-09-10 11:36:56.662789,2026-09-10 11:36:56.662789
23352,4158,Savings,181559.06,INR,BR001,ACTIVE,2023-05-31,2026-09-10 11:36:56.662789,2026-09-10 11:36:56.662789
23353,1227,Savings,455241.89,INR,BR002,ACTIVE,2022-03-11,2026-09-10 11:36:56.662789,2026-09-10 11:36:56.662789
23354,4435,Current,233404.80,INR,BR004,ACTIVE,2021-10-07,2026-09-10 11:36:56.662789,2026-09-10 11:36:56.662789
23355,1959,Savings,297595.66,INR,BR003,ACTIVE,2022-12-22,2026-09-10 11:36:56.662789,2026-09-10 11:36:56.662789
23356,4640,Savings,467989.91,INR,BR003,ACTIVE,2024-11-11,2026-09-10 11:36:56.662789,2026-09-10 11:36:56.662789
23357,1592,Savings,233777.73,INR,BR004,ACTIVE,2024-09-05,2026-09-10 11:36:56.662789,2026-09-10 11:36:56.662789
23358,1024,Savings,194746.35,INR,BR004,ACTIVE,2022-05-09,2026-09-10 11:36:56.662789,2026-09-10 11:36:56.662789
23359,2763,Savings,446707.85,INR,BR003,ACTIVE,2020-07-09,2026-09-10 11:36:56.662789,2026-09-10 11:36:56.662789
23360,3076,Current,455533.09,INR,BR003,ACTIVE,2021-07-18,2026-09-10 11:36:56.662789,2026-09-10 11:36:56.662789
23361,3169,Savings,177964.49,INR,BR003,ACTIVE,2021-07-16,2026-09-10 11:36:56.662789,2026-09-10 11:36:56.662789
23362,2514,Current,296402.85,INR,BR003,ACTIVE,2022-11-04,2026-09-10 11:36:56.662789,2026-09-10 11:36:56.662789
23363,4677,Savings,481900.16,INR,BR002,ACTIVE,2021-10-03,2026-09-10 11:36:56.662789,2026-09-10 11:36:56.662789
23364,1853,Savings,28679.88,INR,BR003,ACTIVE,2023-11-24,2026-09-10 11:36:56.662789,2026-09-10 11:36:56.662789
23365,3672,Savings,20861.41,INR,BR003,ACTIVE,2021-03-10,2026-09-10 11:36:56.662789,2026-09-10 11:36:56.662789
23366,3938,Savings,258773.67,INR,BR004,ACTIVE,2023-02-07,2026-09-10 11:36:56.662789,2026-09-10 11:36:56.662789
23367,2369,Savings,146328.83,INR,BR004,ACTIVE,2024-06-21,2026-09-10 11:36:56.662789,2026-09-10 11:36:56.662789
23368,3023,Current,291343.09,INR,BR004,ACTIVE,2021-12-24,2026-09-10 11:36:56.662789,2026-09-10 11:36:56.662789
23369,3079,Savings,362423.38,INR,BR003,ACTIVE,2022-10-16,2026-09-10 11:36:56.662789,2026-09-10 11:36:56.662789
23370,2679,Savings,35468.09,INR,BR004,ACTIVE,2021-12-10,2026-09-10 11:36:56.662789,2026-09-10 11:36:56.662789
23371,4951,Savings,441301.37,INR,BR003,ACTIVE,2023-02-07,2026-09-10 11:36:56.662789,2026-09-10 11:36:56.662789
23372,4882,Current,139166.61,INR,BR003,ACTIVE,2022-10-01,2026-09-10 11:36:56.662789,2026-09-10 11:36:56.662789
23373,4299,Savings,191292.39,INR,BR004,ACTIVE,2020-09-23,2026-09-10 11:36:56.662789,2026-09-10 11:36:56.662789
23374,3918,Savings,169181.34,INR,BR001,ACTIVE,2020-09-19,2026-09-10 11:36:56.662789,2026-09-10 11:36:56.662789
23375,4322,Savings,420077.59,INR,BR002,ACTIVE,2023-03-10,2026-09-10 11:36:56.662789,2026-09-10 11:36:56.662789
23376,1050,Savings,86155.45,INR,BR002,ACTIVE,2022-10-27,2026-09-10 11:36:56.662789,2026-09-10 11:36:56.662789
23377,3774,Savings,15307.94,INR,BR001,ACTIVE,2024-09-16,2026-09-10 11:36:56.662789,2026-09-10 11:36:56.662789
23378,2916,Current,485929.00,INR,BR001,ACTIVE,2023-01-07,2026-09-10 11:36:56.662789,2026-09-10 11:36:56.662789
23379,3437,Savings,490335.61,INR,BR003,ACTIVE,2022-08-10,2026-09-10 11:36:56.662789,2026-09-10 11:36:56.662789
23380,3992,Savings,129588.72,INR,BR004,ACTIVE,2024-03-29,2026-09-10 11:36:56.662789,2026-09-10 11:36:56.662789
23381,2805,Current,5666.96,INR,BR002,ACTIVE,2024-01-21,2026-09-10 11:36:56.662789,2026-09-10 11:36:56.662789
23382,4360,Current,323312.63,INR,BR002,ACTIVE,2023-02-26,2026-09-10 11:36:56.662789,2026-09-10 11:36:56.662789
23383,2731,Savings,324583.18,INR,BR001,ACTIVE,2024-08-10,2026-09-10 11:36:56.662789,2026-09-10 11:36:56.662789
23384,2790,Savings,470238.00,INR,BR004,ACTIVE,2020-10-05,2026-09-10 11:36:56.662789,2026-09-10 11:36:56.662789
23385,4663,Current,149936.78,INR,BR002,ACTIVE,2024-03-27,2026-09-10 11:36:56.662789,2026-09-10 11:36:56.662789
23386,2015,Savings,95562.58,INR,BR002,ACTIVE,2020-06-27,2026-09-10 11:36:56.662789,2026-09-10 11:36:56.662789
23387,3523,Current,308574.79,INR,BR003,ACTIVE,2021-04-05,2026-09-10 11:36:56.662789,2026-09-10 11:36:56.662789
23388,3804,Savings,282271.86,INR,BR003,ACTIVE,2020-11-03,2026-09-10 11:36:56.662789,2026-09-10 11:36:56.662789
23389,3651,Savings,359150.66,INR,BR003,ACTIVE,2020-10-03,2026-09-10 11:36:56.662789,2026-09-10 11:36:56.662789
23390,3974,Savings,442678.57,INR,BR002,ACTIVE,2021-01-30,2026-09-10 11:36:56.662789,2026-09-10 11:36:56.662789
23391,2030,Current,280312.85,INR,BR002,ACTIVE,2023-06-25,2026-09-10 11:36:56.662789,2026-09-10 11:36:56.662789
23392,3841,Current,75887.55,INR,BR003,ACTIVE,2023-10-15,2026-09-10 11:36:56.662789,2026-09-10 11:36:56.662789
23393,1412,Savings,299466.34,INR,BR003,ACTIVE,2020-03-28,2026-09-10 11:36:56.662789,2026-09-10 11:36:56.662789
23394,2982,Savings,187676.68,INR,BR004,ACTIVE,2023-06-11,2026-09-10 11:36:56.662789,2026-09-10 11:36:56.662789
23395,1662,Savings,226914.78,INR,BR002,ACTIVE,2023-10-25,2026-09-10 11:36:56.662789,2026-09-10 11:36:56.662789
23396,2348,Current,479782.71,INR,BR002,ACTIVE,2022-10-19,2026-09-10 11:36:56.662789,2026-09-10 11:36:56.662789
23397,4471,Savings,277918.58,INR,BR001,ACTIVE,2022-12-17,2026-09-10 11:36:56.662789,2026-09-10 11:36:56.662789
23398,2306,Current,75673.93,INR,BR003,ACTIVE,2020-02-09,2026-09-10 11:36:56.662789,2026-09-10 11:36:56.662789
23399,1191,Savings,222136.14,INR,BR003,ACTIVE,2022-03-27,2026-09-10 11:36:56.662789,2026-09-10 11:36:56.662789
23400,3834,Savings,114986.82,INR,BR003,ACTIVE,2023-04-02,2026-09-10 11:36:56.662789,2026-09-10 11:36:56.662789
23401,1585,Savings,68605.76,INR,BR002,ACTIVE,2022-07-21,2026-09-10 11:36:56.662789,2026-09-10 11:36:56.662789
23402,1959,Savings,356404.82,INR,BR004,ACTIVE,2020-11-06,2026-09-10 11:36:56.662789,2026-09-10 11:36:56.662789
23403,2854,Savings,314655.97,INR,BR002,ACTIVE,2022-03-09,2026-09-10 11:36:56.662789,2026-09-10 11:36:56.662789
23404,1500,Current,249396.64,INR,BR001,ACTIVE,2023-07-21,2026-09-10 11:36:56.662789,2026-09-10 11:36:56.662789
23405,1580,Savings,212195.91,INR,BR001,ACTIVE,2024-01-27,2026-09-10 11:36:56.662789,2026-09-10 11:36:56.662789
23406,1816,Savings,161786.65,INR,BR004,ACTIVE,2022-01-02,2026-09-10 11:36:56.662789,2026-09-10 11:36:56.662789
23407,4506,Current,44916.35,INR,BR003,ACTIVE,2023-03-08,2026-09-10 11:36:56.662789,2026-09-10 11:36:56.662789
23408,4135,Current,150335.55,INR,BR001,ACTIVE,2020-04-14,2026-09-10 11:36:56.662789,2026-09-10 11:36:56.662789
23409,2477,Savings,419358.92,INR,BR002,ACTIVE,2023-09-12,2026-09-10 11:36:56.662789,2026-09-10 11:36:56.662789
23410,2517,Savings,392054.02,INR,BR001,ACTIVE,2021-08-10,2026-09-10 11:36:56.662789,2026-09-10 11:36:56.662789
23411,2670,Savings,486186.54,INR,BR001,ACTIVE,2022-04-12,2026-09-10 11:36:56.662789,2026-09-10 11:36:56.662789
23412,4514,Savings,328377.49,INR,BR004,ACTIVE,2020-01-01,2026-09-10 11:36:56.662789,2026-09-10 11:36:56.662789
23413,3038,Savings,277266.24,INR,BR004,ACTIVE,2021-02-12,2026-09-10 11:36:56.662789,2026-09-10 11:36:56.662789
23414,2331,Savings,148726.20,INR,BR002,ACTIVE,2022-03-05,2026-09-10 11:36:56.662789,2026-09-10 11:36:56.662789
23415,1780,Savings,39353.26,INR,BR003,ACTIVE,2021-07-28,2026-09-10 11:36:56.662789,2026-09-10 11:36:56.662789
23416,4807,Current,309391.15,INR,BR004,ACTIVE,2024-10-25,2026-09-10 11:36:56.662789,2026-09-10 11:36:56.662789
23417,3991,Current,244592.93,INR,BR004,ACTIVE,2023-01-13,2026-09-10 11:36:56.662789,2026-09-10 11:36:56.662789
23418,2150,Current,379778.18,INR,BR003,ACTIVE,2024-10-30,2026-09-10 11:36:56.662789,2026-09-10 11:36:56.662789
23419,3313,Current,206517.11,INR,BR001,ACTIVE,2021-07-29,2026-09-10 11:36:56.662789,2026-09-10 11:36:56.662789
23420,1007,Savings,492790.13,INR,BR002,ACTIVE,2023-02-12,2026-09-10 11:36:56.662789,2026-09-10 11:36:56.662789
23421,2437,Savings,199408.42,INR,BR002,ACTIVE,2024-05-13,2026-09-10 11:36:56.662789,2026-09-10 11:36:56.662789
23422,4278,Savings,167202.75,INR,BR001,ACTIVE,2021-02-09,2026-09-10 11:36:56.662789,2026-09-10 11:36:56.662789
23423,4251,Savings,435622.20,INR,BR003,ACTIVE,2023-09-25,2026-09-10 11:36:56.662789,2026-09-10 11:36:56.662789
23424,4540,Savings,198357.71,INR,BR003,ACTIVE,2021-05-14,2026-09-10 11:36:56.662789,2026-09-10 11:36:56.662789
23425,4568,Savings,435577.76,INR,BR004,ACTIVE,2023-12-14,2026-09-10 11:36:56.662789,2026-09-10 11:36:56.662789
23426,1695,Current,14649.79,INR,BR003,ACTIVE,2024-02-28,2026-09-10 11:36:56.662789,2026-09-10 11:36:56.662789
23427,1992,Savings,346604.06,INR,BR002,ACTIVE,2022-10-04,2026-09-10 11:36:56.662789,2026-09-10 11:36:56.662789
23428,2467,Current,36854.58,INR,BR002,ACTIVE,2023-11-27,2026-09-10 11:36:56.662789,2026-09-10 11:36:56.662789
23429,2976,Savings,74968.00,INR,BR002,ACTIVE,2024-05-22,2026-09-10 11:36:56.662789,2026-09-10 11:36:56.662789
23430,3966,Savings,350337.43,INR,BR003,ACTIVE,2022-02-11,2026-09-10 11:36:56.662789,2026-09-10 11:36:56.662789
23431,4300,Savings,145571.95,INR,BR001,ACTIVE,2021-12-26,2026-09-10 11:36:56.662789,2026-09-10 11:36:56.662789
23432,1748,Savings,106006.27,INR,BR002,ACTIVE,2024-11-17,2026-09-10 11:36:56.662789,2026-09-10 11:36:56.662789
23433,1146,Savings,400961.54,INR,BR002,ACTIVE,2021-09-03,2026-09-10 11:36:56.662789,2026-09-10 11:36:56.662789
23434,4642,Savings,473177.19,INR,BR001,ACTIVE,2024-08-24,2026-09-10 11:36:56.662789,2026-09-10 11:36:56.662789
23435,4368,Savings,116957.94,INR,BR004,ACTIVE,2022-05-01,2026-09-10 11:36:56.662789,2026-09-10 11:36:56.662789
23436,3289,Current,159280.78,INR,BR003,ACTIVE,2024-07-10,2026-09-10 11:36:56.662789,2026-09-10 11:36:56.662789
23437,1857,Savings,357322.58,INR,BR002,ACTIVE,2022-04-14,2026-09-10 11:36:56.662789,2026-09-10 11:36:56.662789
23438,1287,Savings,407831.14,INR,BR003,ACTIVE,2023-05-13,2026-09-10 11:36:56.662789,2026-09-10 11:36:56.662789
23439,1952,Current,499581.99,INR,BR002,ACTIVE,2021-07-25,2026-09-10 11:36:56.662789,2026-09-10 11:36:56.662789
23440,4747,Savings,137411.99,INR,BR002,ACTIVE,2022-02-28,2026-09-10 11:36:56.662789,2026-09-10 11:36:56.662789
23441,1026,Savings,278752.68,INR,BR004,ACTIVE,2024-01-31,2026-09-10 11:36:56.662789,2026-09-10 11:36:56.662789
23442,1452,Savings,67875.45,INR,BR001,ACTIVE,2022-05-28,2026-09-10 11:36:56.662789,2026-09-10 11:36:56.662789
23443,3154,Savings,166089.21,INR,BR001,ACTIVE,2022-01-08,2026-09-10 11:36:56.662789,2026-09-10 11:36:56.662789
23444,1240,Savings,23439.32,INR,BR001,ACTIVE,2020-03-20,2026-09-10 11:36:56.662789,2026-09-10 11:36:56.662789
23445,4924,Savings,106208.43,INR,BR004,ACTIVE,2023-04-17,2026-09-10 11:36:56.662789,2026-09-10 11:36:56.662789
23446,4490,Savings,253765.94,INR,BR004,ACTIVE,2024-02-10,2026-09-10 11:36:56.662789,2026-09-10 11:36:56.662789
23447,1332,Savings,82715.80,INR,BR001,ACTIVE,2021-10-05,2026-09-10 11:36:56.662789,2026-09-10 11:36:56.662789
23448,3960,Current,444802.27,INR,BR003,ACTIVE,2024-10-31,2026-09-10 11:36:56.662789,2026-09-10 11:36:56.662789
23449,2915,Savings,355444.20,INR,BR003,ACTIVE,2023-06-05,2026-09-10 11:36:56.662789,2026-09-10 11:36:56.662789
23450,2066,Current,14840.27,INR,BR004,ACTIVE,2024-12-03,2026-09-10 11:36:56.662789,2026-09-10 11:36:56.662789
23451,1645,Savings,438474.08,INR,BR003,ACTIVE,2022-03-15,2026-09-10 11:36:56.662789,2026-09-10 11:36:56.662789
23452,2853,Current,488683.18,INR,BR001,ACTIVE,2024-04-28,2026-09-10 11:36:56.662789,2026-09-10 11:36:56.662789
23453,4628,Current,251428.92,INR,BR002,ACTIVE,2023-02-15,2026-09-10 11:36:56.662789,2026-09-10 11:36:56.662789
23454,1035,Savings,157990.73,INR,BR003,ACTIVE,2020-02-02,2026-09-10 11:36:56.662789,2026-09-10 11:36:56.662789
23455,3924,Current,132468.76,INR,BR001,ACTIVE,2020-11-12,2026-09-10 11:36:56.662789,2026-09-10 11:36:56.662789
23456,4419,Savings,44622.33,INR,BR001,ACTIVE,2024-10-18,2026-09-10 11:36:56.662789,2026-09-10 11:36:56.662789
23457,3432,Savings,246313.08,INR,BR001,ACTIVE,2021-09-22,2026-09-10 11:36:56.662789,2026-09-10 11:36:56.662789
23458,4585,Savings,26019.87,INR,BR003,ACTIVE,2023-05-28,2026-09-10 11:36:56.662789,2026-09-10 11:36:56.662789
23459,4810,Current,252414.76,INR,BR002,ACTIVE,2020-09-18,2026-09-10 11:36:56.662789,2026-09-10 11:36:56.662789
23460,1811,Current,127021.67,INR,BR003,ACTIVE,2024-11-09,2026-09-10 11:36:56.662789,2026-09-10 11:36:56.662789
23461,2312,Savings,238739.55,INR,BR001,ACTIVE,2021-04-20,2026-09-10 11:36:56.662789,2026-09-10 11:36:56.662789
23462,3796,Savings,209773.68,INR,BR001,ACTIVE,2023-06-15,2026-09-10 11:36:56.662789,2026-09-10 11:36:56.662789
23463,2895,Savings,153252.01,INR,BR001,ACTIVE,2023-01-17,2026-09-10 11:36:56.662789,2026-09-10 11:36:56.662789
23464,4007,Savings,224870.48,INR,BR004,ACTIVE,2020-12-13,2026-09-10 11:36:56.662789,2026-09-10 11:36:56.662789
23465,2057,Savings,237542.91,INR,BR003,ACTIVE,2022-12-28,2026-09-10 11:36:56.662789,2026-09-10 11:36:56.662789
23466,3143,Savings,417012.19,INR,BR002,ACTIVE,2021-12-14,2026-09-10 11:36:56.662789,2026-09-10 11:36:56.662789
23467,4068,Savings,333225.89,INR,BR003,ACTIVE,2020-05-02,2026-09-10 11:36:56.662789,2026-09-10 11:36:56.662789
23468,1205,Current,217145.14,INR,BR001,ACTIVE,2020-06-15,2026-09-10 11:36:56.662789,2026-09-10 11:36:56.662789
23469,4693,Savings,452715.73,INR,BR001,ACTIVE,2021-01-25,2026-09-10 11:36:56.662789,2026-09-10 11:36:56.662789
23470,3882,Current,378114.65,INR,BR004,ACTIVE,2021-09-21,2026-09-10 11:36:56.662789,2026-09-10 11:36:56.662789
23471,3078,Savings,38782.73,INR,BR001,ACTIVE,2022-03-25,2026-09-10 11:36:56.662789,2026-09-10 11:36:56.662789
23472,3314,Current,77719.17,INR,BR003,ACTIVE,2021-04-12,2026-09-10 11:36:56.662789,2026-09-10 11:36:56.662789
23473,3071,Savings,41752.27,INR,BR003,ACTIVE,2024-05-06,2026-09-10 11:36:56.662789,2026-09-10 11:36:56.662789
23474,3657,Savings,160112.82,INR,BR003,ACTIVE,2021-11-25,2026-09-10 11:36:56.662789,2026-09-10 11:36:56.662789
23475,1039,Savings,218387.66,INR,BR001,ACTIVE,2021-07-28,2026-09-10 11:36:56.662789,2026-09-10 11:36:56.662789
23476,1173,Current,252618.72,INR,BR004,ACTIVE,2020-04-19,2026-09-10 11:36:56.662789,2026-09-10 11:36:56.662789
23477,1760,Savings,425854.69,INR,BR003,ACTIVE,2021-05-13,2026-09-10 11:36:56.662789,2026-09-10 11:36:56.662789
23478,2915,Savings,9960.19,INR,BR002,ACTIVE,2023-12-11,2026-09-10 11:36:56.662789,2026-09-10 11:36:56.662789
23479,4485,Savings,214715.91,INR,BR002,ACTIVE,2022-12-04,2026-09-10 11:36:56.662789,2026-09-10 11:36:56.662789
23480,1414,Savings,206088.19,INR,BR002,ACTIVE,2024-11-15,2026-09-10 11:36:56.662789,2026-09-10 11:36:56.662789
23481,4746,Savings,473790.49,INR,BR003,ACTIVE,2022-06-27,2026-09-10 11:36:56.662789,2026-09-10 11:36:56.662789
23482,1692,Savings,121277.42,INR,BR004,ACTIVE,2020-06-17,2026-09-10 11:36:56.662789,2026-09-10 11:36:56.662789
23483,3663,Savings,62080.50,INR,BR001,ACTIVE,2020-05-30,2026-09-10 11:36:56.662789,2026-09-10 11:36:56.662789
23484,3257,Savings,71987.85,INR,BR004,ACTIVE,2025-01-07,2026-09-10 11:36:56.662789,2026-09-10 11:36:56.662789
23485,1022,Savings,260551.22,INR,BR001,ACTIVE,2023-07-20,2026-09-10 11:36:56.662789,2026-09-10 11:36:56.662789
23486,3053,Current,196061.00,INR,BR001,ACTIVE,2022-07-05,2026-09-10 11:36:56.662789,2026-09-10 11:36:56.662789
23487,3699,Savings,377316.87,INR,BR001,ACTIVE,2024-09-19,2026-09-10 11:36:56.662789,2026-09-10 11:36:56.662789
23488,1214,Savings,162268.00,INR,BR001,ACTIVE,2021-04-13,2026-09-10 11:36:56.662789,2026-09-10 11:36:56.662789
23489,2696,Savings,64852.91,INR,BR003,ACTIVE,2024-08-09,2026-09-10 11:36:56.662789,2026-09-10 11:36:56.662789
23490,1920,Savings,194051.02,INR,BR002,ACTIVE,2022-01-25,2026-09-10 11:36:56.662789,2026-09-10 11:36:56.662789
23491,1907,Savings,441634.77,INR,BR003,ACTIVE,2022-07-06,2026-09-10 11:36:56.662789,2026-09-10 11:36:56.662789
23492,4211,Savings,203357.75,INR,BR004,ACTIVE,2020-09-30,2026-09-10 11:36:56.662789,2026-09-10 11:36:56.662789
23493,4729,Current,416980.23,INR,BR001,ACTIVE,2022-04-18,2026-09-10 11:36:56.662789,2026-09-10 11:36:56.662789
23494,3720,Current,186393.51,INR,BR003,ACTIVE,2020-05-08,2026-09-10 11:36:56.662789,2026-09-10 11:36:56.662789
23495,4667,Current,141411.43,INR,BR003,ACTIVE,2022-06-08,2026-09-10 11:36:56.662789,2026-09-10 11:36:56.662789
23496,3715,Savings,387656.50,INR,BR003,ACTIVE,2021-02-11,2026-09-10 11:36:56.662789,2026-09-10 11:36:56.662789
23497,1800,Savings,105408.03,INR,BR001,ACTIVE,2020-10-24,2026-09-10 11:36:56.662789,2026-09-10 11:36:56.662789
23498,3365,Current,116683.52,INR,BR001,ACTIVE,2022-08-10,2026-09-10 11:36:56.662789,2026-09-10 11:36:56.662789
23499,1793,Savings,25856.61,INR,BR001,ACTIVE,2024-05-23,2026-09-10 11:36:56.662789,2026-09-10 11:36:56.662789
23500,1576,Savings,94735.01,INR,BR003,ACTIVE,2020-07-21,2026-09-10 11:36:56.662789,2026-09-10 11:36:56.662789
23501,2728,Savings,190028.88,INR,BR003,ACTIVE,2021-11-28,2026-09-10 11:36:56.662789,2026-09-10 11:36:56.662789
23502,4228,Savings,200386.78,INR,BR004,ACTIVE,2022-02-21,2026-09-10 11:36:56.662789,2026-09-10 11:36:56.662789
23503,2448,Savings,210893.42,INR,BR002,ACTIVE,2023-08-03,2026-09-10 11:36:56.662789,2026-09-10 11:36:56.662789
23504,4572,Savings,240366.78,INR,BR002,ACTIVE,2021-12-29,2026-09-10 11:36:56.662789,2026-09-10 11:36:56.662789
23505,1091,Savings,286383.40,INR,BR001,ACTIVE,2021-01-08,2026-09-10 11:36:56.662789,2026-09-10 11:36:56.662789
23506,4726,Current,95525.08,INR,BR002,ACTIVE,2020-07-12,2026-09-10 11:36:56.662789,2026-09-10 11:36:56.662789
23507,2066,Savings,307358.15,INR,BR001,ACTIVE,2023-09-15,2026-09-10 11:36:56.662789,2026-09-10 11:36:56.662789
23508,1761,Savings,168940.74,INR,BR001,ACTIVE,2021-03-20,2026-09-10 11:36:56.662789,2026-09-10 11:36:56.662789
23509,4367,Savings,367271.36,INR,BR003,ACTIVE,2022-08-20,2026-09-10 11:36:56.662789,2026-09-10 11:36:56.662789
23510,1770,Current,279045.02,INR,BR002,ACTIVE,2020-01-30,2026-09-10 11:36:56.662789,2026-09-10 11:36:56.662789
23511,2361,Savings,277580.04,INR,BR004,ACTIVE,2024-12-30,2026-09-10 11:36:56.662789,2026-09-10 11:36:56.662789
23512,3049,Savings,343058.01,INR,BR001,ACTIVE,2025-01-27,2026-09-10 11:36:56.662789,2026-09-10 11:36:56.662789
23513,3157,Current,167176.48,INR,BR001,ACTIVE,2024-11-02,2026-09-10 11:36:56.662789,2026-09-10 11:36:56.662789
23514,3976,Savings,215187.24,INR,BR004,ACTIVE,2022-04-10,2026-09-10 11:36:56.662789,2026-09-10 11:36:56.662789
23515,3003,Savings,291866.04,INR,BR002,ACTIVE,2021-10-22,2026-09-10 11:36:56.662789,2026-09-10 11:36:56.662789
23516,4197,Savings,211356.25,INR,BR004,ACTIVE,2020-04-05,2026-09-10 11:36:56.662789,2026-09-10 11:36:56.662789
23517,2088,Current,222684.48,INR,BR002,ACTIVE,2021-04-15,2026-09-10 11:36:56.662789,2026-09-10 11:36:56.662789
23518,1206,Savings,136971.05,INR,BR002,ACTIVE,2020-01-03,2026-09-10 11:36:56.662789,2026-09-10 11:36:56.662789
23519,4487,Savings,144405.13,INR,BR002,ACTIVE,2021-01-11,2026-09-10 11:36:56.662789,2026-09-10 11:36:56.662789
23520,3898,Savings,349779.75,INR,BR002,ACTIVE,2022-06-24,2026-09-10 11:36:56.662789,2026-09-10 11:36:56.662789
23521,4316,Savings,3136.29,INR,BR002,ACTIVE,2024-06-28,2026-09-10 11:36:56.662789,2026-09-10 11:36:56.662789
23522,3638,Savings,48549.92,INR,BR002,ACTIVE,2023-06-20,2026-09-10 11:36:56.662789,2026-09-10 11:36:56.662789
23523,1623,Savings,474456.13,INR,BR001,ACTIVE,2022-09-07,2026-09-10 11:36:56.662789,2026-09-10 11:36:56.662789
23524,2678,Current,94322.02,INR,BR003,ACTIVE,2023-12-18,2026-09-10 11:36:56.662789,2026-09-10 11:36:56.662789
23525,4288,Current,209642.33,INR,BR001,ACTIVE,2024-11-27,2026-09-10 11:36:56.662789,2026-09-10 11:36:56.662789
23526,4013,Savings,424992.88,INR,BR001,ACTIVE,2021-06-13,2026-09-10 11:36:56.662789,2026-09-10 11:36:56.662789
23527,2552,Savings,1051.08,INR,BR004,ACTIVE,2022-11-25,2026-09-10 11:36:56.662789,2026-09-10 11:36:56.662789
23528,4013,Savings,462664.42,INR,BR003,ACTIVE,2020-05-08,2026-09-10 11:36:56.662789,2026-09-10 11:36:56.662789
23529,4638,Savings,27690.82,INR,BR003,ACTIVE,2023-02-04,2026-09-10 11:36:56.662789,2026-09-10 11:36:56.662789
23530,3701,Savings,86263.66,INR,BR003,ACTIVE,2024-10-13,2026-09-10 11:36:56.662789,2026-09-10 11:36:56.662789
23531,4452,Savings,15522.67,INR,BR002,ACTIVE,2020-02-12,2026-09-10 11:36:56.662789,2026-09-10 11:36:56.662789
23532,2872,Savings,260240.50,INR,BR002,ACTIVE,2022-08-22,2026-09-10 11:36:56.662789,2026-09-10 11:36:56.662789
23533,1079,Current,471604.06,INR,BR002,ACTIVE,2022-07-14,2026-09-10 11:36:56.662789,2026-09-10 11:36:56.662789
23534,3463,Savings,419679.27,INR,BR001,ACTIVE,2021-01-22,2026-09-10 11:36:56.662789,2026-09-10 11:36:56.662789
23535,2477,Savings,320234.52,INR,BR003,ACTIVE,2020-11-30,2026-09-10 11:36:56.662789,2026-09-10 11:36:56.662789
23536,2173,Savings,93558.83,INR,BR003,ACTIVE,2021-08-17,2026-09-10 11:36:56.662789,2026-09-10 11:36:56.662789
23537,1639,Savings,434928.95,INR,BR001,ACTIVE,2022-07-03,2026-09-10 11:36:56.662789,2026-09-10 11:36:56.662789
23538,2694,Savings,377632.92,INR,BR002,ACTIVE,2024-12-20,2026-09-10 11:36:56.662789,2026-09-10 11:36:56.662789
23539,3839,Savings,134157.03,INR,BR004,ACTIVE,2022-06-23,2026-09-10 11:36:56.662789,2026-09-10 11:36:56.662789
23540,2062,Savings,402739.49,INR,BR003,ACTIVE,2022-04-17,2026-09-10 11:36:56.662789,2026-09-10 11:36:56.662789
23541,4229,Savings,438698.52,INR,BR001,ACTIVE,2020-09-07,2026-09-10 11:36:56.662789,2026-09-10 11:36:56.662789
23542,3381,Savings,349414.78,INR,BR002,ACTIVE,2021-01-19,2026-09-10 11:36:56.662789,2026-09-10 11:36:56.662789
23543,3336,Savings,51091.69,INR,BR001,ACTIVE,2020-06-17,2026-09-10 11:36:56.662789,2026-09-10 11:36:56.662789
23544,4184,Savings,492139.17,INR,BR004,ACTIVE,2023-02-28,2026-09-10 11:36:56.662789,2026-09-10 11:36:56.662789
23545,2726,Savings,38924.49,INR,BR004,ACTIVE,2023-05-16,2026-09-10 11:36:56.662789,2026-09-10 11:36:56.662789
23546,2642,Savings,327582.52,INR,BR002,ACTIVE,2021-06-08,2026-09-10 11:36:56.662789,2026-09-10 11:36:56.662789
23547,2115,Savings,56152.10,INR,BR001,ACTIVE,2023-09-22,2026-09-10 11:36:56.662789,2026-09-10 11:36:56.662789
23548,2890,Savings,452801.27,INR,BR002,ACTIVE,2023-08-11,2026-09-10 11:36:56.662789,2026-09-10 11:36:56.662789
23549,4885,Savings,175638.86,INR,BR001,ACTIVE,2024-06-15,2026-09-10 11:36:56.662789,2026-09-10 11:36:56.662789
23550,4121,Current,256240.01,INR,BR001,ACTIVE,2024-04-29,2026-09-10 11:36:56.662789,2026-09-10 11:36:56.662789
23551,1161,Current,90202.03,INR,BR004,ACTIVE,2023-09-17,2026-09-10 11:36:56.662789,2026-09-10 11:36:56.662789
23552,4588,Savings,273734.53,INR,BR001,ACTIVE,2022-08-15,2026-09-10 11:36:56.662789,2026-09-10 11:36:56.662789
23553,2426,Savings,469481.11,INR,BR001,ACTIVE,2022-06-30,2026-09-10 11:36:56.662789,2026-09-10 11:36:56.662789
23554,2734,Savings,450914.90,INR,BR004,ACTIVE,2020-02-04,2026-09-10 11:36:56.662789,2026-09-10 11:36:56.662789
23555,1320,Current,32884.06,INR,BR003,ACTIVE,2021-08-30,2026-09-10 11:36:56.662789,2026-09-10 11:36:56.662789
23556,3972,Savings,189750.99,INR,BR003,ACTIVE,2021-07-18,2026-09-10 11:36:56.662789,2026-09-10 11:36:56.662789
23557,3412,Savings,134448.25,INR,BR003,ACTIVE,2023-01-03,2026-09-10 11:36:56.662789,2026-09-10 11:36:56.662789
23558,4961,Savings,241199.38,INR,BR003,ACTIVE,2021-01-10,2026-09-10 11:36:56.662789,2026-09-10 11:36:56.662789
23559,4514,Savings,417030.85,INR,BR001,ACTIVE,2021-11-28,2026-09-10 11:36:56.662789,2026-09-10 11:36:56.662789
23560,3523,Savings,369687.04,INR,BR003,ACTIVE,2024-10-19,2026-09-10 11:36:56.662789,2026-09-10 11:36:56.662789
23561,4071,Current,172645.12,INR,BR003,ACTIVE,2021-09-30,2026-09-10 11:36:56.662789,2026-09-10 11:36:56.662789
23562,1766,Savings,191950.25,INR,BR001,ACTIVE,2021-05-16,2026-09-10 11:36:56.662789,2026-09-10 11:36:56.662789
23563,1602,Savings,327473.24,INR,BR003,ACTIVE,2021-01-10,2026-09-10 11:36:56.662789,2026-09-10 11:36:56.662789
23564,3360,Savings,97918.36,INR,BR003,ACTIVE,2022-06-22,2026-09-10 11:36:56.662789,2026-09-10 11:36:56.662789
23565,2556,Savings,52261.28,INR,BR002,ACTIVE,2024-03-27,2026-09-10 11:36:56.662789,2026-09-10 11:36:56.662789
23566,1589,Savings,122051.64,INR,BR003,ACTIVE,2023-08-13,2026-09-10 11:36:56.662789,2026-09-10 11:36:56.662789
23567,2244,Savings,62892.18,INR,BR002,ACTIVE,2025-01-30,2026-09-10 11:36:56.662789,2026-09-10 11:36:56.662789
23568,2698,Savings,176640.14,INR,BR003,ACTIVE,2020-10-03,2026-09-10 11:36:56.662789,2026-09-10 11:36:56.662789
23569,2521,Savings,468845.33,INR,BR001,ACTIVE,2022-07-08,2026-09-10 11:36:56.662789,2026-09-10 11:36:56.662789
23570,3391,Savings,61029.44,INR,BR003,ACTIVE,2022-09-01,2026-09-10 11:36:56.662789,2026-09-10 11:36:56.662789
23571,1906,Savings,409342.75,INR,BR004,ACTIVE,2024-07-25,2026-09-10 11:36:56.662789,2026-09-10 11:36:56.662789
23572,2651,Savings,267789.37,INR,BR001,ACTIVE,2021-01-07,2026-09-10 11:36:56.662789,2026-09-10 11:36:56.662789
23573,2118,Savings,316818.64,INR,BR003,ACTIVE,2021-06-20,2026-09-10 11:36:56.662789,2026-09-10 11:36:56.662789
23574,4990,Savings,85871.10,INR,BR003,ACTIVE,2020-09-30,2026-09-10 11:36:56.662789,2026-09-10 11:36:56.662789
23575,4205,Savings,76535.28,INR,BR001,ACTIVE,2022-11-05,2026-09-10 11:36:56.662789,2026-09-10 11:36:56.662789
23576,2525,Savings,82209.09,INR,BR004,ACTIVE,2020-04-01,2026-09-10 11:36:56.662789,2026-09-10 11:36:56.662789
23577,1172,Savings,333864.38,INR,BR001,ACTIVE,2022-05-08,2026-09-10 11:36:56.662789,2026-09-10 11:36:56.662789
23578,1626,Current,374146.35,INR,BR004,ACTIVE,2024-09-25,2026-09-10 11:36:56.662789,2026-09-10 11:36:56.662789
23579,3046,Savings,460202.23,INR,BR001,ACTIVE,2024-06-09,2026-09-10 11:36:56.662789,2026-09-10 11:36:56.662789
23580,4081,Savings,199697.98,INR,BR001,ACTIVE,2024-01-12,2026-09-10 11:36:56.662789,2026-09-10 11:36:56.662789
23581,4883,Savings,231522.72,INR,BR002,ACTIVE,2020-09-25,2026-09-10 11:36:56.662789,2026-09-10 11:36:56.662789
23582,4844,Savings,235327.91,INR,BR002,ACTIVE,2022-06-27,2026-09-10 11:36:56.662789,2026-09-10 11:36:56.662789
23583,1682,Savings,135679.05,INR,BR001,ACTIVE,2024-02-11,2026-09-10 11:36:56.662789,2026-09-10 11:36:56.662789
23584,2345,Savings,164788.09,INR,BR002,ACTIVE,2022-06-14,2026-09-10 11:36:56.662789,2026-09-10 11:36:56.662789
23585,4170,Current,423563.30,INR,BR003,ACTIVE,2023-08-21,2026-09-10 11:36:56.662789,2026-09-10 11:36:56.662789
23586,4241,Savings,172517.37,INR,BR003,ACTIVE,2024-11-29,2026-09-10 11:36:56.662789,2026-09-10 11:36:56.662789
23587,2984,Current,434678.95,INR,BR003,ACTIVE,2024-07-22,2026-09-10 11:36:56.662789,2026-09-10 11:36:56.662789
23588,1311,Savings,153328.59,INR,BR002,ACTIVE,2020-07-12,2026-09-10 11:36:56.662789,2026-09-10 11:36:56.662789
23589,4802,Savings,170601.70,INR,BR002,ACTIVE,2023-10-25,2026-09-10 11:36:56.662789,2026-09-10 11:36:56.662789
23590,3962,Savings,280580.16,INR,BR003,ACTIVE,2024-05-09,2026-09-10 11:36:56.662789,2026-09-10 11:36:56.662789
23591,2936,Savings,52460.30,INR,BR001,ACTIVE,2020-12-08,2026-09-10 11:36:56.662789,2026-09-10 11:36:56.662789
23592,4415,Savings,461109.07,INR,BR003,ACTIVE,2023-12-20,2026-09-10 11:36:56.662789,2026-09-10 11:36:56.662789
23593,3478,Savings,410379.52,INR,BR002,ACTIVE,2020-07-16,2026-09-10 11:36:56.662789,2026-09-10 11:36:56.662789
23594,3906,Savings,335581.41,INR,BR004,ACTIVE,2024-12-30,2026-09-10 11:36:56.662789,2026-09-10 11:36:56.662789
23595,2986,Current,494074.38,INR,BR003,ACTIVE,2023-10-16,2026-09-10 11:36:56.662789,2026-09-10 11:36:56.662789
23596,4628,Savings,8983.68,INR,BR003,ACTIVE,2023-09-12,2026-09-10 11:36:56.662789,2026-09-10 11:36:56.662789
23597,2524,Savings,206119.10,INR,BR002,ACTIVE,2024-10-07,2026-09-10 11:36:56.662789,2026-09-10 11:36:56.662789
23598,4845,Savings,429313.19,INR,BR002,ACTIVE,2020-10-20,2026-09-10 11:36:56.662789,2026-09-10 11:36:56.662789
23599,1285,Current,217075.62,INR,BR002,ACTIVE,2021-03-18,2026-09-10 11:36:56.662789,2026-09-10 11:36:56.662789
23600,4710,Current,3615.43,INR,BR002,ACTIVE,2021-06-24,2026-09-10 11:36:56.662789,2026-09-10 11:36:56.662789
23601,2284,Savings,79719.30,INR,BR003,ACTIVE,2020-08-14,2026-09-10 11:36:56.671379,2026-09-10 11:36:56.671379
23602,3543,Savings,217602.13,INR,BR002,ACTIVE,2024-05-15,2026-09-10 11:36:56.671379,2026-09-10 11:36:56.671379
23603,1355,Savings,334305.98,INR,BR004,ACTIVE,2023-10-22,2026-09-10 11:36:56.671379,2026-09-10 11:36:56.671379
23604,3262,Savings,82164.48,INR,BR001,ACTIVE,2020-11-18,2026-09-10 11:36:56.671379,2026-09-10 11:36:56.671379
23605,3865,Savings,224573.49,INR,BR002,ACTIVE,2024-06-13,2026-09-10 11:36:56.671379,2026-09-10 11:36:56.671379
23606,1200,Savings,7381.48,INR,BR002,ACTIVE,2021-12-13,2026-09-10 11:36:56.671379,2026-09-10 11:36:56.671379
23607,4308,Current,239272.76,INR,BR003,ACTIVE,2020-05-08,2026-09-10 11:36:56.671379,2026-09-10 11:36:56.671379
23608,3901,Current,448066.31,INR,BR001,ACTIVE,2021-09-23,2026-09-10 11:36:56.671379,2026-09-10 11:36:56.671379
23609,3184,Savings,298787.25,INR,BR001,ACTIVE,2024-04-21,2026-09-10 11:36:56.671379,2026-09-10 11:36:56.671379
23610,2914,Savings,220887.16,INR,BR001,ACTIVE,2022-06-17,2026-09-10 11:36:56.671379,2026-09-10 11:36:56.671379
23611,1948,Savings,81967.41,INR,BR002,ACTIVE,2022-03-06,2026-09-10 11:36:56.671379,2026-09-10 11:36:56.671379
23612,3676,Savings,102006.86,INR,BR003,ACTIVE,2022-06-18,2026-09-10 11:36:56.671379,2026-09-10 11:36:56.671379
23613,1917,Current,39178.47,INR,BR003,ACTIVE,2020-09-12,2026-09-10 11:36:56.671379,2026-09-10 11:36:56.671379
23614,4739,Savings,371463.11,INR,BR002,ACTIVE,2020-09-03,2026-09-10 11:36:56.671379,2026-09-10 11:36:56.671379
23615,4494,Savings,39490.50,INR,BR001,ACTIVE,2023-08-05,2026-09-10 11:36:56.671379,2026-09-10 11:36:56.671379
23616,4973,Savings,192590.47,INR,BR001,ACTIVE,2021-02-04,2026-09-10 11:36:56.671379,2026-09-10 11:36:56.671379
23617,2365,Current,375172.50,INR,BR003,ACTIVE,2024-09-06,2026-09-10 11:36:56.671379,2026-09-10 11:36:56.671379
23618,2853,Savings,356698.53,INR,BR004,ACTIVE,2023-12-06,2026-09-10 11:36:56.671379,2026-09-10 11:36:56.671379
23619,4976,Savings,289188.55,INR,BR002,ACTIVE,2021-01-09,2026-09-10 11:36:56.671379,2026-09-10 11:36:56.671379
23620,1342,Savings,286082.56,INR,BR004,ACTIVE,2023-03-09,2026-09-10 11:36:56.671379,2026-09-10 11:36:56.671379
23621,4602,Savings,46073.71,INR,BR004,ACTIVE,2024-07-08,2026-09-10 11:36:56.671379,2026-09-10 11:36:56.671379
23622,1388,Savings,88282.72,INR,BR001,ACTIVE,2024-11-21,2026-09-10 11:36:56.671379,2026-09-10 11:36:56.671379
23623,1004,Savings,267837.48,INR,BR004,ACTIVE,2020-12-19,2026-09-10 11:36:56.671379,2026-09-10 11:36:56.671379
23624,1677,Current,174692.08,INR,BR002,ACTIVE,2023-11-02,2026-09-10 11:36:56.671379,2026-09-10 11:36:56.671379
23625,2663,Current,10449.61,INR,BR003,ACTIVE,2023-09-17,2026-09-10 11:36:56.671379,2026-09-10 11:36:56.671379
23626,3447,Savings,399285.20,INR,BR002,ACTIVE,2022-08-04,2026-09-10 11:36:56.671379,2026-09-10 11:36:56.671379
23627,4494,Savings,327252.82,INR,BR002,ACTIVE,2020-02-15,2026-09-10 11:36:56.671379,2026-09-10 11:36:56.671379
23628,3459,Current,163566.95,INR,BR002,ACTIVE,2023-05-28,2026-09-10 11:36:56.671379,2026-09-10 11:36:56.671379
23629,1213,Savings,50004.39,INR,BR002,ACTIVE,2021-12-04,2026-09-10 11:36:56.671379,2026-09-10 11:36:56.671379
23630,1560,Savings,296009.18,INR,BR004,ACTIVE,2023-11-15,2026-09-10 11:36:56.671379,2026-09-10 11:36:56.671379
23631,1558,Savings,174926.23,INR,BR001,ACTIVE,2022-01-26,2026-09-10 11:36:56.671379,2026-09-10 11:36:56.671379
23632,3606,Savings,128439.28,INR,BR003,ACTIVE,2024-03-28,2026-09-10 11:36:56.671379,2026-09-10 11:36:56.671379
23633,4120,Savings,361013.16,INR,BR001,ACTIVE,2024-12-18,2026-09-10 11:36:56.671379,2026-09-10 11:36:56.671379
23634,4259,Savings,164746.88,INR,BR004,ACTIVE,2022-11-21,2026-09-10 11:36:56.671379,2026-09-10 11:36:56.671379
23635,3550,Savings,68888.20,INR,BR001,ACTIVE,2024-09-29,2026-09-10 11:36:56.671379,2026-09-10 11:36:56.671379
23636,4704,Savings,241345.22,INR,BR001,ACTIVE,2022-07-29,2026-09-10 11:36:56.671379,2026-09-10 11:36:56.671379
23637,3692,Savings,414404.43,INR,BR004,ACTIVE,2023-05-10,2026-09-10 11:36:56.671379,2026-09-10 11:36:56.671379
23638,2995,Savings,424979.73,INR,BR001,ACTIVE,2024-06-23,2026-09-10 11:36:56.671379,2026-09-10 11:36:56.671379
23639,3579,Current,424822.24,INR,BR003,ACTIVE,2022-03-02,2026-09-10 11:36:56.671379,2026-09-10 11:36:56.671379
23640,1953,Savings,211039.00,INR,BR004,ACTIVE,2024-11-17,2026-09-10 11:36:56.671379,2026-09-10 11:36:56.671379
23641,3835,Savings,395676.17,INR,BR003,ACTIVE,2023-01-06,2026-09-10 11:36:56.671379,2026-09-10 11:36:56.671379
23642,1475,Savings,425265.15,INR,BR001,ACTIVE,2025-01-02,2026-09-10 11:36:56.671379,2026-09-10 11:36:56.671379
23643,2768,Savings,230309.57,INR,BR002,ACTIVE,2023-12-13,2026-09-10 11:36:56.671379,2026-09-10 11:36:56.671379
23644,1042,Savings,160050.96,INR,BR002,ACTIVE,2024-06-12,2026-09-10 11:36:56.671379,2026-09-10 11:36:56.671379
23645,3652,Current,351280.31,INR,BR004,ACTIVE,2024-03-25,2026-09-10 11:36:56.671379,2026-09-10 11:36:56.671379
23646,4333,Savings,452330.17,INR,BR002,ACTIVE,2021-12-27,2026-09-10 11:36:56.671379,2026-09-10 11:36:56.671379
23647,3096,Savings,486104.09,INR,BR002,ACTIVE,2023-10-11,2026-09-10 11:36:56.671379,2026-09-10 11:36:56.671379
23648,4993,Savings,145822.18,INR,BR002,ACTIVE,2023-09-30,2026-09-10 11:36:56.671379,2026-09-10 11:36:56.671379
23649,2987,Current,478129.36,INR,BR004,ACTIVE,2023-09-25,2026-09-10 11:36:56.671379,2026-09-10 11:36:56.671379
23650,4866,Savings,250141.84,INR,BR003,ACTIVE,2024-01-14,2026-09-10 11:36:56.671379,2026-09-10 11:36:56.671379
23651,4658,Savings,153711.32,INR,BR002,ACTIVE,2024-08-23,2026-09-10 11:36:56.671379,2026-09-10 11:36:56.671379
23652,1728,Savings,494210.66,INR,BR004,ACTIVE,2022-05-21,2026-09-10 11:36:56.671379,2026-09-10 11:36:56.671379
23653,4518,Savings,439026.18,INR,BR003,ACTIVE,2025-01-03,2026-09-10 11:36:56.671379,2026-09-10 11:36:56.671379
23654,3269,Savings,346515.88,INR,BR004,ACTIVE,2023-03-07,2026-09-10 11:36:56.671379,2026-09-10 11:36:56.671379
23655,2645,Savings,447576.17,INR,BR002,ACTIVE,2024-12-14,2026-09-10 11:36:56.671379,2026-09-10 11:36:56.671379
23656,4719,Savings,341062.45,INR,BR002,ACTIVE,2020-11-13,2026-09-10 11:36:56.671379,2026-09-10 11:36:56.671379
23657,1940,Savings,220761.50,INR,BR001,ACTIVE,2024-02-01,2026-09-10 11:36:56.671379,2026-09-10 11:36:56.671379
23658,1343,Savings,474076.73,INR,BR001,ACTIVE,2024-09-19,2026-09-10 11:36:56.671379,2026-09-10 11:36:56.671379
23659,4310,Savings,481660.59,INR,BR001,ACTIVE,2024-09-21,2026-09-10 11:36:56.671379,2026-09-10 11:36:56.671379
23660,3203,Savings,157773.37,INR,BR003,ACTIVE,2021-06-06,2026-09-10 11:36:56.671379,2026-09-10 11:36:56.671379
23661,3986,Savings,177843.27,INR,BR004,ACTIVE,2021-10-14,2026-09-10 11:36:56.671379,2026-09-10 11:36:56.671379
23662,1841,Current,191977.50,INR,BR003,ACTIVE,2020-01-10,2026-09-10 11:36:56.671379,2026-09-10 11:36:56.671379
23663,3028,Savings,411250.83,INR,BR001,ACTIVE,2020-02-22,2026-09-10 11:36:56.671379,2026-09-10 11:36:56.671379
23664,4128,Savings,395781.68,INR,BR001,ACTIVE,2021-12-15,2026-09-10 11:36:56.671379,2026-09-10 11:36:56.671379
23665,3435,Savings,491574.44,INR,BR002,ACTIVE,2024-04-14,2026-09-10 11:36:56.671379,2026-09-10 11:36:56.671379
23666,1894,Savings,233141.62,INR,BR003,ACTIVE,2024-08-11,2026-09-10 11:36:56.671379,2026-09-10 11:36:56.671379
23667,2933,Savings,368646.78,INR,BR002,ACTIVE,2021-03-27,2026-09-10 11:36:56.671379,2026-09-10 11:36:56.671379
23668,4782,Savings,428503.51,INR,BR002,ACTIVE,2025-01-09,2026-09-10 11:36:56.671379,2026-09-10 11:36:56.671379
23669,2339,Savings,111393.99,INR,BR004,ACTIVE,2022-04-23,2026-09-10 11:36:56.671379,2026-09-10 11:36:56.671379
23670,1038,Savings,310657.16,INR,BR001,ACTIVE,2023-04-26,2026-09-10 11:36:56.671379,2026-09-10 11:36:56.671379
23671,2365,Savings,274306.13,INR,BR002,ACTIVE,2024-05-29,2026-09-10 11:36:56.671379,2026-09-10 11:36:56.671379
23672,1851,Savings,371670.68,INR,BR002,ACTIVE,2022-03-26,2026-09-10 11:36:56.671379,2026-09-10 11:36:56.671379
23673,3777,Savings,348018.56,INR,BR001,ACTIVE,2021-03-15,2026-09-10 11:36:56.671379,2026-09-10 11:36:56.671379
23674,1231,Savings,406583.51,INR,BR001,ACTIVE,2021-11-08,2026-09-10 11:36:56.671379,2026-09-10 11:36:56.671379
23675,3500,Savings,156261.45,INR,BR004,ACTIVE,2022-12-25,2026-09-10 11:36:56.671379,2026-09-10 11:36:56.671379
23676,2366,Savings,108961.84,INR,BR004,ACTIVE,2024-02-09,2026-09-10 11:36:56.671379,2026-09-10 11:36:56.671379
23677,4525,Current,402794.17,INR,BR002,ACTIVE,2022-10-07,2026-09-10 11:36:56.671379,2026-09-10 11:36:56.671379
23678,3305,Savings,180921.15,INR,BR002,ACTIVE,2022-10-08,2026-09-10 11:36:56.671379,2026-09-10 11:36:56.671379
23679,3482,Savings,144499.21,INR,BR002,ACTIVE,2024-03-15,2026-09-10 11:36:56.671379,2026-09-10 11:36:56.671379
23680,1209,Current,169072.44,INR,BR003,ACTIVE,2022-07-21,2026-09-10 11:36:56.671379,2026-09-10 11:36:56.671379
23681,2225,Savings,34110.64,INR,BR004,ACTIVE,2020-01-10,2026-09-10 11:36:56.671379,2026-09-10 11:36:56.671379
23682,3185,Savings,386799.03,INR,BR002,ACTIVE,2021-04-08,2026-09-10 11:36:56.671379,2026-09-10 11:36:56.671379
23683,4712,Savings,357864.67,INR,BR001,ACTIVE,2021-10-02,2026-09-10 11:36:56.671379,2026-09-10 11:36:56.671379
23684,3613,Current,276793.53,INR,BR004,ACTIVE,2020-03-23,2026-09-10 11:36:56.671379,2026-09-10 11:36:56.671379
23685,3904,Savings,358326.40,INR,BR004,ACTIVE,2021-01-10,2026-09-10 11:36:56.671379,2026-09-10 11:36:56.671379
23686,4466,Savings,187193.45,INR,BR002,ACTIVE,2024-06-09,2026-09-10 11:36:56.671379,2026-09-10 11:36:56.671379
23687,4668,Savings,148389.17,INR,BR003,ACTIVE,2020-01-04,2026-09-10 11:36:56.671379,2026-09-10 11:36:56.671379
23688,3769,Current,431288.19,INR,BR002,ACTIVE,2022-07-16,2026-09-10 11:36:56.671379,2026-09-10 11:36:56.671379
23689,3893,Savings,211804.83,INR,BR003,ACTIVE,2024-10-17,2026-09-10 11:36:56.671379,2026-09-10 11:36:56.671379
23690,4869,Savings,98760.17,INR,BR003,ACTIVE,2021-02-22,2026-09-10 11:36:56.671379,2026-09-10 11:36:56.671379
23691,3084,Savings,374772.91,INR,BR001,ACTIVE,2022-06-14,2026-09-10 11:36:56.671379,2026-09-10 11:36:56.671379
23692,2239,Current,168600.06,INR,BR002,ACTIVE,2021-07-18,2026-09-10 11:36:56.671379,2026-09-10 11:36:56.671379
23693,3075,Savings,106713.80,INR,BR003,ACTIVE,2024-04-29,2026-09-10 11:36:56.671379,2026-09-10 11:36:56.671379
23694,4730,Savings,14579.92,INR,BR004,ACTIVE,2020-08-10,2026-09-10 11:36:56.671379,2026-09-10 11:36:56.671379
23695,3066,Savings,485330.28,INR,BR002,ACTIVE,2023-05-12,2026-09-10 11:36:56.671379,2026-09-10 11:36:56.671379
23696,1630,Savings,234177.40,INR,BR003,ACTIVE,2024-01-29,2026-09-10 11:36:56.671379,2026-09-10 11:36:56.671379
23697,4209,Savings,81717.18,INR,BR004,ACTIVE,2025-01-11,2026-09-10 11:36:56.671379,2026-09-10 11:36:56.671379
23698,1579,Savings,379147.77,INR,BR001,ACTIVE,2024-10-28,2026-09-10 11:36:56.671379,2026-09-10 11:36:56.671379
23699,1903,Current,443937.91,INR,BR001,ACTIVE,2020-12-13,2026-09-10 11:36:56.671379,2026-09-10 11:36:56.671379
23700,2850,Savings,264456.03,INR,BR002,ACTIVE,2023-01-05,2026-09-10 11:36:56.671379,2026-09-10 11:36:56.671379
23701,4023,Current,15151.37,INR,BR002,ACTIVE,2022-07-26,2026-09-10 11:36:56.671379,2026-09-10 11:36:56.671379
23702,2054,Savings,183206.34,INR,BR002,ACTIVE,2021-11-04,2026-09-10 11:36:56.671379,2026-09-10 11:36:56.671379
23703,4145,Savings,122307.72,INR,BR002,ACTIVE,2020-11-02,2026-09-10 11:36:56.671379,2026-09-10 11:36:56.671379
23704,1123,Savings,318562.34,INR,BR002,ACTIVE,2020-10-08,2026-09-10 11:36:56.671379,2026-09-10 11:36:56.671379
23705,1957,Savings,259910.04,INR,BR003,ACTIVE,2023-09-13,2026-09-10 11:36:56.671379,2026-09-10 11:36:56.671379
23706,2001,Savings,178512.69,INR,BR004,ACTIVE,2022-06-18,2026-09-10 11:36:56.671379,2026-09-10 11:36:56.671379
23707,1987,Savings,324604.06,INR,BR002,ACTIVE,2024-05-25,2026-09-10 11:36:56.671379,2026-09-10 11:36:56.671379
23708,2252,Savings,292630.21,INR,BR004,ACTIVE,2020-03-20,2026-09-10 11:36:56.671379,2026-09-10 11:36:56.671379
23709,1338,Savings,453338.57,INR,BR003,ACTIVE,2023-06-07,2026-09-10 11:36:56.671379,2026-09-10 11:36:56.671379
23710,1991,Savings,298804.67,INR,BR003,ACTIVE,2025-01-21,2026-09-10 11:36:56.671379,2026-09-10 11:36:56.671379
23711,3321,Current,254348.23,INR,BR003,ACTIVE,2021-06-19,2026-09-10 11:36:56.671379,2026-09-10 11:36:56.671379
23712,4830,Current,412011.37,INR,BR002,ACTIVE,2024-02-07,2026-09-10 11:36:56.671379,2026-09-10 11:36:56.671379
23713,2461,Savings,102007.41,INR,BR001,ACTIVE,2022-02-26,2026-09-10 11:36:56.671379,2026-09-10 11:36:56.671379
23714,1902,Savings,122538.74,INR,BR001,ACTIVE,2022-11-26,2026-09-10 11:36:56.671379,2026-09-10 11:36:56.671379
23715,3087,Savings,392002.99,INR,BR002,ACTIVE,2021-09-25,2026-09-10 11:36:56.671379,2026-09-10 11:36:56.671379
23716,4993,Savings,221732.76,INR,BR002,ACTIVE,2022-08-04,2026-09-10 11:36:56.671379,2026-09-10 11:36:56.671379
23717,3730,Savings,205208.70,INR,BR002,ACTIVE,2023-03-10,2026-09-10 11:36:56.671379,2026-09-10 11:36:56.671379
23718,1426,Savings,443651.90,INR,BR003,ACTIVE,2020-08-04,2026-09-10 11:36:56.671379,2026-09-10 11:36:56.671379
23719,3363,Current,305444.41,INR,BR001,ACTIVE,2023-12-29,2026-09-10 11:36:56.671379,2026-09-10 11:36:56.671379
23720,1614,Savings,401651.66,INR,BR001,ACTIVE,2022-12-26,2026-09-10 11:36:56.671379,2026-09-10 11:36:56.671379
23721,4878,Savings,405109.60,INR,BR004,ACTIVE,2022-03-05,2026-09-10 11:36:56.671379,2026-09-10 11:36:56.671379
23722,4581,Savings,60893.30,INR,BR004,ACTIVE,2022-08-15,2026-09-10 11:36:56.671379,2026-09-10 11:36:56.671379
23723,4999,Savings,327197.50,INR,BR001,ACTIVE,2024-12-23,2026-09-10 11:36:56.671379,2026-09-10 11:36:56.671379
23724,3803,Savings,476305.65,INR,BR001,ACTIVE,2021-12-15,2026-09-10 11:36:56.671379,2026-09-10 11:36:56.671379
23725,3205,Current,240533.52,INR,BR003,ACTIVE,2023-04-16,2026-09-10 11:36:56.671379,2026-09-10 11:36:56.671379
23726,1872,Current,366359.03,INR,BR004,ACTIVE,2023-11-01,2026-09-10 11:36:56.671379,2026-09-10 11:36:56.671379
23727,3825,Current,283799.72,INR,BR002,ACTIVE,2022-01-23,2026-09-10 11:36:56.671379,2026-09-10 11:36:56.671379
23728,3305,Current,103218.14,INR,BR003,ACTIVE,2020-04-17,2026-09-10 11:36:56.671379,2026-09-10 11:36:56.671379
23729,3000,Current,98401.63,INR,BR004,ACTIVE,2020-07-22,2026-09-10 11:36:56.671379,2026-09-10 11:36:56.671379
23730,2894,Current,217482.75,INR,BR002,ACTIVE,2020-04-23,2026-09-10 11:36:56.671379,2026-09-10 11:36:56.671379
23731,3903,Savings,242012.30,INR,BR002,ACTIVE,2022-10-21,2026-09-10 11:36:56.671379,2026-09-10 11:36:56.671379
23732,1635,Savings,252063.09,INR,BR001,ACTIVE,2021-08-18,2026-09-10 11:36:56.671379,2026-09-10 11:36:56.671379
23733,3504,Savings,477545.38,INR,BR001,ACTIVE,2023-12-01,2026-09-10 11:36:56.671379,2026-09-10 11:36:56.671379
23734,3095,Savings,51027.02,INR,BR002,ACTIVE,2022-07-13,2026-09-10 11:36:56.671379,2026-09-10 11:36:56.671379
23735,4404,Savings,190882.84,INR,BR002,ACTIVE,2024-09-12,2026-09-10 11:36:56.671379,2026-09-10 11:36:56.671379
23736,3058,Current,257759.17,INR,BR001,ACTIVE,2024-09-20,2026-09-10 11:36:56.671379,2026-09-10 11:36:56.671379
23737,3192,Savings,481593.26,INR,BR001,ACTIVE,2021-05-27,2026-09-10 11:36:56.671379,2026-09-10 11:36:56.671379
23738,2455,Savings,252653.09,INR,BR001,ACTIVE,2023-12-20,2026-09-10 11:36:56.671379,2026-09-10 11:36:56.671379
23739,4883,Savings,387862.58,INR,BR001,ACTIVE,2020-07-08,2026-09-10 11:36:56.671379,2026-09-10 11:36:56.671379
23740,4224,Savings,374889.78,INR,BR004,ACTIVE,2020-01-15,2026-09-10 11:36:56.671379,2026-09-10 11:36:56.671379
23741,1487,Savings,283655.58,INR,BR001,ACTIVE,2023-01-05,2026-09-10 11:36:56.671379,2026-09-10 11:36:56.671379
23742,4208,Savings,66220.85,INR,BR003,ACTIVE,2022-01-28,2026-09-10 11:36:56.671379,2026-09-10 11:36:56.671379
23743,4659,Savings,110160.60,INR,BR003,ACTIVE,2021-01-24,2026-09-10 11:36:56.671379,2026-09-10 11:36:56.671379
23744,2897,Savings,120829.99,INR,BR003,ACTIVE,2020-03-22,2026-09-10 11:36:56.671379,2026-09-10 11:36:56.671379
23745,4098,Savings,20291.16,INR,BR001,ACTIVE,2021-01-30,2026-09-10 11:36:56.671379,2026-09-10 11:36:56.671379
23746,4079,Savings,190229.79,INR,BR002,ACTIVE,2023-02-26,2026-09-10 11:36:56.671379,2026-09-10 11:36:56.671379
23747,3639,Savings,305646.35,INR,BR002,ACTIVE,2021-01-29,2026-09-10 11:36:56.671379,2026-09-10 11:36:56.671379
23748,4087,Savings,72988.88,INR,BR004,ACTIVE,2020-01-14,2026-09-10 11:36:56.671379,2026-09-10 11:36:56.671379
23749,2456,Savings,88342.97,INR,BR001,ACTIVE,2023-08-21,2026-09-10 11:36:56.671379,2026-09-10 11:36:56.671379
23750,3947,Savings,353786.18,INR,BR003,ACTIVE,2021-10-06,2026-09-10 11:36:56.671379,2026-09-10 11:36:56.671379
23751,4472,Savings,85457.44,INR,BR002,ACTIVE,2021-07-19,2026-09-10 11:36:56.671379,2026-09-10 11:36:56.671379
23752,1207,Savings,68532.45,INR,BR001,ACTIVE,2024-10-07,2026-09-10 11:36:56.671379,2026-09-10 11:36:56.671379
23753,2625,Current,488943.10,INR,BR003,ACTIVE,2023-04-25,2026-09-10 11:36:56.671379,2026-09-10 11:36:56.671379
23754,4681,Savings,8352.91,INR,BR003,ACTIVE,2020-11-01,2026-09-10 11:36:56.671379,2026-09-10 11:36:56.671379
23755,3958,Savings,163378.68,INR,BR003,ACTIVE,2022-09-21,2026-09-10 11:36:56.671379,2026-09-10 11:36:56.671379
23756,4288,Current,18433.39,INR,BR003,ACTIVE,2020-02-11,2026-09-10 11:36:56.671379,2026-09-10 11:36:56.671379
23757,2526,Current,419186.05,INR,BR003,ACTIVE,2023-08-21,2026-09-10 11:36:56.671379,2026-09-10 11:36:56.671379
23758,2483,Savings,292184.32,INR,BR004,ACTIVE,2021-04-01,2026-09-10 11:36:56.671379,2026-09-10 11:36:56.671379
23759,1259,Current,24927.97,INR,BR003,ACTIVE,2024-08-07,2026-09-10 11:36:56.671379,2026-09-10 11:36:56.671379
23760,2353,Current,308065.71,INR,BR004,ACTIVE,2021-04-06,2026-09-10 11:36:56.671379,2026-09-10 11:36:56.671379
23761,1454,Savings,62425.10,INR,BR003,ACTIVE,2024-05-31,2026-09-10 11:36:56.671379,2026-09-10 11:36:56.671379
23762,1799,Savings,248370.57,INR,BR003,ACTIVE,2021-05-04,2026-09-10 11:36:56.671379,2026-09-10 11:36:56.671379
23763,1375,Savings,335037.04,INR,BR003,ACTIVE,2021-03-30,2026-09-10 11:36:56.671379,2026-09-10 11:36:56.671379
23764,3512,Savings,75105.01,INR,BR003,ACTIVE,2024-02-21,2026-09-10 11:36:56.671379,2026-09-10 11:36:56.671379
23765,1075,Savings,249028.15,INR,BR004,ACTIVE,2020-02-14,2026-09-10 11:36:56.671379,2026-09-10 11:36:56.671379
23766,1242,Savings,229248.05,INR,BR001,ACTIVE,2024-10-25,2026-09-10 11:36:56.671379,2026-09-10 11:36:56.671379
23767,2041,Current,457959.49,INR,BR002,ACTIVE,2022-10-23,2026-09-10 11:36:56.671379,2026-09-10 11:36:56.671379
23768,2713,Current,497855.00,INR,BR004,ACTIVE,2021-11-21,2026-09-10 11:36:56.671379,2026-09-10 11:36:56.671379
23769,4331,Current,327582.75,INR,BR004,ACTIVE,2020-06-12,2026-09-10 11:36:56.671379,2026-09-10 11:36:56.671379
23770,1123,Savings,427574.72,INR,BR004,ACTIVE,2020-12-02,2026-09-10 11:36:56.671379,2026-09-10 11:36:56.671379
23771,3003,Savings,323794.10,INR,BR001,ACTIVE,2020-02-04,2026-09-10 11:36:56.671379,2026-09-10 11:36:56.671379
23772,4383,Current,438266.84,INR,BR002,ACTIVE,2022-02-05,2026-09-10 11:36:56.671379,2026-09-10 11:36:56.671379
23773,3159,Savings,217202.75,INR,BR001,ACTIVE,2022-07-10,2026-09-10 11:36:56.671379,2026-09-10 11:36:56.671379
23774,4328,Savings,304386.94,INR,BR002,ACTIVE,2024-05-30,2026-09-10 11:36:56.671379,2026-09-10 11:36:56.671379
23775,3282,Current,422739.59,INR,BR002,ACTIVE,2020-06-16,2026-09-10 11:36:56.671379,2026-09-10 11:36:56.671379
23776,4016,Savings,459124.77,INR,BR002,ACTIVE,2020-03-04,2026-09-10 11:36:56.671379,2026-09-10 11:36:56.671379
23777,1497,Savings,13316.68,INR,BR001,ACTIVE,2020-06-08,2026-09-10 11:36:56.671379,2026-09-10 11:36:56.671379
23778,4940,Savings,52872.39,INR,BR002,ACTIVE,2024-11-17,2026-09-10 11:36:56.671379,2026-09-10 11:36:56.671379
23779,4112,Savings,465654.86,INR,BR003,ACTIVE,2021-02-12,2026-09-10 11:36:56.671379,2026-09-10 11:36:56.671379
23780,2146,Savings,284685.88,INR,BR004,ACTIVE,2020-10-01,2026-09-10 11:36:56.671379,2026-09-10 11:36:56.671379
23781,2474,Savings,495105.85,INR,BR002,ACTIVE,2021-07-18,2026-09-10 11:36:56.671379,2026-09-10 11:36:56.671379
23782,1727,Savings,396523.89,INR,BR004,ACTIVE,2024-03-24,2026-09-10 11:36:56.671379,2026-09-10 11:36:56.671379
23783,2832,Current,409251.95,INR,BR001,ACTIVE,2020-04-21,2026-09-10 11:36:56.671379,2026-09-10 11:36:56.671379
23784,2822,Savings,193675.13,INR,BR001,ACTIVE,2020-08-18,2026-09-10 11:36:56.671379,2026-09-10 11:36:56.671379
23785,2817,Savings,129513.15,INR,BR003,ACTIVE,2023-02-05,2026-09-10 11:36:56.671379,2026-09-10 11:36:56.671379
23786,4591,Savings,299531.33,INR,BR002,ACTIVE,2023-11-05,2026-09-10 11:36:56.671379,2026-09-10 11:36:56.671379
23787,1092,Savings,439637.02,INR,BR004,ACTIVE,2024-09-20,2026-09-10 11:36:56.671379,2026-09-10 11:36:56.671379
23788,4433,Current,363123.56,INR,BR004,ACTIVE,2023-06-22,2026-09-10 11:36:56.671379,2026-09-10 11:36:56.671379
23789,2970,Savings,236615.39,INR,BR004,ACTIVE,2023-04-09,2026-09-10 11:36:56.671379,2026-09-10 11:36:56.671379
23790,4195,Savings,376847.04,INR,BR001,ACTIVE,2022-01-08,2026-09-10 11:36:56.671379,2026-09-10 11:36:56.671379
23791,3385,Savings,345508.41,INR,BR002,ACTIVE,2024-08-05,2026-09-10 11:36:56.671379,2026-09-10 11:36:56.671379
23792,4680,Savings,456612.66,INR,BR003,ACTIVE,2023-07-04,2026-09-10 11:36:56.671379,2026-09-10 11:36:56.671379
23793,1513,Current,132515.05,INR,BR003,ACTIVE,2020-10-20,2026-09-10 11:36:56.671379,2026-09-10 11:36:56.671379
23794,1603,Current,60536.42,INR,BR001,ACTIVE,2022-08-21,2026-09-10 11:36:56.671379,2026-09-10 11:36:56.671379
23795,1428,Savings,235555.53,INR,BR002,ACTIVE,2021-05-23,2026-09-10 11:36:56.671379,2026-09-10 11:36:56.671379
23796,3020,Current,181179.32,INR,BR003,ACTIVE,2021-10-27,2026-09-10 11:36:56.671379,2026-09-10 11:36:56.671379
23797,2457,Savings,487455.71,INR,BR003,ACTIVE,2020-01-20,2026-09-10 11:36:56.671379,2026-09-10 11:36:56.671379
23798,1007,Savings,4744.59,INR,BR001,ACTIVE,2021-03-06,2026-09-10 11:36:56.671379,2026-09-10 11:36:56.671379
23799,3168,Savings,466758.15,INR,BR004,ACTIVE,2023-04-12,2026-09-10 11:36:56.671379,2026-09-10 11:36:56.671379
23800,3435,Savings,477584.53,INR,BR003,ACTIVE,2021-10-16,2026-09-10 11:36:56.671379,2026-09-10 11:36:56.671379
23801,2374,Savings,26428.23,INR,BR001,ACTIVE,2021-11-05,2026-09-10 11:36:56.671379,2026-09-10 11:36:56.671379
23802,1641,Current,444895.36,INR,BR003,ACTIVE,2020-02-25,2026-09-10 11:36:56.671379,2026-09-10 11:36:56.671379
23803,4763,Savings,235918.64,INR,BR003,ACTIVE,2023-01-26,2026-09-10 11:36:56.671379,2026-09-10 11:36:56.671379
23804,2122,Savings,383309.22,INR,BR001,ACTIVE,2022-04-18,2026-09-10 11:36:56.671379,2026-09-10 11:36:56.671379
23805,2067,Savings,40548.51,INR,BR001,ACTIVE,2020-08-17,2026-09-10 11:36:56.671379,2026-09-10 11:36:56.671379
23806,3231,Savings,477647.59,INR,BR002,ACTIVE,2023-12-01,2026-09-10 11:36:56.671379,2026-09-10 11:36:56.671379
23807,3745,Savings,304166.69,INR,BR003,ACTIVE,2022-06-09,2026-09-10 11:36:56.671379,2026-09-10 11:36:56.671379
23808,1565,Savings,449448.46,INR,BR004,ACTIVE,2021-10-21,2026-09-10 11:36:56.671379,2026-09-10 11:36:56.671379
23809,4812,Savings,336808.58,INR,BR004,ACTIVE,2021-05-17,2026-09-10 11:36:56.671379,2026-09-10 11:36:56.671379
23810,2697,Savings,268868.34,INR,BR002,ACTIVE,2024-02-27,2026-09-10 11:36:56.671379,2026-09-10 11:36:56.671379
23811,4307,Savings,87075.35,INR,BR002,ACTIVE,2023-10-13,2026-09-10 11:36:56.671379,2026-09-10 11:36:56.671379
23812,1446,Savings,89799.11,INR,BR001,ACTIVE,2024-10-12,2026-09-10 11:36:56.671379,2026-09-10 11:36:56.671379
23813,4942,Savings,236812.58,INR,BR004,ACTIVE,2024-10-06,2026-09-10 11:36:56.671379,2026-09-10 11:36:56.671379
23814,2931,Savings,435350.67,INR,BR003,ACTIVE,2024-02-25,2026-09-10 11:36:56.671379,2026-09-10 11:36:56.671379
23815,1200,Current,58494.12,INR,BR001,ACTIVE,2022-12-12,2026-09-10 11:36:56.671379,2026-09-10 11:36:56.671379
23816,3996,Savings,499194.19,INR,BR003,ACTIVE,2021-10-20,2026-09-10 11:36:56.671379,2026-09-10 11:36:56.671379
23817,1513,Savings,438080.22,INR,BR004,ACTIVE,2025-01-18,2026-09-10 11:36:56.671379,2026-09-10 11:36:56.671379
23818,4598,Savings,196886.83,INR,BR001,ACTIVE,2024-07-20,2026-09-10 11:36:56.671379,2026-09-10 11:36:56.671379
23819,1990,Savings,127306.05,INR,BR003,ACTIVE,2024-10-15,2026-09-10 11:36:56.671379,2026-09-10 11:36:56.671379
23820,3261,Savings,461076.05,INR,BR002,ACTIVE,2021-04-22,2026-09-10 11:36:56.671379,2026-09-10 11:36:56.671379
23821,2402,Savings,62482.60,INR,BR003,ACTIVE,2025-01-05,2026-09-10 11:36:56.671379,2026-09-10 11:36:56.671379
23822,2813,Savings,174297.68,INR,BR003,ACTIVE,2024-11-06,2026-09-10 11:36:56.671379,2026-09-10 11:36:56.671379
23823,1546,Savings,42872.26,INR,BR001,ACTIVE,2021-10-31,2026-09-10 11:36:56.671379,2026-09-10 11:36:56.671379
23824,3534,Current,476777.68,INR,BR004,ACTIVE,2024-02-13,2026-09-10 11:36:56.671379,2026-09-10 11:36:56.671379
23825,3010,Savings,309193.85,INR,BR003,ACTIVE,2022-11-16,2026-09-10 11:36:56.671379,2026-09-10 11:36:56.671379
23826,4433,Current,168753.64,INR,BR003,ACTIVE,2023-09-24,2026-09-10 11:36:56.671379,2026-09-10 11:36:56.671379
23827,2806,Current,138466.10,INR,BR003,ACTIVE,2022-10-02,2026-09-10 11:36:56.671379,2026-09-10 11:36:56.671379
23828,3216,Savings,222603.05,INR,BR003,ACTIVE,2021-04-08,2026-09-10 11:36:56.671379,2026-09-10 11:36:56.671379
23829,1890,Current,46597.86,INR,BR002,ACTIVE,2022-08-01,2026-09-10 11:36:56.671379,2026-09-10 11:36:56.671379
23830,1931,Savings,444785.12,INR,BR004,ACTIVE,2023-07-17,2026-09-10 11:36:56.671379,2026-09-10 11:36:56.671379
23831,4754,Current,255959.25,INR,BR004,ACTIVE,2023-03-15,2026-09-10 11:36:56.671379,2026-09-10 11:36:56.671379
23832,4666,Savings,362823.96,INR,BR001,ACTIVE,2020-08-19,2026-09-10 11:36:56.671379,2026-09-10 11:36:56.671379
23833,4476,Savings,117639.18,INR,BR003,ACTIVE,2023-05-07,2026-09-10 11:36:56.671379,2026-09-10 11:36:56.671379
23834,1828,Savings,252370.88,INR,BR001,ACTIVE,2022-04-15,2026-09-10 11:36:56.671379,2026-09-10 11:36:56.671379
23835,3185,Savings,106331.98,INR,BR002,ACTIVE,2024-09-11,2026-09-10 11:36:56.671379,2026-09-10 11:36:56.671379
23836,4305,Savings,408231.21,INR,BR002,ACTIVE,2022-10-17,2026-09-10 11:36:56.671379,2026-09-10 11:36:56.671379
23837,3163,Current,387862.23,INR,BR003,ACTIVE,2021-11-15,2026-09-10 11:36:56.671379,2026-09-10 11:36:56.671379
23838,2276,Current,74952.96,INR,BR001,ACTIVE,2021-10-05,2026-09-10 11:36:56.671379,2026-09-10 11:36:56.671379
23839,2517,Savings,38178.94,INR,BR001,ACTIVE,2023-04-13,2026-09-10 11:36:56.671379,2026-09-10 11:36:56.671379
23840,2313,Savings,412274.17,INR,BR004,ACTIVE,2021-01-21,2026-09-10 11:36:56.671379,2026-09-10 11:36:56.671379
23841,2073,Savings,55714.30,INR,BR001,ACTIVE,2021-02-23,2026-09-10 11:36:56.671379,2026-09-10 11:36:56.671379
23842,4524,Current,274693.51,INR,BR002,ACTIVE,2021-10-08,2026-09-10 11:36:56.671379,2026-09-10 11:36:56.671379
23843,1516,Savings,267709.16,INR,BR002,ACTIVE,2023-05-28,2026-09-10 11:36:56.671379,2026-09-10 11:36:56.671379
23844,2915,Current,102269.09,INR,BR003,ACTIVE,2021-09-20,2026-09-10 11:36:56.671379,2026-09-10 11:36:56.671379
23845,1688,Savings,296086.88,INR,BR001,ACTIVE,2021-08-18,2026-09-10 11:36:56.671379,2026-09-10 11:36:56.671379
23846,2020,Savings,251874.85,INR,BR001,ACTIVE,2024-06-23,2026-09-10 11:36:56.671379,2026-09-10 11:36:56.671379
23847,2296,Savings,255085.42,INR,BR002,ACTIVE,2021-09-10,2026-09-10 11:36:56.671379,2026-09-10 11:36:56.671379
23848,4503,Savings,180490.29,INR,BR003,ACTIVE,2021-08-05,2026-09-10 11:36:56.671379,2026-09-10 11:36:56.671379
23849,2050,Savings,419375.85,INR,BR004,ACTIVE,2024-01-23,2026-09-10 11:36:56.671379,2026-09-10 11:36:56.671379
23850,2094,Savings,43100.91,INR,BR004,ACTIVE,2023-01-03,2026-09-10 11:36:56.671379,2026-09-10 11:36:56.671379
23851,3341,Savings,219872.90,INR,BR003,ACTIVE,2024-03-17,2026-09-10 11:36:56.671379,2026-09-10 11:36:56.671379
23852,4478,Savings,130648.36,INR,BR003,ACTIVE,2023-06-12,2026-09-10 11:36:56.671379,2026-09-10 11:36:56.671379
23853,2258,Savings,424368.19,INR,BR004,ACTIVE,2023-04-27,2026-09-10 11:36:56.671379,2026-09-10 11:36:56.671379
23854,3279,Savings,113315.16,INR,BR002,ACTIVE,2022-06-27,2026-09-10 11:36:56.671379,2026-09-10 11:36:56.671379
23855,4335,Savings,383745.39,INR,BR001,ACTIVE,2021-12-25,2026-09-10 11:36:56.671379,2026-09-10 11:36:56.671379
23856,3986,Savings,306146.15,INR,BR004,ACTIVE,2023-10-19,2026-09-10 11:36:56.671379,2026-09-10 11:36:56.671379
23857,4870,Savings,437520.34,INR,BR003,ACTIVE,2024-09-07,2026-09-10 11:36:56.671379,2026-09-10 11:36:56.671379
23858,2610,Savings,297303.18,INR,BR003,ACTIVE,2022-03-15,2026-09-10 11:36:56.671379,2026-09-10 11:36:56.671379
23859,2145,Savings,278685.70,INR,BR001,ACTIVE,2024-05-16,2026-09-10 11:36:56.671379,2026-09-10 11:36:56.671379
23860,4535,Current,400763.84,INR,BR003,ACTIVE,2024-01-08,2026-09-10 11:36:56.671379,2026-09-10 11:36:56.671379
23861,1518,Savings,281680.75,INR,BR002,ACTIVE,2023-05-20,2026-09-10 11:36:56.671379,2026-09-10 11:36:56.671379
23862,4096,Current,422426.49,INR,BR003,ACTIVE,2022-10-26,2026-09-10 11:36:56.671379,2026-09-10 11:36:56.671379
23863,1706,Current,25609.70,INR,BR001,ACTIVE,2025-01-05,2026-09-10 11:36:56.671379,2026-09-10 11:36:56.671379
23864,4752,Savings,248079.78,INR,BR004,ACTIVE,2023-10-06,2026-09-10 11:36:56.671379,2026-09-10 11:36:56.671379
23865,3425,Savings,406533.07,INR,BR002,ACTIVE,2024-07-16,2026-09-10 11:36:56.671379,2026-09-10 11:36:56.671379
23866,4572,Savings,424334.21,INR,BR003,ACTIVE,2021-10-11,2026-09-10 11:36:56.671379,2026-09-10 11:36:56.671379
23867,2935,Savings,417193.63,INR,BR001,ACTIVE,2025-01-16,2026-09-10 11:36:56.671379,2026-09-10 11:36:56.671379
23868,3485,Savings,302586.28,INR,BR004,ACTIVE,2024-05-07,2026-09-10 11:36:56.671379,2026-09-10 11:36:56.671379
23869,3901,Savings,496991.70,INR,BR004,ACTIVE,2021-05-21,2026-09-10 11:36:56.671379,2026-09-10 11:36:56.671379
23870,2746,Savings,91511.77,INR,BR001,ACTIVE,2020-12-15,2026-09-10 11:36:56.671379,2026-09-10 11:36:56.671379
23871,2669,Current,88054.33,INR,BR004,ACTIVE,2022-11-20,2026-09-10 11:36:56.671379,2026-09-10 11:36:56.671379
23872,4929,Savings,17378.51,INR,BR004,ACTIVE,2023-10-03,2026-09-10 11:36:56.671379,2026-09-10 11:36:56.671379
23873,4876,Savings,494679.25,INR,BR004,ACTIVE,2022-11-10,2026-09-10 11:36:56.671379,2026-09-10 11:36:56.671379
23874,1970,Savings,174662.23,INR,BR004,ACTIVE,2023-02-18,2026-09-10 11:36:56.671379,2026-09-10 11:36:56.671379
23875,3547,Savings,381265.04,INR,BR001,ACTIVE,2020-10-11,2026-09-10 11:36:56.671379,2026-09-10 11:36:56.671379
23876,2198,Savings,30795.45,INR,BR001,ACTIVE,2021-04-27,2026-09-10 11:36:56.671379,2026-09-10 11:36:56.671379
23877,2687,Savings,150045.37,INR,BR003,ACTIVE,2024-05-12,2026-09-10 11:36:56.671379,2026-09-10 11:36:56.671379
23878,3648,Savings,312299.82,INR,BR003,ACTIVE,2022-01-17,2026-09-10 11:36:56.671379,2026-09-10 11:36:56.671379
23879,4885,Savings,262865.27,INR,BR002,ACTIVE,2021-08-05,2026-09-10 11:36:56.671379,2026-09-10 11:36:56.671379
23880,2533,Savings,104666.37,INR,BR004,ACTIVE,2020-09-16,2026-09-10 11:36:56.671379,2026-09-10 11:36:56.671379
23881,1778,Savings,231334.86,INR,BR004,ACTIVE,2022-03-28,2026-09-10 11:36:56.671379,2026-09-10 11:36:56.671379
23882,2334,Current,55282.21,INR,BR002,ACTIVE,2023-03-28,2026-09-10 11:36:56.671379,2026-09-10 11:36:56.671379
23883,3118,Savings,271809.03,INR,BR001,ACTIVE,2021-05-07,2026-09-10 11:36:56.671379,2026-09-10 11:36:56.671379
23884,3253,Savings,49373.78,INR,BR001,ACTIVE,2024-11-26,2026-09-10 11:36:56.671379,2026-09-10 11:36:56.671379
23885,3389,Savings,318331.79,INR,BR002,ACTIVE,2023-04-18,2026-09-10 11:36:56.671379,2026-09-10 11:36:56.671379
23886,4104,Savings,78523.43,INR,BR003,ACTIVE,2020-01-18,2026-09-10 11:36:56.671379,2026-09-10 11:36:56.671379
23887,4115,Savings,273995.86,INR,BR003,ACTIVE,2022-05-16,2026-09-10 11:36:56.671379,2026-09-10 11:36:56.671379
23888,1118,Savings,65431.22,INR,BR004,ACTIVE,2020-01-31,2026-09-10 11:36:56.671379,2026-09-10 11:36:56.671379
23889,3937,Current,200954.51,INR,BR003,ACTIVE,2023-07-13,2026-09-10 11:36:56.671379,2026-09-10 11:36:56.671379
23890,1015,Savings,176563.94,INR,BR001,ACTIVE,2020-11-11,2026-09-10 11:36:56.671379,2026-09-10 11:36:56.671379
23891,2346,Savings,378448.94,INR,BR002,ACTIVE,2021-11-14,2026-09-10 11:36:56.671379,2026-09-10 11:36:56.671379
23892,3042,Savings,320939.66,INR,BR002,ACTIVE,2020-05-22,2026-09-10 11:36:56.671379,2026-09-10 11:36:56.671379
23893,3043,Savings,468607.32,INR,BR002,ACTIVE,2020-03-14,2026-09-10 11:36:56.671379,2026-09-10 11:36:56.671379
23894,1911,Savings,461033.42,INR,BR003,ACTIVE,2020-07-21,2026-09-10 11:36:56.671379,2026-09-10 11:36:56.671379
23895,3675,Savings,362773.02,INR,BR002,ACTIVE,2024-01-15,2026-09-10 11:36:56.671379,2026-09-10 11:36:56.671379
23896,4409,Savings,385522.28,INR,BR002,ACTIVE,2020-09-30,2026-09-10 11:36:56.671379,2026-09-10 11:36:56.671379
23897,2556,Savings,312831.30,INR,BR003,ACTIVE,2020-06-11,2026-09-10 11:36:56.671379,2026-09-10 11:36:56.671379
23898,1690,Savings,346139.95,INR,BR001,ACTIVE,2021-12-04,2026-09-10 11:36:56.671379,2026-09-10 11:36:56.671379
23899,1774,Savings,308993.96,INR,BR004,ACTIVE,2024-11-06,2026-09-10 11:36:56.671379,2026-09-10 11:36:56.671379
23900,2615,Savings,156570.75,INR,BR001,ACTIVE,2020-10-10,2026-09-10 11:36:56.671379,2026-09-10 11:36:56.671379
23901,4453,Savings,175994.10,INR,BR003,ACTIVE,2022-04-20,2026-09-10 11:36:56.671379,2026-09-10 11:36:56.671379
23902,2535,Savings,287792.18,INR,BR002,ACTIVE,2023-01-07,2026-09-10 11:36:56.671379,2026-09-10 11:36:56.671379
23903,3961,Current,360368.29,INR,BR004,ACTIVE,2022-03-19,2026-09-10 11:36:56.671379,2026-09-10 11:36:56.671379
23904,1120,Current,203653.40,INR,BR001,ACTIVE,2022-08-20,2026-09-10 11:36:56.671379,2026-09-10 11:36:56.671379
23905,3074,Savings,72191.23,INR,BR004,ACTIVE,2022-04-08,2026-09-10 11:36:56.671379,2026-09-10 11:36:56.671379
23906,4606,Savings,230249.17,INR,BR001,ACTIVE,2023-01-08,2026-09-10 11:36:56.671379,2026-09-10 11:36:56.671379
23907,2737,Savings,481630.72,INR,BR001,ACTIVE,2021-07-09,2026-09-10 11:36:56.671379,2026-09-10 11:36:56.671379
23908,1064,Current,107829.35,INR,BR003,ACTIVE,2021-11-10,2026-09-10 11:36:56.671379,2026-09-10 11:36:56.671379
23909,1460,Current,324885.47,INR,BR001,ACTIVE,2020-11-25,2026-09-10 11:36:56.671379,2026-09-10 11:36:56.671379
23910,2750,Savings,491288.36,INR,BR002,ACTIVE,2022-04-16,2026-09-10 11:36:56.671379,2026-09-10 11:36:56.671379
23911,3362,Savings,188742.62,INR,BR003,ACTIVE,2020-01-11,2026-09-10 11:36:56.671379,2026-09-10 11:36:56.671379
23912,3853,Savings,444053.92,INR,BR004,ACTIVE,2022-09-08,2026-09-10 11:36:56.671379,2026-09-10 11:36:56.671379
23913,2614,Savings,432140.35,INR,BR003,ACTIVE,2020-08-10,2026-09-10 11:36:56.671379,2026-09-10 11:36:56.671379
23914,4288,Current,170183.43,INR,BR001,ACTIVE,2021-01-28,2026-09-10 11:36:56.671379,2026-09-10 11:36:56.671379
23915,4528,Savings,50160.15,INR,BR004,ACTIVE,2022-06-04,2026-09-10 11:36:56.671379,2026-09-10 11:36:56.671379
23916,4034,Savings,90091.04,INR,BR002,ACTIVE,2024-02-21,2026-09-10 11:36:56.671379,2026-09-10 11:36:56.671379
23917,3784,Savings,183508.84,INR,BR003,ACTIVE,2024-11-15,2026-09-10 11:36:56.671379,2026-09-10 11:36:56.671379
23918,3937,Savings,479608.02,INR,BR001,ACTIVE,2020-01-29,2026-09-10 11:36:56.671379,2026-09-10 11:36:56.671379
23919,2564,Savings,137950.62,INR,BR004,ACTIVE,2021-07-06,2026-09-10 11:36:56.671379,2026-09-10 11:36:56.671379
23920,1982,Savings,463505.51,INR,BR002,ACTIVE,2022-03-13,2026-09-10 11:36:56.671379,2026-09-10 11:36:56.671379
23921,4889,Savings,91500.98,INR,BR002,ACTIVE,2021-06-27,2026-09-10 11:36:56.671379,2026-09-10 11:36:56.671379
23922,4785,Savings,484936.40,INR,BR003,ACTIVE,2023-09-10,2026-09-10 11:36:56.671379,2026-09-10 11:36:56.671379
23923,3627,Current,147508.66,INR,BR004,ACTIVE,2023-10-18,2026-09-10 11:36:56.671379,2026-09-10 11:36:56.671379
23924,4545,Current,316913.04,INR,BR001,ACTIVE,2021-12-02,2026-09-10 11:36:56.671379,2026-09-10 11:36:56.671379
23925,4431,Savings,35775.92,INR,BR004,ACTIVE,2024-03-23,2026-09-10 11:36:56.671379,2026-09-10 11:36:56.671379
23926,2150,Savings,150532.42,INR,BR002,ACTIVE,2020-07-13,2026-09-10 11:36:56.671379,2026-09-10 11:36:56.671379
23927,1972,Savings,106144.49,INR,BR004,ACTIVE,2023-03-24,2026-09-10 11:36:56.671379,2026-09-10 11:36:56.671379
23928,3909,Savings,2704.92,INR,BR003,ACTIVE,2020-11-13,2026-09-10 11:36:56.671379,2026-09-10 11:36:56.671379
23929,1707,Current,79228.12,INR,BR004,ACTIVE,2023-09-27,2026-09-10 11:36:56.671379,2026-09-10 11:36:56.671379
23930,2710,Savings,296958.72,INR,BR004,ACTIVE,2024-11-06,2026-09-10 11:36:56.671379,2026-09-10 11:36:56.671379
23931,4159,Current,195570.17,INR,BR003,ACTIVE,2023-11-06,2026-09-10 11:36:56.671379,2026-09-10 11:36:56.671379
23932,2367,Savings,361562.92,INR,BR004,ACTIVE,2024-10-04,2026-09-10 11:36:56.671379,2026-09-10 11:36:56.671379
23933,2847,Savings,335866.23,INR,BR003,ACTIVE,2024-11-24,2026-09-10 11:36:56.671379,2026-09-10 11:36:56.671379
23934,1395,Savings,399850.45,INR,BR003,ACTIVE,2024-04-23,2026-09-10 11:36:56.671379,2026-09-10 11:36:56.671379
23935,1484,Current,433645.49,INR,BR003,ACTIVE,2021-03-21,2026-09-10 11:36:56.671379,2026-09-10 11:36:56.671379
23936,1666,Savings,410092.93,INR,BR002,ACTIVE,2024-01-18,2026-09-10 11:36:56.671379,2026-09-10 11:36:56.671379
23937,1456,Current,224582.36,INR,BR004,ACTIVE,2022-11-03,2026-09-10 11:36:56.671379,2026-09-10 11:36:56.671379
23938,4548,Savings,155055.14,INR,BR003,ACTIVE,2023-11-03,2026-09-10 11:36:56.671379,2026-09-10 11:36:56.671379
23939,1210,Savings,251648.93,INR,BR001,ACTIVE,2021-05-21,2026-09-10 11:36:56.671379,2026-09-10 11:36:56.671379
23940,1525,Savings,268029.12,INR,BR001,ACTIVE,2021-11-16,2026-09-10 11:36:56.671379,2026-09-10 11:36:56.671379
23941,1676,Savings,157274.08,INR,BR002,ACTIVE,2020-12-07,2026-09-10 11:36:56.671379,2026-09-10 11:36:56.671379
23942,2002,Savings,270463.27,INR,BR003,ACTIVE,2024-01-30,2026-09-10 11:36:56.671379,2026-09-10 11:36:56.671379
23943,4839,Savings,53784.05,INR,BR003,ACTIVE,2023-09-18,2026-09-10 11:36:56.671379,2026-09-10 11:36:56.671379
23944,1896,Savings,116289.86,INR,BR002,ACTIVE,2023-08-25,2026-09-10 11:36:56.671379,2026-09-10 11:36:56.671379
23945,2004,Savings,373278.00,INR,BR004,ACTIVE,2020-12-27,2026-09-10 11:36:56.671379,2026-09-10 11:36:56.671379
23946,2600,Savings,92233.28,INR,BR003,ACTIVE,2024-11-16,2026-09-10 11:36:56.671379,2026-09-10 11:36:56.671379
23947,3355,Savings,70379.89,INR,BR003,ACTIVE,2021-08-09,2026-09-10 11:36:56.671379,2026-09-10 11:36:56.671379
23948,4148,Savings,144384.25,INR,BR001,ACTIVE,2024-12-19,2026-09-10 11:36:56.671379,2026-09-10 11:36:56.671379
23949,4094,Current,186153.51,INR,BR003,ACTIVE,2022-09-28,2026-09-10 11:36:56.671379,2026-09-10 11:36:56.671379
23950,1060,Savings,164945.79,INR,BR002,ACTIVE,2024-09-23,2026-09-10 11:36:56.671379,2026-09-10 11:36:56.671379
23951,1386,Savings,187928.09,INR,BR001,ACTIVE,2022-05-09,2026-09-10 11:36:56.671379,2026-09-10 11:36:56.671379
23952,3104,Savings,70816.26,INR,BR002,ACTIVE,2020-09-30,2026-09-10 11:36:56.671379,2026-09-10 11:36:56.671379
23953,3216,Savings,83532.18,INR,BR002,ACTIVE,2024-07-24,2026-09-10 11:36:56.671379,2026-09-10 11:36:56.671379
23954,2436,Savings,118681.65,INR,BR003,ACTIVE,2023-08-19,2026-09-10 11:36:56.671379,2026-09-10 11:36:56.671379
23955,3765,Savings,201594.02,INR,BR004,ACTIVE,2023-05-20,2026-09-10 11:36:56.671379,2026-09-10 11:36:56.671379
23956,3913,Savings,168613.65,INR,BR003,ACTIVE,2020-07-09,2026-09-10 11:36:56.671379,2026-09-10 11:36:56.671379
23957,2795,Savings,395876.13,INR,BR004,ACTIVE,2020-05-04,2026-09-10 11:36:56.671379,2026-09-10 11:36:56.671379
23958,4263,Savings,263233.44,INR,BR001,ACTIVE,2022-03-15,2026-09-10 11:36:56.671379,2026-09-10 11:36:56.671379
23959,3530,Savings,288274.81,INR,BR002,ACTIVE,2020-07-12,2026-09-10 11:36:56.671379,2026-09-10 11:36:56.671379
23960,2943,Savings,280735.87,INR,BR002,ACTIVE,2021-03-02,2026-09-10 11:36:56.671379,2026-09-10 11:36:56.671379
23961,2591,Savings,199988.75,INR,BR003,ACTIVE,2024-07-03,2026-09-10 11:36:56.671379,2026-09-10 11:36:56.671379
23962,4488,Savings,490261.17,INR,BR004,ACTIVE,2023-11-04,2026-09-10 11:36:56.671379,2026-09-10 11:36:56.671379
23963,3388,Current,19627.06,INR,BR002,ACTIVE,2024-11-06,2026-09-10 11:36:56.671379,2026-09-10 11:36:56.671379
23964,1796,Savings,108703.05,INR,BR002,ACTIVE,2023-12-23,2026-09-10 11:36:56.671379,2026-09-10 11:36:56.671379
23965,1892,Savings,143042.69,INR,BR004,ACTIVE,2021-10-15,2026-09-10 11:36:56.671379,2026-09-10 11:36:56.671379
23966,3824,Current,440767.74,INR,BR002,ACTIVE,2022-10-05,2026-09-10 11:36:56.671379,2026-09-10 11:36:56.671379
23967,2283,Current,459515.70,INR,BR002,ACTIVE,2024-02-11,2026-09-10 11:36:56.671379,2026-09-10 11:36:56.671379
23968,4422,Savings,423205.81,INR,BR002,ACTIVE,2024-09-17,2026-09-10 11:36:56.671379,2026-09-10 11:36:56.671379
23969,1601,Current,209058.54,INR,BR004,ACTIVE,2024-06-09,2026-09-10 11:36:56.671379,2026-09-10 11:36:56.671379
23970,3485,Savings,457397.32,INR,BR004,ACTIVE,2020-11-13,2026-09-10 11:36:56.671379,2026-09-10 11:36:56.671379
23971,2246,Current,50155.54,INR,BR001,ACTIVE,2022-10-07,2026-09-10 11:36:56.671379,2026-09-10 11:36:56.671379
23972,2437,Savings,326564.92,INR,BR002,ACTIVE,2021-05-14,2026-09-10 11:36:56.671379,2026-09-10 11:36:56.671379
23973,2374,Savings,468674.67,INR,BR002,ACTIVE,2024-11-17,2026-09-10 11:36:56.671379,2026-09-10 11:36:56.671379
23974,4554,Savings,377695.02,INR,BR001,ACTIVE,2023-03-08,2026-09-10 11:36:56.671379,2026-09-10 11:36:56.671379
23975,4673,Current,139655.72,INR,BR004,ACTIVE,2020-09-19,2026-09-10 11:36:56.671379,2026-09-10 11:36:56.671379
23976,2083,Savings,359035.40,INR,BR004,ACTIVE,2022-04-03,2026-09-10 11:36:56.671379,2026-09-10 11:36:56.671379
23977,1152,Savings,148086.92,INR,BR003,ACTIVE,2021-11-25,2026-09-10 11:36:56.671379,2026-09-10 11:36:56.671379
23978,1934,Savings,56679.47,INR,BR004,ACTIVE,2022-08-08,2026-09-10 11:36:56.671379,2026-09-10 11:36:56.671379
23979,3588,Savings,358893.55,INR,BR003,ACTIVE,2023-01-31,2026-09-10 11:36:56.671379,2026-09-10 11:36:56.671379
23980,3273,Savings,90434.10,INR,BR001,ACTIVE,2023-08-17,2026-09-10 11:36:56.671379,2026-09-10 11:36:56.671379
23981,2342,Savings,56421.40,INR,BR004,ACTIVE,2022-06-28,2026-09-10 11:36:56.671379,2026-09-10 11:36:56.671379
23982,3611,Savings,276328.27,INR,BR001,ACTIVE,2021-02-25,2026-09-10 11:36:56.671379,2026-09-10 11:36:56.671379
23983,4847,Savings,310692.00,INR,BR003,ACTIVE,2022-12-08,2026-09-10 11:36:56.671379,2026-09-10 11:36:56.671379
23984,4351,Savings,26477.09,INR,BR002,ACTIVE,2021-06-28,2026-09-10 11:36:56.671379,2026-09-10 11:36:56.671379
23985,1558,Savings,3229.98,INR,BR002,ACTIVE,2023-11-01,2026-09-10 11:36:56.671379,2026-09-10 11:36:56.671379
23986,2498,Current,441153.09,INR,BR001,ACTIVE,2023-12-07,2026-09-10 11:36:56.671379,2026-09-10 11:36:56.671379
23987,2870,Savings,58511.03,INR,BR002,ACTIVE,2025-01-12,2026-09-10 11:36:56.671379,2026-09-10 11:36:56.671379
23988,1618,Savings,292365.13,INR,BR001,ACTIVE,2020-08-03,2026-09-10 11:36:56.671379,2026-09-10 11:36:56.671379
23989,2820,Savings,476819.58,INR,BR003,ACTIVE,2023-08-13,2026-09-10 11:36:56.671379,2026-09-10 11:36:56.671379
23990,1024,Savings,256443.15,INR,BR002,ACTIVE,2022-06-02,2026-09-10 11:36:56.671379,2026-09-10 11:36:56.671379
23991,2543,Savings,70759.21,INR,BR003,ACTIVE,2022-01-28,2026-09-10 11:36:56.671379,2026-09-10 11:36:56.671379
23992,3416,Savings,197348.77,INR,BR004,ACTIVE,2023-01-16,2026-09-10 11:36:56.671379,2026-09-10 11:36:56.671379
23993,3020,Savings,312397.03,INR,BR002,ACTIVE,2023-04-14,2026-09-10 11:36:56.671379,2026-09-10 11:36:56.671379
23994,1999,Savings,381656.98,INR,BR002,ACTIVE,2023-01-06,2026-09-10 11:36:56.671379,2026-09-10 11:36:56.671379
23995,3383,Savings,303862.06,INR,BR002,ACTIVE,2020-06-04,2026-09-10 11:36:56.671379,2026-09-10 11:36:56.671379
23996,2457,Savings,18123.55,INR,BR001,ACTIVE,2023-06-13,2026-09-10 11:36:56.671379,2026-09-10 11:36:56.671379
23997,1003,Current,72408.33,INR,BR004,ACTIVE,2020-10-31,2026-09-10 11:36:56.671379,2026-09-10 11:36:56.671379
23998,2008,Savings,186529.04,INR,BR004,ACTIVE,2020-07-03,2026-09-10 11:36:56.671379,2026-09-10 11:36:56.671379
23999,2282,Savings,353151.13,INR,BR004,ACTIVE,2023-07-02,2026-09-10 11:36:56.671379,2026-09-10 11:36:56.671379
24000,1263,Current,292579.66,INR,BR003,ACTIVE,2023-04-23,2026-09-10 11:36:56.671379,2026-09-10 11:36:56.671379
24001,1121,Savings,23302.80,INR,BR004,ACTIVE,2023-05-14,2026-09-10 11:36:56.671379,2026-09-10 11:36:56.671379
24002,2744,Savings,398646.07,INR,BR001,ACTIVE,2024-09-21,2026-09-10 11:36:56.671379,2026-09-10 11:36:56.671379
24003,1021,Savings,302957.09,INR,BR001,ACTIVE,2021-10-31,2026-09-10 11:36:56.671379,2026-09-10 11:36:56.671379
24004,1905,Savings,443687.87,INR,BR003,ACTIVE,2024-09-15,2026-09-10 11:36:56.671379,2026-09-10 11:36:56.671379
24005,1140,Savings,209408.90,INR,BR003,ACTIVE,2022-10-29,2026-09-10 11:36:56.671379,2026-09-10 11:36:56.671379
24006,4549,Savings,245610.69,INR,BR004,ACTIVE,2020-07-02,2026-09-10 11:36:56.671379,2026-09-10 11:36:56.671379
24007,2816,Savings,203369.83,INR,BR004,ACTIVE,2020-12-09,2026-09-10 11:36:56.671379,2026-09-10 11:36:56.671379
24008,2313,Savings,361504.81,INR,BR001,ACTIVE,2024-07-07,2026-09-10 11:36:56.671379,2026-09-10 11:36:56.671379
24009,1206,Savings,376313.30,INR,BR001,ACTIVE,2020-07-12,2026-09-10 11:36:56.671379,2026-09-10 11:36:56.671379
24010,1043,Savings,361897.95,INR,BR004,ACTIVE,2022-10-22,2026-09-10 11:36:56.671379,2026-09-10 11:36:56.671379
24011,3898,Savings,146508.05,INR,BR001,ACTIVE,2023-08-27,2026-09-10 11:36:56.671379,2026-09-10 11:36:56.671379
24012,4190,Savings,318379.74,INR,BR003,ACTIVE,2022-04-23,2026-09-10 11:36:56.671379,2026-09-10 11:36:56.671379
24013,2029,Current,169925.55,INR,BR001,ACTIVE,2021-09-21,2026-09-10 11:36:56.671379,2026-09-10 11:36:56.671379
24014,3255,Savings,417266.01,INR,BR004,ACTIVE,2021-05-12,2026-09-10 11:36:56.671379,2026-09-10 11:36:56.671379
24015,3683,Savings,28502.96,INR,BR003,ACTIVE,2021-09-22,2026-09-10 11:36:56.671379,2026-09-10 11:36:56.671379
24016,2863,Savings,19822.66,INR,BR001,ACTIVE,2021-08-29,2026-09-10 11:36:56.671379,2026-09-10 11:36:56.671379
24017,1345,Current,51752.50,INR,BR003,ACTIVE,2020-09-16,2026-09-10 11:36:56.671379,2026-09-10 11:36:56.671379
24018,2166,Current,101979.23,INR,BR004,ACTIVE,2021-07-12,2026-09-10 11:36:56.671379,2026-09-10 11:36:56.671379
24019,3420,Current,19780.04,INR,BR001,ACTIVE,2021-06-12,2026-09-10 11:36:56.671379,2026-09-10 11:36:56.671379
24020,4304,Savings,36736.73,INR,BR004,ACTIVE,2023-09-05,2026-09-10 11:36:56.671379,2026-09-10 11:36:56.671379
24021,4236,Savings,153722.19,INR,BR002,ACTIVE,2020-11-21,2026-09-10 11:36:56.671379,2026-09-10 11:36:56.671379
24022,3595,Savings,50795.55,INR,BR004,ACTIVE,2021-09-28,2026-09-10 11:36:56.671379,2026-09-10 11:36:56.671379
24023,2388,Savings,401234.81,INR,BR002,ACTIVE,2024-08-29,2026-09-10 11:36:56.671379,2026-09-10 11:36:56.671379
24024,1984,Savings,27879.83,INR,BR003,ACTIVE,2022-11-14,2026-09-10 11:36:56.671379,2026-09-10 11:36:56.671379
24025,1335,Savings,454056.79,INR,BR003,ACTIVE,2021-08-06,2026-09-10 11:36:56.671379,2026-09-10 11:36:56.671379
24026,3059,Savings,435548.93,INR,BR002,ACTIVE,2022-09-26,2026-09-10 11:36:56.671379,2026-09-10 11:36:56.671379
24027,4480,Current,104983.80,INR,BR003,ACTIVE,2020-08-21,2026-09-10 11:36:56.671379,2026-09-10 11:36:56.671379
24028,3123,Savings,36692.00,INR,BR003,ACTIVE,2022-10-13,2026-09-10 11:36:56.671379,2026-09-10 11:36:56.671379
24029,2324,Savings,53661.99,INR,BR004,ACTIVE,2021-06-06,2026-09-10 11:36:56.671379,2026-09-10 11:36:56.671379
24030,3995,Savings,279985.03,INR,BR002,ACTIVE,2021-12-18,2026-09-10 11:36:56.671379,2026-09-10 11:36:56.671379
24031,3961,Savings,300856.95,INR,BR001,ACTIVE,2021-10-17,2026-09-10 11:36:56.671379,2026-09-10 11:36:56.671379
24032,4453,Savings,158475.81,INR,BR003,ACTIVE,2021-11-26,2026-09-10 11:36:56.671379,2026-09-10 11:36:56.671379
24033,3758,Savings,149120.00,INR,BR003,ACTIVE,2022-05-01,2026-09-10 11:36:56.671379,2026-09-10 11:36:56.671379
24034,3901,Savings,266219.13,INR,BR001,ACTIVE,2022-11-16,2026-09-10 11:36:56.671379,2026-09-10 11:36:56.671379
24035,1776,Savings,153508.39,INR,BR004,ACTIVE,2022-10-01,2026-09-10 11:36:56.671379,2026-09-10 11:36:56.671379
24036,4919,Savings,467225.43,INR,BR004,ACTIVE,2024-08-03,2026-09-10 11:36:56.671379,2026-09-10 11:36:56.671379
24037,1886,Savings,191933.26,INR,BR004,ACTIVE,2022-08-24,2026-09-10 11:36:56.671379,2026-09-10 11:36:56.671379
24038,3036,Current,110687.06,INR,BR001,ACTIVE,2021-05-10,2026-09-10 11:36:56.671379,2026-09-10 11:36:56.671379
24039,1736,Current,73836.46,INR,BR004,ACTIVE,2021-03-11,2026-09-10 11:36:56.671379,2026-09-10 11:36:56.671379
24040,3682,Savings,316222.39,INR,BR003,ACTIVE,2024-01-19,2026-09-10 11:36:56.671379,2026-09-10 11:36:56.671379
24041,4658,Savings,164004.15,INR,BR004,ACTIVE,2022-06-13,2026-09-10 11:36:56.671379,2026-09-10 11:36:56.671379
24042,2052,Savings,95208.62,INR,BR003,ACTIVE,2020-05-06,2026-09-10 11:36:56.671379,2026-09-10 11:36:56.671379
24043,2487,Savings,138631.95,INR,BR001,ACTIVE,2021-08-31,2026-09-10 11:36:56.671379,2026-09-10 11:36:56.671379
24044,1396,Current,154632.90,INR,BR004,ACTIVE,2024-11-01,2026-09-10 11:36:56.671379,2026-09-10 11:36:56.671379
24045,1683,Savings,313290.90,INR,BR004,ACTIVE,2023-10-13,2026-09-10 11:36:56.671379,2026-09-10 11:36:56.671379
24046,3002,Savings,88166.07,INR,BR003,ACTIVE,2020-12-19,2026-09-10 11:36:56.671379,2026-09-10 11:36:56.671379
24047,4448,Savings,366669.08,INR,BR001,ACTIVE,2023-01-19,2026-09-10 11:36:56.671379,2026-09-10 11:36:56.671379
24048,3469,Savings,153136.25,INR,BR004,ACTIVE,2023-03-04,2026-09-10 11:36:56.671379,2026-09-10 11:36:56.671379
24049,1364,Savings,244666.49,INR,BR001,ACTIVE,2021-05-08,2026-09-10 11:36:56.671379,2026-09-10 11:36:56.671379
24050,4967,Savings,327764.67,INR,BR003,ACTIVE,2022-08-22,2026-09-10 11:36:56.671379,2026-09-10 11:36:56.671379
24051,4288,Savings,272266.43,INR,BR003,ACTIVE,2021-03-28,2026-09-10 11:36:56.671379,2026-09-10 11:36:56.671379
24052,2855,Savings,331454.54,INR,BR004,ACTIVE,2022-02-13,2026-09-10 11:36:56.671379,2026-09-10 11:36:56.671379
24053,4173,Savings,161975.16,INR,BR001,ACTIVE,2021-02-23,2026-09-10 11:36:56.671379,2026-09-10 11:36:56.671379
24054,2782,Current,481761.51,INR,BR003,ACTIVE,2023-02-15,2026-09-10 11:36:56.671379,2026-09-10 11:36:56.671379
24055,1093,Savings,230035.87,INR,BR001,ACTIVE,2022-08-21,2026-09-10 11:36:56.671379,2026-09-10 11:36:56.671379
24056,2599,Savings,161644.87,INR,BR002,ACTIVE,2025-01-10,2026-09-10 11:36:56.671379,2026-09-10 11:36:56.671379
24057,1266,Savings,148900.59,INR,BR002,ACTIVE,2024-06-15,2026-09-10 11:36:56.671379,2026-09-10 11:36:56.671379
24058,3254,Current,22304.79,INR,BR004,ACTIVE,2024-04-13,2026-09-10 11:36:56.671379,2026-09-10 11:36:56.671379
24059,4152,Savings,342718.13,INR,BR001,ACTIVE,2021-12-06,2026-09-10 11:36:56.671379,2026-09-10 11:36:56.671379
24060,3085,Current,131995.12,INR,BR001,ACTIVE,2023-09-23,2026-09-10 11:36:56.671379,2026-09-10 11:36:56.671379
24061,2035,Savings,479506.17,INR,BR003,ACTIVE,2024-04-22,2026-09-10 11:36:56.671379,2026-09-10 11:36:56.671379
24062,4699,Savings,106011.93,INR,BR001,ACTIVE,2021-03-13,2026-09-10 11:36:56.671379,2026-09-10 11:36:56.671379
24063,2114,Savings,265216.11,INR,BR001,ACTIVE,2024-06-23,2026-09-10 11:36:56.671379,2026-09-10 11:36:56.671379
24064,1744,Current,367999.88,INR,BR003,ACTIVE,2023-03-22,2026-09-10 11:36:56.671379,2026-09-10 11:36:56.671379
24065,3067,Savings,435187.53,INR,BR004,ACTIVE,2022-05-09,2026-09-10 11:36:56.671379,2026-09-10 11:36:56.671379
24066,4636,Savings,79073.99,INR,BR003,ACTIVE,2024-03-16,2026-09-10 11:36:56.671379,2026-09-10 11:36:56.671379
24067,1374,Savings,492715.37,INR,BR002,ACTIVE,2022-05-27,2026-09-10 11:36:56.671379,2026-09-10 11:36:56.671379
24068,2810,Savings,453467.74,INR,BR001,ACTIVE,2021-04-20,2026-09-10 11:36:56.671379,2026-09-10 11:36:56.671379
24069,1094,Current,481462.03,INR,BR001,ACTIVE,2021-05-28,2026-09-10 11:36:56.671379,2026-09-10 11:36:56.671379
24070,1032,Savings,426482.71,INR,BR004,ACTIVE,2021-10-27,2026-09-10 11:36:56.671379,2026-09-10 11:36:56.671379
24071,4735,Current,438956.94,INR,BR002,ACTIVE,2022-05-14,2026-09-10 11:36:56.671379,2026-09-10 11:36:56.671379
24072,1140,Savings,299815.63,INR,BR001,ACTIVE,2024-01-19,2026-09-10 11:36:56.671379,2026-09-10 11:36:56.671379
24073,2594,Savings,422809.72,INR,BR003,ACTIVE,2022-11-30,2026-09-10 11:36:56.671379,2026-09-10 11:36:56.671379
24074,4021,Savings,267472.67,INR,BR001,ACTIVE,2020-05-23,2026-09-10 11:36:56.671379,2026-09-10 11:36:56.671379
24075,4093,Savings,269570.37,INR,BR004,ACTIVE,2021-09-27,2026-09-10 11:36:56.671379,2026-09-10 11:36:56.671379
24076,4221,Savings,281727.47,INR,BR003,ACTIVE,2022-05-27,2026-09-10 11:36:56.671379,2026-09-10 11:36:56.671379
24077,4293,Savings,498162.64,INR,BR001,ACTIVE,2023-01-04,2026-09-10 11:36:56.671379,2026-09-10 11:36:56.671379
24078,3781,Savings,53093.03,INR,BR004,ACTIVE,2022-07-04,2026-09-10 11:36:56.671379,2026-09-10 11:36:56.671379
24079,3802,Current,402999.38,INR,BR002,ACTIVE,2022-08-10,2026-09-10 11:36:56.671379,2026-09-10 11:36:56.671379
24080,2243,Savings,137382.95,INR,BR003,ACTIVE,2020-10-24,2026-09-10 11:36:56.671379,2026-09-10 11:36:56.671379
24081,2565,Savings,181252.31,INR,BR003,ACTIVE,2022-01-26,2026-09-10 11:36:56.671379,2026-09-10 11:36:56.671379
24082,2583,Current,41186.10,INR,BR002,ACTIVE,2023-01-17,2026-09-10 11:36:56.671379,2026-09-10 11:36:56.671379
24083,2932,Savings,176435.32,INR,BR003,ACTIVE,2022-03-01,2026-09-10 11:36:56.671379,2026-09-10 11:36:56.671379
24084,1058,Savings,495390.59,INR,BR004,ACTIVE,2025-01-05,2026-09-10 11:36:56.671379,2026-09-10 11:36:56.671379
24085,4497,Savings,199137.56,INR,BR002,ACTIVE,2022-05-16,2026-09-10 11:36:56.671379,2026-09-10 11:36:56.671379
24086,2299,Savings,335174.27,INR,BR001,ACTIVE,2024-04-27,2026-09-10 11:36:56.671379,2026-09-10 11:36:56.671379
24087,3188,Current,61235.88,INR,BR004,ACTIVE,2024-09-02,2026-09-10 11:36:56.671379,2026-09-10 11:36:56.671379
24088,2047,Savings,461326.11,INR,BR002,ACTIVE,2024-07-28,2026-09-10 11:36:56.671379,2026-09-10 11:36:56.671379
24089,3949,Savings,414044.94,INR,BR001,ACTIVE,2024-05-02,2026-09-10 11:36:56.671379,2026-09-10 11:36:56.671379
24090,1378,Savings,193760.86,INR,BR004,ACTIVE,2024-04-27,2026-09-10 11:36:56.671379,2026-09-10 11:36:56.671379
24091,1922,Savings,174883.20,INR,BR004,ACTIVE,2022-10-15,2026-09-10 11:36:56.671379,2026-09-10 11:36:56.671379
24092,1373,Savings,216701.23,INR,BR003,ACTIVE,2023-11-19,2026-09-10 11:36:56.671379,2026-09-10 11:36:56.671379
24093,4135,Savings,201227.83,INR,BR003,ACTIVE,2023-08-24,2026-09-10 11:36:56.671379,2026-09-10 11:36:56.671379
24094,2588,Savings,129767.35,INR,BR002,ACTIVE,2023-01-08,2026-09-10 11:36:56.671379,2026-09-10 11:36:56.671379
24095,1778,Current,495432.29,INR,BR001,ACTIVE,2023-06-22,2026-09-10 11:36:56.671379,2026-09-10 11:36:56.671379
24096,2366,Savings,405462.68,INR,BR004,ACTIVE,2021-10-15,2026-09-10 11:36:56.671379,2026-09-10 11:36:56.671379
24097,1167,Savings,134693.71,INR,BR004,ACTIVE,2020-04-21,2026-09-10 11:36:56.671379,2026-09-10 11:36:56.671379
24098,4223,Savings,490880.68,INR,BR002,ACTIVE,2022-05-17,2026-09-10 11:36:56.671379,2026-09-10 11:36:56.671379
24099,3571,Savings,8749.54,INR,BR003,ACTIVE,2020-07-29,2026-09-10 11:36:56.671379,2026-09-10 11:36:56.671379
24100,3012,Savings,219510.92,INR,BR004,ACTIVE,2020-06-10,2026-09-10 11:36:56.671379,2026-09-10 11:36:56.671379
24101,4679,Savings,285173.11,INR,BR004,ACTIVE,2021-11-01,2026-09-10 11:36:56.671379,2026-09-10 11:36:56.671379
24102,1584,Savings,19755.72,INR,BR003,ACTIVE,2021-11-27,2026-09-10 11:36:56.671379,2026-09-10 11:36:56.671379
24103,3549,Current,81357.56,INR,BR001,ACTIVE,2020-10-15,2026-09-10 11:36:56.671379,2026-09-10 11:36:56.671379
24104,3944,Savings,129807.41,INR,BR001,ACTIVE,2024-03-24,2026-09-10 11:36:56.671379,2026-09-10 11:36:56.671379
24105,1999,Current,360393.30,INR,BR003,ACTIVE,2020-02-06,2026-09-10 11:36:56.671379,2026-09-10 11:36:56.671379
24106,1560,Current,469932.02,INR,BR004,ACTIVE,2022-03-06,2026-09-10 11:36:56.671379,2026-09-10 11:36:56.671379
24107,4420,Savings,312643.01,INR,BR003,ACTIVE,2023-08-19,2026-09-10 11:36:56.671379,2026-09-10 11:36:56.671379
24108,4344,Current,281768.13,INR,BR001,ACTIVE,2021-05-22,2026-09-10 11:36:56.671379,2026-09-10 11:36:56.671379
24109,4502,Savings,268842.80,INR,BR002,ACTIVE,2022-03-28,2026-09-10 11:36:56.671379,2026-09-10 11:36:56.671379
24110,2012,Savings,176001.12,INR,BR002,ACTIVE,2023-03-03,2026-09-10 11:36:56.671379,2026-09-10 11:36:56.671379
24111,4679,Savings,414029.46,INR,BR001,ACTIVE,2023-05-17,2026-09-10 11:36:56.671379,2026-09-10 11:36:56.671379
24112,1233,Savings,270842.95,INR,BR001,ACTIVE,2023-09-24,2026-09-10 11:36:56.671379,2026-09-10 11:36:56.671379
24113,1560,Current,115821.49,INR,BR001,ACTIVE,2024-07-10,2026-09-10 11:36:56.671379,2026-09-10 11:36:56.671379
24114,2232,Savings,69278.77,INR,BR003,ACTIVE,2020-10-31,2026-09-10 11:36:56.671379,2026-09-10 11:36:56.671379
24115,4525,Savings,492770.74,INR,BR002,ACTIVE,2024-04-28,2026-09-10 11:36:56.671379,2026-09-10 11:36:56.671379
24116,2763,Savings,9719.13,INR,BR001,ACTIVE,2021-06-14,2026-09-10 11:36:56.671379,2026-09-10 11:36:56.671379
24117,2525,Savings,466786.57,INR,BR004,ACTIVE,2023-12-27,2026-09-10 11:36:56.671379,2026-09-10 11:36:56.671379
24118,1921,Savings,109933.35,INR,BR002,ACTIVE,2022-08-21,2026-09-10 11:36:56.671379,2026-09-10 11:36:56.671379
24119,4661,Current,329117.22,INR,BR003,ACTIVE,2022-03-13,2026-09-10 11:36:56.671379,2026-09-10 11:36:56.671379
24120,3909,Current,151464.73,INR,BR004,ACTIVE,2020-11-15,2026-09-10 11:36:56.671379,2026-09-10 11:36:56.671379
24121,2243,Savings,430045.40,INR,BR003,ACTIVE,2021-02-23,2026-09-10 11:36:56.671379,2026-09-10 11:36:56.671379
24122,3920,Savings,272179.22,INR,BR001,ACTIVE,2020-05-27,2026-09-10 11:36:56.671379,2026-09-10 11:36:56.671379
24123,1081,Savings,71387.82,INR,BR001,ACTIVE,2024-12-25,2026-09-10 11:36:56.671379,2026-09-10 11:36:56.671379
24124,4621,Savings,135647.67,INR,BR001,ACTIVE,2024-07-10,2026-09-10 11:36:56.671379,2026-09-10 11:36:56.671379
24125,3662,Savings,160838.97,INR,BR004,ACTIVE,2020-03-05,2026-09-10 11:36:56.671379,2026-09-10 11:36:56.671379
24126,1703,Current,443075.26,INR,BR001,ACTIVE,2023-08-08,2026-09-10 11:36:56.671379,2026-09-10 11:36:56.671379
24127,1541,Savings,383602.47,INR,BR002,ACTIVE,2024-10-09,2026-09-10 11:36:56.671379,2026-09-10 11:36:56.671379
24128,2850,Savings,414964.07,INR,BR001,ACTIVE,2023-07-05,2026-09-10 11:36:56.671379,2026-09-10 11:36:56.671379
24129,3813,Savings,27073.84,INR,BR002,ACTIVE,2020-02-09,2026-09-10 11:36:56.671379,2026-09-10 11:36:56.671379
24130,2275,Savings,289812.32,INR,BR004,ACTIVE,2021-10-08,2026-09-10 11:36:56.671379,2026-09-10 11:36:56.671379
24131,3786,Savings,499589.29,INR,BR003,ACTIVE,2021-10-01,2026-09-10 11:36:56.671379,2026-09-10 11:36:56.671379
24132,3654,Current,392814.62,INR,BR003,ACTIVE,2025-01-03,2026-09-10 11:36:56.671379,2026-09-10 11:36:56.671379
24133,4487,Savings,61233.13,INR,BR002,ACTIVE,2022-05-09,2026-09-10 11:36:56.671379,2026-09-10 11:36:56.671379
24134,4158,Savings,339730.27,INR,BR004,ACTIVE,2021-12-05,2026-09-10 11:36:56.671379,2026-09-10 11:36:56.671379
24135,1622,Savings,372916.59,INR,BR002,ACTIVE,2024-12-21,2026-09-10 11:36:56.671379,2026-09-10 11:36:56.671379
24136,2241,Current,257609.93,INR,BR001,ACTIVE,2020-02-01,2026-09-10 11:36:56.671379,2026-09-10 11:36:56.671379
24137,4070,Savings,40297.82,INR,BR001,ACTIVE,2023-08-04,2026-09-10 11:36:56.671379,2026-09-10 11:36:56.671379
24138,3244,Savings,18308.43,INR,BR001,ACTIVE,2022-06-03,2026-09-10 11:36:56.671379,2026-09-10 11:36:56.671379
24139,4043,Savings,468967.04,INR,BR003,ACTIVE,2021-07-06,2026-09-10 11:36:56.671379,2026-09-10 11:36:56.671379
24140,2321,Savings,129499.47,INR,BR002,ACTIVE,2022-09-14,2026-09-10 11:36:56.671379,2026-09-10 11:36:56.671379
24141,3994,Savings,190105.10,INR,BR004,ACTIVE,2023-08-30,2026-09-10 11:36:56.671379,2026-09-10 11:36:56.671379
24142,3092,Current,397843.49,INR,BR002,ACTIVE,2023-10-27,2026-09-10 11:36:56.671379,2026-09-10 11:36:56.671379
24143,3441,Savings,344941.11,INR,BR002,ACTIVE,2022-01-29,2026-09-10 11:36:56.671379,2026-09-10 11:36:56.671379
24144,2467,Savings,484314.28,INR,BR002,ACTIVE,2021-02-22,2026-09-10 11:36:56.671379,2026-09-10 11:36:56.671379
24145,2114,Savings,47326.76,INR,BR001,ACTIVE,2022-01-20,2026-09-10 11:36:56.671379,2026-09-10 11:36:56.671379
24146,3203,Savings,353752.87,INR,BR001,ACTIVE,2024-01-08,2026-09-10 11:36:56.671379,2026-09-10 11:36:56.671379
24147,4026,Savings,42032.20,INR,BR002,ACTIVE,2024-04-10,2026-09-10 11:36:56.671379,2026-09-10 11:36:56.671379
24148,4550,Savings,1082.58,INR,BR001,ACTIVE,2023-09-08,2026-09-10 11:36:56.671379,2026-09-10 11:36:56.671379
24149,2645,Savings,60994.88,INR,BR003,ACTIVE,2022-05-15,2026-09-10 11:36:56.671379,2026-09-10 11:36:56.671379
24150,1059,Savings,308746.20,INR,BR001,ACTIVE,2022-10-19,2026-09-10 11:36:56.671379,2026-09-10 11:36:56.671379
24151,3158,Current,338420.18,INR,BR003,ACTIVE,2022-10-18,2026-09-10 11:36:56.671379,2026-09-10 11:36:56.671379
24152,1479,Savings,219731.60,INR,BR003,ACTIVE,2021-03-24,2026-09-10 11:36:56.671379,2026-09-10 11:36:56.671379
24153,3666,Current,23989.28,INR,BR002,ACTIVE,2021-02-09,2026-09-10 11:36:56.671379,2026-09-10 11:36:56.671379
24154,2923,Savings,317395.64,INR,BR002,ACTIVE,2024-06-17,2026-09-10 11:36:56.671379,2026-09-10 11:36:56.671379
24155,2757,Savings,43822.92,INR,BR001,ACTIVE,2022-04-23,2026-09-10 11:36:56.671379,2026-09-10 11:36:56.671379
24156,2799,Savings,71721.44,INR,BR004,ACTIVE,2021-11-28,2026-09-10 11:36:56.671379,2026-09-10 11:36:56.671379
24157,2618,Savings,256775.27,INR,BR002,ACTIVE,2021-05-04,2026-09-10 11:36:56.671379,2026-09-10 11:36:56.671379
24158,1784,Savings,170846.26,INR,BR003,ACTIVE,2023-03-30,2026-09-10 11:36:56.671379,2026-09-10 11:36:56.671379
24159,4121,Savings,232912.21,INR,BR003,ACTIVE,2023-10-11,2026-09-10 11:36:56.671379,2026-09-10 11:36:56.671379
24160,2401,Savings,317903.37,INR,BR001,ACTIVE,2020-02-18,2026-09-10 11:36:56.671379,2026-09-10 11:36:56.671379
24161,2056,Savings,80843.51,INR,BR003,ACTIVE,2021-06-06,2026-09-10 11:36:56.671379,2026-09-10 11:36:56.671379
24162,2510,Savings,446650.28,INR,BR002,ACTIVE,2022-08-29,2026-09-10 11:36:56.671379,2026-09-10 11:36:56.671379
24163,3649,Current,280180.55,INR,BR001,ACTIVE,2022-06-22,2026-09-10 11:36:56.671379,2026-09-10 11:36:56.671379
24164,3988,Savings,12024.54,INR,BR001,ACTIVE,2022-06-03,2026-09-10 11:36:56.671379,2026-09-10 11:36:56.671379
24165,4040,Savings,314597.97,INR,BR004,ACTIVE,2024-07-29,2026-09-10 11:36:56.671379,2026-09-10 11:36:56.671379
24166,3579,Savings,232126.29,INR,BR001,ACTIVE,2020-04-12,2026-09-10 11:36:56.671379,2026-09-10 11:36:56.671379
24167,2027,Savings,351117.92,INR,BR004,ACTIVE,2024-01-04,2026-09-10 11:36:56.671379,2026-09-10 11:36:56.671379
24168,1378,Savings,392232.78,INR,BR002,ACTIVE,2021-05-09,2026-09-10 11:36:56.671379,2026-09-10 11:36:56.671379
24169,1572,Savings,469483.58,INR,BR003,ACTIVE,2020-12-13,2026-09-10 11:36:56.671379,2026-09-10 11:36:56.671379
24170,2955,Current,499174.55,INR,BR002,ACTIVE,2020-11-01,2026-09-10 11:36:56.671379,2026-09-10 11:36:56.671379
24171,4314,Savings,275258.88,INR,BR001,ACTIVE,2023-02-27,2026-09-10 11:36:56.671379,2026-09-10 11:36:56.671379
24172,2565,Savings,281192.67,INR,BR004,ACTIVE,2020-03-30,2026-09-10 11:36:56.671379,2026-09-10 11:36:56.671379
24173,1587,Savings,12200.18,INR,BR003,ACTIVE,2022-10-10,2026-09-10 11:36:56.671379,2026-09-10 11:36:56.671379
24174,4654,Current,432720.07,INR,BR001,ACTIVE,2021-02-23,2026-09-10 11:36:56.671379,2026-09-10 11:36:56.671379
24175,2619,Savings,15330.28,INR,BR002,ACTIVE,2021-08-17,2026-09-10 11:36:56.671379,2026-09-10 11:36:56.671379
24176,1357,Savings,316699.74,INR,BR001,ACTIVE,2022-11-12,2026-09-10 11:36:56.671379,2026-09-10 11:36:56.671379
24177,1685,Savings,50189.91,INR,BR004,ACTIVE,2022-10-23,2026-09-10 11:36:56.671379,2026-09-10 11:36:56.671379
24178,2947,Savings,143633.46,INR,BR002,ACTIVE,2023-10-04,2026-09-10 11:36:56.671379,2026-09-10 11:36:56.671379
24179,4269,Savings,71024.45,INR,BR001,ACTIVE,2024-12-19,2026-09-10 11:36:56.671379,2026-09-10 11:36:56.671379
24180,3906,Savings,69559.75,INR,BR004,ACTIVE,2023-08-31,2026-09-10 11:36:56.671379,2026-09-10 11:36:56.671379
24181,4491,Savings,38225.89,INR,BR001,ACTIVE,2022-04-16,2026-09-10 11:36:56.671379,2026-09-10 11:36:56.671379
24182,1659,Current,159623.11,INR,BR004,ACTIVE,2024-05-22,2026-09-10 11:36:56.671379,2026-09-10 11:36:56.671379
24183,2297,Savings,212402.02,INR,BR001,ACTIVE,2022-04-13,2026-09-10 11:36:56.671379,2026-09-10 11:36:56.671379
24184,2526,Savings,232772.12,INR,BR002,ACTIVE,2023-01-10,2026-09-10 11:36:56.671379,2026-09-10 11:36:56.671379
24185,3083,Savings,220414.31,INR,BR002,ACTIVE,2021-05-04,2026-09-10 11:36:56.671379,2026-09-10 11:36:56.671379
24186,4055,Savings,262322.33,INR,BR002,ACTIVE,2021-03-17,2026-09-10 11:36:56.671379,2026-09-10 11:36:56.671379
24187,4697,Savings,430033.68,INR,BR002,ACTIVE,2022-04-08,2026-09-10 11:36:56.671379,2026-09-10 11:36:56.671379
24188,3509,Savings,316266.51,INR,BR002,ACTIVE,2022-04-25,2026-09-10 11:36:56.671379,2026-09-10 11:36:56.671379
24189,3766,Current,9625.55,INR,BR003,ACTIVE,2023-01-30,2026-09-10 11:36:56.671379,2026-09-10 11:36:56.671379
24190,2694,Savings,87303.19,INR,BR001,ACTIVE,2023-10-15,2026-09-10 11:36:56.671379,2026-09-10 11:36:56.671379
24191,4325,Savings,175125.96,INR,BR002,ACTIVE,2024-07-28,2026-09-10 11:36:56.671379,2026-09-10 11:36:56.671379
24192,2658,Savings,474572.81,INR,BR003,ACTIVE,2022-08-30,2026-09-10 11:36:56.671379,2026-09-10 11:36:56.671379
24193,1512,Savings,39961.62,INR,BR003,ACTIVE,2023-01-06,2026-09-10 11:36:56.671379,2026-09-10 11:36:56.671379
24194,2072,Savings,355349.51,INR,BR001,ACTIVE,2022-07-16,2026-09-10 11:36:56.671379,2026-09-10 11:36:56.671379
24195,4257,Savings,17513.47,INR,BR004,ACTIVE,2020-04-30,2026-09-10 11:36:56.671379,2026-09-10 11:36:56.671379
24196,3539,Savings,181906.05,INR,BR001,ACTIVE,2020-07-31,2026-09-10 11:36:56.671379,2026-09-10 11:36:56.671379
24197,3321,Current,385304.23,INR,BR001,ACTIVE,2025-01-17,2026-09-10 11:36:56.671379,2026-09-10 11:36:56.671379
24198,2637,Savings,172620.74,INR,BR004,ACTIVE,2024-03-19,2026-09-10 11:36:56.671379,2026-09-10 11:36:56.671379
24199,2013,Savings,215710.75,INR,BR004,ACTIVE,2024-05-14,2026-09-10 11:36:56.671379,2026-09-10 11:36:56.671379
24200,3575,Savings,452746.96,INR,BR002,ACTIVE,2021-04-19,2026-09-10 11:36:56.671379,2026-09-10 11:36:56.671379
24201,2152,Current,34018.38,INR,BR004,ACTIVE,2020-06-09,2026-09-10 11:36:56.671379,2026-09-10 11:36:56.671379
24202,1210,Savings,264303.50,INR,BR004,ACTIVE,2022-04-21,2026-09-10 11:36:56.671379,2026-09-10 11:36:56.671379
24203,1624,Current,183752.54,INR,BR001,ACTIVE,2022-11-10,2026-09-10 11:36:56.671379,2026-09-10 11:36:56.671379
24204,2806,Savings,481942.02,INR,BR001,ACTIVE,2020-02-19,2026-09-10 11:36:56.671379,2026-09-10 11:36:56.671379
24205,2166,Current,397051.22,INR,BR001,ACTIVE,2020-05-08,2026-09-10 11:36:56.671379,2026-09-10 11:36:56.671379
24206,1173,Savings,61916.31,INR,BR004,ACTIVE,2023-12-25,2026-09-10 11:36:56.671379,2026-09-10 11:36:56.671379
24207,2889,Savings,463777.47,INR,BR003,ACTIVE,2025-01-19,2026-09-10 11:36:56.671379,2026-09-10 11:36:56.671379
24208,4750,Current,106395.44,INR,BR002,ACTIVE,2025-01-05,2026-09-10 11:36:56.671379,2026-09-10 11:36:56.671379
24209,1447,Savings,43324.00,INR,BR001,ACTIVE,2022-09-09,2026-09-10 11:36:56.671379,2026-09-10 11:36:56.671379
24210,4191,Savings,271255.05,INR,BR003,ACTIVE,2020-05-09,2026-09-10 11:36:56.671379,2026-09-10 11:36:56.671379
24211,4787,Current,368579.15,INR,BR002,ACTIVE,2023-07-04,2026-09-10 11:36:56.671379,2026-09-10 11:36:56.671379
24212,1011,Savings,358309.39,INR,BR001,ACTIVE,2021-07-06,2026-09-10 11:36:56.671379,2026-09-10 11:36:56.671379
24213,1761,Savings,267493.98,INR,BR003,ACTIVE,2020-12-09,2026-09-10 11:36:56.671379,2026-09-10 11:36:56.671379
24214,2328,Savings,246876.00,INR,BR002,ACTIVE,2022-10-11,2026-09-10 11:36:56.671379,2026-09-10 11:36:56.671379
24215,2784,Savings,484802.40,INR,BR001,ACTIVE,2023-03-22,2026-09-10 11:36:56.671379,2026-09-10 11:36:56.671379
24216,2178,Current,410458.86,INR,BR001,ACTIVE,2021-04-05,2026-09-10 11:36:56.671379,2026-09-10 11:36:56.671379
24217,3371,Savings,349621.38,INR,BR003,ACTIVE,2023-09-06,2026-09-10 11:36:56.671379,2026-09-10 11:36:56.671379
24218,4609,Savings,98410.52,INR,BR004,ACTIVE,2022-01-27,2026-09-10 11:36:56.671379,2026-09-10 11:36:56.671379
24219,1977,Current,410065.57,INR,BR004,ACTIVE,2024-10-31,2026-09-10 11:36:56.671379,2026-09-10 11:36:56.671379
24220,3493,Current,375140.59,INR,BR001,ACTIVE,2020-12-08,2026-09-10 11:36:56.671379,2026-09-10 11:36:56.671379
24221,3390,Savings,496021.27,INR,BR003,ACTIVE,2022-05-16,2026-09-10 11:36:56.671379,2026-09-10 11:36:56.671379
24222,3269,Savings,67364.56,INR,BR004,ACTIVE,2020-03-18,2026-09-10 11:36:56.671379,2026-09-10 11:36:56.671379
24223,3158,Savings,357932.40,INR,BR004,ACTIVE,2020-09-09,2026-09-10 11:36:56.671379,2026-09-10 11:36:56.671379
24224,3458,Current,489562.51,INR,BR004,ACTIVE,2021-05-24,2026-09-10 11:36:56.671379,2026-09-10 11:36:56.671379
24225,4490,Savings,231833.92,INR,BR003,ACTIVE,2024-09-13,2026-09-10 11:36:56.671379,2026-09-10 11:36:56.671379
24226,4674,Current,366971.81,INR,BR003,ACTIVE,2020-02-12,2026-09-10 11:36:56.671379,2026-09-10 11:36:56.671379
24227,3553,Current,487709.95,INR,BR002,ACTIVE,2021-08-21,2026-09-10 11:36:56.671379,2026-09-10 11:36:56.671379
24228,2801,Savings,274194.96,INR,BR004,ACTIVE,2020-10-22,2026-09-10 11:36:56.671379,2026-09-10 11:36:56.671379
24229,1040,Savings,349821.76,INR,BR003,ACTIVE,2023-09-20,2026-09-10 11:36:56.671379,2026-09-10 11:36:56.671379
24230,4581,Savings,11022.32,INR,BR002,ACTIVE,2024-04-01,2026-09-10 11:36:56.671379,2026-09-10 11:36:56.671379
24231,2483,Savings,260312.89,INR,BR001,ACTIVE,2021-03-20,2026-09-10 11:36:56.671379,2026-09-10 11:36:56.671379
24232,3311,Savings,128644.40,INR,BR002,ACTIVE,2024-10-29,2026-09-10 11:36:56.671379,2026-09-10 11:36:56.671379
24233,4742,Savings,66491.08,INR,BR004,ACTIVE,2024-04-02,2026-09-10 11:36:56.671379,2026-09-10 11:36:56.671379
24234,4190,Savings,354590.44,INR,BR003,ACTIVE,2023-09-06,2026-09-10 11:36:56.671379,2026-09-10 11:36:56.671379
24235,4522,Current,20505.65,INR,BR004,ACTIVE,2024-03-16,2026-09-10 11:36:56.671379,2026-09-10 11:36:56.671379
24236,4840,Savings,452527.71,INR,BR004,ACTIVE,2024-12-23,2026-09-10 11:36:56.671379,2026-09-10 11:36:56.671379
24237,4486,Savings,259369.06,INR,BR001,ACTIVE,2020-09-16,2026-09-10 11:36:56.671379,2026-09-10 11:36:56.671379
24238,3756,Current,324466.83,INR,BR003,ACTIVE,2022-10-26,2026-09-10 11:36:56.671379,2026-09-10 11:36:56.671379
24239,2850,Savings,127463.96,INR,BR003,ACTIVE,2023-10-21,2026-09-10 11:36:56.671379,2026-09-10 11:36:56.671379
24240,1823,Savings,91914.32,INR,BR001,ACTIVE,2022-12-24,2026-09-10 11:36:56.671379,2026-09-10 11:36:56.671379
24241,4598,Savings,122633.06,INR,BR003,ACTIVE,2024-04-30,2026-09-10 11:36:56.671379,2026-09-10 11:36:56.671379
24242,1461,Current,116914.20,INR,BR002,ACTIVE,2024-07-12,2026-09-10 11:36:56.671379,2026-09-10 11:36:56.671379
24243,2142,Savings,432386.31,INR,BR004,ACTIVE,2023-07-09,2026-09-10 11:36:56.671379,2026-09-10 11:36:56.671379
24244,1217,Savings,393882.36,INR,BR001,ACTIVE,2022-07-01,2026-09-10 11:36:56.671379,2026-09-10 11:36:56.671379
24245,2741,Current,426515.53,INR,BR001,ACTIVE,2022-08-19,2026-09-10 11:36:56.671379,2026-09-10 11:36:56.671379
24246,3125,Savings,367701.15,INR,BR004,ACTIVE,2021-06-03,2026-09-10 11:36:56.671379,2026-09-10 11:36:56.671379
24247,2445,Savings,322131.63,INR,BR001,ACTIVE,2021-04-01,2026-09-10 11:36:56.671379,2026-09-10 11:36:56.671379
24248,3940,Savings,264409.47,INR,BR003,ACTIVE,2021-03-27,2026-09-10 11:36:56.671379,2026-09-10 11:36:56.671379
24249,2196,Savings,133475.43,INR,BR003,ACTIVE,2022-09-26,2026-09-10 11:36:56.671379,2026-09-10 11:36:56.671379
24250,3438,Savings,352976.12,INR,BR004,ACTIVE,2021-09-07,2026-09-10 11:36:56.671379,2026-09-10 11:36:56.671379
24251,4098,Savings,69155.62,INR,BR001,ACTIVE,2020-02-18,2026-09-10 11:36:56.671379,2026-09-10 11:36:56.671379
24252,2152,Current,256019.71,INR,BR002,ACTIVE,2021-10-11,2026-09-10 11:36:56.671379,2026-09-10 11:36:56.671379
24253,1374,Current,98442.11,INR,BR004,ACTIVE,2022-03-24,2026-09-10 11:36:56.671379,2026-09-10 11:36:56.671379
24254,1654,Savings,252874.89,INR,BR003,ACTIVE,2025-01-07,2026-09-10 11:36:56.671379,2026-09-10 11:36:56.671379
24255,1904,Savings,147659.80,INR,BR003,ACTIVE,2022-06-10,2026-09-10 11:36:56.671379,2026-09-10 11:36:56.671379
24256,4096,Savings,27686.36,INR,BR003,ACTIVE,2021-05-29,2026-09-10 11:36:56.671379,2026-09-10 11:36:56.671379
24257,4542,Savings,252350.80,INR,BR002,ACTIVE,2022-02-24,2026-09-10 11:36:56.671379,2026-09-10 11:36:56.671379
24258,1744,Savings,91733.27,INR,BR003,ACTIVE,2021-01-26,2026-09-10 11:36:56.671379,2026-09-10 11:36:56.671379
24259,3471,Savings,81416.36,INR,BR004,ACTIVE,2024-11-07,2026-09-10 11:36:56.671379,2026-09-10 11:36:56.671379
24260,4249,Savings,192798.58,INR,BR004,ACTIVE,2020-03-13,2026-09-10 11:36:56.671379,2026-09-10 11:36:56.671379
24261,1853,Savings,181531.79,INR,BR004,ACTIVE,2020-07-03,2026-09-10 11:36:56.671379,2026-09-10 11:36:56.671379
24262,2771,Savings,433611.97,INR,BR003,ACTIVE,2021-11-10,2026-09-10 11:36:56.671379,2026-09-10 11:36:56.671379
24263,1831,Savings,282753.87,INR,BR002,ACTIVE,2023-02-18,2026-09-10 11:36:56.671379,2026-09-10 11:36:56.671379
24264,2562,Savings,427429.15,INR,BR002,ACTIVE,2023-10-30,2026-09-10 11:36:56.671379,2026-09-10 11:36:56.671379
24265,4338,Savings,74270.99,INR,BR003,ACTIVE,2024-08-10,2026-09-10 11:36:56.671379,2026-09-10 11:36:56.671379
24266,1973,Savings,179297.82,INR,BR001,ACTIVE,2020-01-29,2026-09-10 11:36:56.671379,2026-09-10 11:36:56.671379
24267,4946,Savings,278109.48,INR,BR001,ACTIVE,2022-07-12,2026-09-10 11:36:56.671379,2026-09-10 11:36:56.671379
24268,3677,Savings,77410.91,INR,BR004,ACTIVE,2021-01-05,2026-09-10 11:36:56.671379,2026-09-10 11:36:56.671379
24269,3618,Savings,64900.48,INR,BR002,ACTIVE,2020-10-21,2026-09-10 11:36:56.671379,2026-09-10 11:36:56.671379
24270,2294,Savings,331039.40,INR,BR003,ACTIVE,2022-01-14,2026-09-10 11:36:56.671379,2026-09-10 11:36:56.671379
24271,2353,Savings,327263.15,INR,BR002,ACTIVE,2023-06-09,2026-09-10 11:36:56.671379,2026-09-10 11:36:56.671379
24272,4527,Savings,117845.17,INR,BR002,ACTIVE,2022-12-11,2026-09-10 11:36:56.671379,2026-09-10 11:36:56.671379
24273,2319,Savings,114334.65,INR,BR001,ACTIVE,2024-04-16,2026-09-10 11:36:56.671379,2026-09-10 11:36:56.671379
24274,1122,Savings,372977.44,INR,BR002,ACTIVE,2020-12-24,2026-09-10 11:36:56.671379,2026-09-10 11:36:56.671379
24275,1159,Savings,59376.93,INR,BR002,ACTIVE,2022-04-06,2026-09-10 11:36:56.671379,2026-09-10 11:36:56.671379
24276,4250,Current,461708.48,INR,BR003,ACTIVE,2021-08-07,2026-09-10 11:36:56.671379,2026-09-10 11:36:56.671379
24277,4728,Current,471925.52,INR,BR003,ACTIVE,2022-08-27,2026-09-10 11:36:56.671379,2026-09-10 11:36:56.671379
24278,4400,Savings,435625.17,INR,BR002,ACTIVE,2020-03-28,2026-09-10 11:36:56.671379,2026-09-10 11:36:56.671379
24279,4952,Savings,106127.97,INR,BR002,ACTIVE,2024-03-27,2026-09-10 11:36:56.671379,2026-09-10 11:36:56.671379
24280,1307,Savings,9384.07,INR,BR003,ACTIVE,2022-10-22,2026-09-10 11:36:56.671379,2026-09-10 11:36:56.671379
24281,4983,Savings,468408.73,INR,BR001,ACTIVE,2020-01-22,2026-09-10 11:36:56.671379,2026-09-10 11:36:56.671379
24282,2113,Current,172641.94,INR,BR003,ACTIVE,2021-11-20,2026-09-10 11:36:56.671379,2026-09-10 11:36:56.671379
24283,1751,Savings,155894.72,INR,BR003,ACTIVE,2022-10-21,2026-09-10 11:36:56.671379,2026-09-10 11:36:56.671379
24284,2062,Savings,131577.11,INR,BR003,ACTIVE,2021-09-15,2026-09-10 11:36:56.671379,2026-09-10 11:36:56.671379
24285,2897,Savings,123023.55,INR,BR003,ACTIVE,2023-10-09,2026-09-10 11:36:56.671379,2026-09-10 11:36:56.671379
24286,1591,Savings,367542.09,INR,BR003,ACTIVE,2024-05-19,2026-09-10 11:36:56.671379,2026-09-10 11:36:56.671379
24287,2881,Savings,454038.92,INR,BR001,ACTIVE,2022-09-03,2026-09-10 11:36:56.671379,2026-09-10 11:36:56.671379
24288,4911,Savings,393242.13,INR,BR004,ACTIVE,2021-12-06,2026-09-10 11:36:56.671379,2026-09-10 11:36:56.671379
24289,1346,Savings,337379.88,INR,BR003,ACTIVE,2021-10-30,2026-09-10 11:36:56.671379,2026-09-10 11:36:56.671379
24290,4324,Current,144591.02,INR,BR003,ACTIVE,2021-11-22,2026-09-10 11:36:56.671379,2026-09-10 11:36:56.671379
24291,4912,Savings,273934.77,INR,BR001,ACTIVE,2021-04-14,2026-09-10 11:36:56.671379,2026-09-10 11:36:56.671379
24292,1149,Current,119246.62,INR,BR004,ACTIVE,2021-01-03,2026-09-10 11:36:56.671379,2026-09-10 11:36:56.671379
24293,2040,Current,56642.04,INR,BR002,ACTIVE,2024-04-27,2026-09-10 11:36:56.671379,2026-09-10 11:36:56.671379
24294,2391,Current,61026.19,INR,BR001,ACTIVE,2020-01-11,2026-09-10 11:36:56.671379,2026-09-10 11:36:56.671379
24295,3883,Savings,302280.78,INR,BR003,ACTIVE,2022-02-13,2026-09-10 11:36:56.671379,2026-09-10 11:36:56.671379
24296,4905,Savings,20201.35,INR,BR002,ACTIVE,2024-06-18,2026-09-10 11:36:56.671379,2026-09-10 11:36:56.671379
24297,1781,Savings,486653.99,INR,BR001,ACTIVE,2020-05-30,2026-09-10 11:36:56.671379,2026-09-10 11:36:56.671379
24298,1118,Current,497737.77,INR,BR002,ACTIVE,2021-10-27,2026-09-10 11:36:56.671379,2026-09-10 11:36:56.671379
24299,1704,Current,75562.92,INR,BR001,ACTIVE,2023-03-13,2026-09-10 11:36:56.671379,2026-09-10 11:36:56.671379
24300,3365,Savings,214223.90,INR,BR001,ACTIVE,2021-10-20,2026-09-10 11:36:56.671379,2026-09-10 11:36:56.671379
24301,1288,Savings,384269.93,INR,BR002,ACTIVE,2020-03-06,2026-09-10 11:36:56.671379,2026-09-10 11:36:56.671379
24302,3956,Savings,477578.35,INR,BR004,ACTIVE,2023-02-07,2026-09-10 11:36:56.671379,2026-09-10 11:36:56.671379
24303,2375,Savings,445769.27,INR,BR002,ACTIVE,2023-07-10,2026-09-10 11:36:56.671379,2026-09-10 11:36:56.671379
24304,3345,Current,128122.84,INR,BR002,ACTIVE,2023-03-27,2026-09-10 11:36:56.671379,2026-09-10 11:36:56.671379
24305,4266,Current,43513.27,INR,BR004,ACTIVE,2022-09-11,2026-09-10 11:36:56.671379,2026-09-10 11:36:56.671379
24306,3025,Savings,145075.95,INR,BR002,ACTIVE,2024-11-17,2026-09-10 11:36:56.671379,2026-09-10 11:36:56.671379
24307,4464,Savings,219181.48,INR,BR004,ACTIVE,2020-06-10,2026-09-10 11:36:56.671379,2026-09-10 11:36:56.671379
24308,1443,Savings,180609.22,INR,BR004,ACTIVE,2020-11-06,2026-09-10 11:36:56.671379,2026-09-10 11:36:56.671379
24309,4353,Savings,387160.69,INR,BR004,ACTIVE,2022-06-10,2026-09-10 11:36:56.671379,2026-09-10 11:36:56.671379
24310,1901,Current,129636.16,INR,BR003,ACTIVE,2023-09-27,2026-09-10 11:36:56.671379,2026-09-10 11:36:56.671379
24311,1301,Current,429459.92,INR,BR001,ACTIVE,2021-02-07,2026-09-10 11:36:56.671379,2026-09-10 11:36:56.671379
24312,3946,Savings,113591.58,INR,BR003,ACTIVE,2023-01-23,2026-09-10 11:36:56.671379,2026-09-10 11:36:56.671379
24313,3474,Savings,181314.67,INR,BR001,ACTIVE,2025-01-01,2026-09-10 11:36:56.671379,2026-09-10 11:36:56.671379
24314,1250,Savings,224456.72,INR,BR003,ACTIVE,2024-11-01,2026-09-10 11:36:56.671379,2026-09-10 11:36:56.671379
24315,2958,Current,146317.85,INR,BR004,ACTIVE,2024-02-20,2026-09-10 11:36:56.671379,2026-09-10 11:36:56.671379
24316,2767,Savings,383419.75,INR,BR003,ACTIVE,2023-11-27,2026-09-10 11:36:56.671379,2026-09-10 11:36:56.671379
24317,2539,Savings,205364.06,INR,BR001,ACTIVE,2021-08-31,2026-09-10 11:36:56.671379,2026-09-10 11:36:56.671379
24318,1686,Savings,443625.86,INR,BR003,ACTIVE,2022-02-03,2026-09-10 11:36:56.671379,2026-09-10 11:36:56.671379
24319,3800,Current,481830.74,INR,BR002,ACTIVE,2021-04-08,2026-09-10 11:36:56.671379,2026-09-10 11:36:56.671379
24320,1998,Savings,430043.77,INR,BR002,ACTIVE,2022-04-11,2026-09-10 11:36:56.671379,2026-09-10 11:36:56.671379
24321,1406,Savings,261789.96,INR,BR004,ACTIVE,2021-12-21,2026-09-10 11:36:56.671379,2026-09-10 11:36:56.671379
24322,4688,Savings,255394.39,INR,BR003,ACTIVE,2020-09-09,2026-09-10 11:36:56.671379,2026-09-10 11:36:56.671379
24323,3849,Savings,108720.45,INR,BR003,ACTIVE,2020-06-16,2026-09-10 11:36:56.671379,2026-09-10 11:36:56.671379
24324,1244,Savings,296546.55,INR,BR001,ACTIVE,2022-11-14,2026-09-10 11:36:56.671379,2026-09-10 11:36:56.671379
24325,4872,Savings,476410.14,INR,BR001,ACTIVE,2023-06-24,2026-09-10 11:36:56.671379,2026-09-10 11:36:56.671379
24326,3415,Savings,41222.66,INR,BR003,ACTIVE,2024-04-22,2026-09-10 11:36:56.671379,2026-09-10 11:36:56.671379
24327,4857,Savings,376476.25,INR,BR001,ACTIVE,2023-03-02,2026-09-10 11:36:56.671379,2026-09-10 11:36:56.671379
24328,3168,Savings,434900.24,INR,BR002,ACTIVE,2020-02-02,2026-09-10 11:36:56.671379,2026-09-10 11:36:56.671379
24329,3898,Current,493365.04,INR,BR002,ACTIVE,2021-12-23,2026-09-10 11:36:56.671379,2026-09-10 11:36:56.671379
24330,4512,Savings,168044.10,INR,BR004,ACTIVE,2021-05-26,2026-09-10 11:36:56.671379,2026-09-10 11:36:56.671379
24331,4843,Current,178431.50,INR,BR002,ACTIVE,2022-03-31,2026-09-10 11:36:56.671379,2026-09-10 11:36:56.671379
24332,4576,Savings,115657.85,INR,BR001,ACTIVE,2023-04-17,2026-09-10 11:36:56.671379,2026-09-10 11:36:56.671379
24333,2606,Savings,394742.75,INR,BR001,ACTIVE,2023-11-16,2026-09-10 11:36:56.671379,2026-09-10 11:36:56.671379
24334,1433,Savings,70879.76,INR,BR001,ACTIVE,2023-12-28,2026-09-10 11:36:56.671379,2026-09-10 11:36:56.671379
24335,1183,Savings,134615.71,INR,BR001,ACTIVE,2020-12-03,2026-09-10 11:36:56.671379,2026-09-10 11:36:56.671379
24336,2485,Savings,148335.92,INR,BR003,ACTIVE,2022-04-21,2026-09-10 11:36:56.671379,2026-09-10 11:36:56.671379
24337,3807,Savings,188090.38,INR,BR003,ACTIVE,2022-06-25,2026-09-10 11:36:56.671379,2026-09-10 11:36:56.671379
24338,2142,Savings,211410.79,INR,BR003,ACTIVE,2023-07-29,2026-09-10 11:36:56.671379,2026-09-10 11:36:56.671379
24339,1031,Current,279953.46,INR,BR003,ACTIVE,2024-11-10,2026-09-10 11:36:56.671379,2026-09-10 11:36:56.671379
24340,4025,Savings,474238.29,INR,BR002,ACTIVE,2024-01-23,2026-09-10 11:36:56.671379,2026-09-10 11:36:56.671379
24341,2173,Savings,124392.59,INR,BR001,ACTIVE,2021-02-04,2026-09-10 11:36:56.671379,2026-09-10 11:36:56.671379
24342,3576,Savings,389831.07,INR,BR002,ACTIVE,2022-10-19,2026-09-10 11:36:56.671379,2026-09-10 11:36:56.671379
24343,2297,Current,338518.75,INR,BR001,ACTIVE,2023-11-22,2026-09-10 11:36:56.671379,2026-09-10 11:36:56.671379
24344,3912,Savings,58909.06,INR,BR003,ACTIVE,2020-02-25,2026-09-10 11:36:56.671379,2026-09-10 11:36:56.671379
24345,4457,Savings,405378.00,INR,BR002,ACTIVE,2020-02-27,2026-09-10 11:36:56.671379,2026-09-10 11:36:56.671379
24346,2904,Savings,46215.28,INR,BR001,ACTIVE,2022-06-25,2026-09-10 11:36:56.671379,2026-09-10 11:36:56.671379
24347,1102,Current,369724.19,INR,BR003,ACTIVE,2024-12-19,2026-09-10 11:36:56.671379,2026-09-10 11:36:56.671379
24348,2096,Savings,358177.59,INR,BR004,ACTIVE,2022-08-23,2026-09-10 11:36:56.671379,2026-09-10 11:36:56.671379
24349,2729,Current,345011.53,INR,BR001,ACTIVE,2022-05-11,2026-09-10 11:36:56.671379,2026-09-10 11:36:56.671379
24350,4906,Savings,139069.48,INR,BR004,ACTIVE,2021-07-27,2026-09-10 11:36:56.671379,2026-09-10 11:36:56.671379
24351,3671,Savings,287110.13,INR,BR001,ACTIVE,2024-07-24,2026-09-10 11:36:56.671379,2026-09-10 11:36:56.671379
24352,3853,Savings,381027.32,INR,BR003,ACTIVE,2023-06-27,2026-09-10 11:36:56.671379,2026-09-10 11:36:56.671379
24353,3456,Savings,319158.38,INR,BR002,ACTIVE,2023-01-17,2026-09-10 11:36:56.671379,2026-09-10 11:36:56.671379
24354,4419,Savings,402348.55,INR,BR001,ACTIVE,2024-07-27,2026-09-10 11:36:56.671379,2026-09-10 11:36:56.671379
24355,4924,Savings,344253.30,INR,BR004,ACTIVE,2021-01-27,2026-09-10 11:36:56.671379,2026-09-10 11:36:56.671379
24356,2391,Savings,137950.49,INR,BR003,ACTIVE,2021-05-17,2026-09-10 11:36:56.671379,2026-09-10 11:36:56.671379
24357,1830,Savings,77375.22,INR,BR001,ACTIVE,2023-12-01,2026-09-10 11:36:56.671379,2026-09-10 11:36:56.671379
24358,3837,Savings,316357.51,INR,BR004,ACTIVE,2021-02-19,2026-09-10 11:36:56.671379,2026-09-10 11:36:56.671379
24359,1618,Savings,380119.43,INR,BR001,ACTIVE,2023-05-13,2026-09-10 11:36:56.671379,2026-09-10 11:36:56.671379
24360,3597,Savings,72019.15,INR,BR004,ACTIVE,2024-04-23,2026-09-10 11:36:56.671379,2026-09-10 11:36:56.671379
24361,1291,Savings,88235.41,INR,BR001,ACTIVE,2020-12-08,2026-09-10 11:36:56.671379,2026-09-10 11:36:56.671379
24362,3470,Savings,7022.60,INR,BR002,ACTIVE,2024-08-05,2026-09-10 11:36:56.671379,2026-09-10 11:36:56.671379
24363,1181,Savings,266342.84,INR,BR002,ACTIVE,2023-03-01,2026-09-10 11:36:56.671379,2026-09-10 11:36:56.671379
24364,3703,Current,271603.23,INR,BR002,ACTIVE,2024-08-26,2026-09-10 11:36:56.671379,2026-09-10 11:36:56.671379
24365,3162,Savings,250537.82,INR,BR002,ACTIVE,2024-08-29,2026-09-10 11:36:56.671379,2026-09-10 11:36:56.671379
24366,2262,Savings,158689.00,INR,BR003,ACTIVE,2024-06-10,2026-09-10 11:36:56.671379,2026-09-10 11:36:56.671379
24367,4166,Savings,214477.81,INR,BR002,ACTIVE,2024-03-01,2026-09-10 11:36:56.671379,2026-09-10 11:36:56.671379
24368,1260,Savings,383352.15,INR,BR001,ACTIVE,2024-04-21,2026-09-10 11:36:56.671379,2026-09-10 11:36:56.671379
24369,4179,Savings,91716.64,INR,BR003,ACTIVE,2021-07-07,2026-09-10 11:36:56.671379,2026-09-10 11:36:56.671379
24370,3292,Current,101572.40,INR,BR001,ACTIVE,2022-07-30,2026-09-10 11:36:56.671379,2026-09-10 11:36:56.671379
24371,3471,Savings,333822.15,INR,BR004,ACTIVE,2020-12-25,2026-09-10 11:36:56.671379,2026-09-10 11:36:56.671379
24372,1335,Savings,433583.54,INR,BR002,ACTIVE,2024-02-16,2026-09-10 11:36:56.671379,2026-09-10 11:36:56.671379
24373,2047,Savings,170856.34,INR,BR001,ACTIVE,2023-11-19,2026-09-10 11:36:56.671379,2026-09-10 11:36:56.671379
24374,2897,Savings,466439.42,INR,BR001,ACTIVE,2024-11-15,2026-09-10 11:36:56.671379,2026-09-10 11:36:56.671379
24375,1271,Savings,29780.36,INR,BR001,ACTIVE,2021-06-25,2026-09-10 11:36:56.671379,2026-09-10 11:36:56.671379
24376,4212,Current,60141.14,INR,BR004,ACTIVE,2021-01-17,2026-09-10 11:36:56.671379,2026-09-10 11:36:56.671379
24377,4538,Current,230519.85,INR,BR004,ACTIVE,2023-02-07,2026-09-10 11:36:56.671379,2026-09-10 11:36:56.671379
24378,3502,Savings,362019.13,INR,BR004,ACTIVE,2021-03-18,2026-09-10 11:36:56.671379,2026-09-10 11:36:56.671379
24379,2408,Savings,186047.65,INR,BR001,ACTIVE,2024-03-18,2026-09-10 11:36:56.671379,2026-09-10 11:36:56.671379
24380,3642,Savings,277818.90,INR,BR004,ACTIVE,2021-04-07,2026-09-10 11:36:56.671379,2026-09-10 11:36:56.671379
24381,2401,Savings,15256.77,INR,BR002,ACTIVE,2024-10-25,2026-09-10 11:36:56.671379,2026-09-10 11:36:56.671379
24382,2010,Current,231455.32,INR,BR004,ACTIVE,2024-01-29,2026-09-10 11:36:56.671379,2026-09-10 11:36:56.671379
24383,2462,Savings,122045.19,INR,BR004,ACTIVE,2024-10-18,2026-09-10 11:36:56.671379,2026-09-10 11:36:56.671379
24384,3904,Savings,258668.05,INR,BR001,ACTIVE,2023-12-10,2026-09-10 11:36:56.671379,2026-09-10 11:36:56.671379
24385,4494,Current,263390.77,INR,BR001,ACTIVE,2022-04-28,2026-09-10 11:36:56.671379,2026-09-10 11:36:56.671379
24386,4228,Savings,376826.31,INR,BR001,ACTIVE,2024-10-02,2026-09-10 11:36:56.671379,2026-09-10 11:36:56.671379
24387,4407,Savings,270380.97,INR,BR001,ACTIVE,2020-01-14,2026-09-10 11:36:56.671379,2026-09-10 11:36:56.671379
24388,4603,Savings,307520.32,INR,BR002,ACTIVE,2022-08-30,2026-09-10 11:36:56.671379,2026-09-10 11:36:56.671379
24389,2605,Savings,265293.64,INR,BR001,ACTIVE,2023-08-19,2026-09-10 11:36:56.671379,2026-09-10 11:36:56.671379
24390,1132,Savings,495198.34,INR,BR003,ACTIVE,2024-01-20,2026-09-10 11:36:56.671379,2026-09-10 11:36:56.671379
24391,3816,Savings,396018.06,INR,BR003,ACTIVE,2021-04-08,2026-09-10 11:36:56.671379,2026-09-10 11:36:56.671379
24392,2745,Savings,378066.87,INR,BR001,ACTIVE,2022-05-30,2026-09-10 11:36:56.671379,2026-09-10 11:36:56.671379
24393,3549,Savings,314002.47,INR,BR001,ACTIVE,2022-06-08,2026-09-10 11:36:56.671379,2026-09-10 11:36:56.671379
24394,2546,Savings,264656.98,INR,BR002,ACTIVE,2022-05-20,2026-09-10 11:36:56.671379,2026-09-10 11:36:56.671379
24395,4212,Current,173033.81,INR,BR003,ACTIVE,2021-06-20,2026-09-10 11:36:56.671379,2026-09-10 11:36:56.671379
24396,1135,Savings,392200.00,INR,BR004,ACTIVE,2020-07-22,2026-09-10 11:36:56.671379,2026-09-10 11:36:56.671379
24397,1767,Current,95614.97,INR,BR002,ACTIVE,2023-04-17,2026-09-10 11:36:56.671379,2026-09-10 11:36:56.671379
24398,3860,Savings,19237.90,INR,BR004,ACTIVE,2023-07-11,2026-09-10 11:36:56.671379,2026-09-10 11:36:56.671379
24399,4479,Savings,349387.85,INR,BR001,ACTIVE,2023-11-08,2026-09-10 11:36:56.671379,2026-09-10 11:36:56.671379
24400,1770,Savings,73281.00,INR,BR003,ACTIVE,2021-01-28,2026-09-10 11:36:56.671379,2026-09-10 11:36:56.671379
24401,3142,Savings,452009.22,INR,BR004,ACTIVE,2024-01-14,2026-09-10 11:36:56.671379,2026-09-10 11:36:56.671379
24402,2908,Current,385570.01,INR,BR003,ACTIVE,2023-05-18,2026-09-10 11:36:56.671379,2026-09-10 11:36:56.671379
24403,2265,Savings,301519.94,INR,BR004,ACTIVE,2022-11-13,2026-09-10 11:36:56.671379,2026-09-10 11:36:56.671379
24404,2773,Savings,157648.40,INR,BR002,ACTIVE,2024-10-04,2026-09-10 11:36:56.671379,2026-09-10 11:36:56.671379
24405,1165,Savings,319333.24,INR,BR001,ACTIVE,2023-01-20,2026-09-10 11:36:56.671379,2026-09-10 11:36:56.671379
24406,1325,Savings,238951.49,INR,BR003,ACTIVE,2024-05-30,2026-09-10 11:36:56.671379,2026-09-10 11:36:56.671379
24407,4732,Current,146283.09,INR,BR002,ACTIVE,2023-07-17,2026-09-10 11:36:56.671379,2026-09-10 11:36:56.671379
24408,4290,Current,472594.41,INR,BR003,ACTIVE,2020-02-07,2026-09-10 11:36:56.671379,2026-09-10 11:36:56.671379
24409,3988,Savings,81782.82,INR,BR004,ACTIVE,2024-11-22,2026-09-10 11:36:56.671379,2026-09-10 11:36:56.671379
24410,1620,Savings,376938.49,INR,BR004,ACTIVE,2020-11-24,2026-09-10 11:36:56.671379,2026-09-10 11:36:56.671379
24411,1231,Savings,400219.25,INR,BR001,ACTIVE,2023-01-16,2026-09-10 11:36:56.671379,2026-09-10 11:36:56.671379
24412,3630,Savings,475945.51,INR,BR004,ACTIVE,2020-09-13,2026-09-10 11:36:56.671379,2026-09-10 11:36:56.671379
24413,3781,Savings,275158.80,INR,BR001,ACTIVE,2023-07-07,2026-09-10 11:36:56.671379,2026-09-10 11:36:56.671379
24414,4658,Savings,267902.71,INR,BR001,ACTIVE,2023-03-29,2026-09-10 11:36:56.671379,2026-09-10 11:36:56.671379
24415,2203,Savings,460224.32,INR,BR002,ACTIVE,2020-04-09,2026-09-10 11:36:56.671379,2026-09-10 11:36:56.671379
24416,4152,Savings,400745.54,INR,BR001,ACTIVE,2020-12-01,2026-09-10 11:36:56.671379,2026-09-10 11:36:56.671379
24417,2378,Savings,382054.60,INR,BR002,ACTIVE,2021-03-04,2026-09-10 11:36:56.671379,2026-09-10 11:36:56.671379
24418,3719,Savings,394779.39,INR,BR003,ACTIVE,2023-07-21,2026-09-10 11:36:56.671379,2026-09-10 11:36:56.671379
24419,2892,Savings,247097.36,INR,BR004,ACTIVE,2023-07-13,2026-09-10 11:36:56.671379,2026-09-10 11:36:56.671379
24420,4753,Savings,21667.89,INR,BR004,ACTIVE,2021-07-08,2026-09-10 11:36:56.671379,2026-09-10 11:36:56.671379
24421,4898,Savings,99934.18,INR,BR004,ACTIVE,2023-05-27,2026-09-10 11:36:56.671379,2026-09-10 11:36:56.671379
24422,4973,Savings,321853.05,INR,BR001,ACTIVE,2021-10-18,2026-09-10 11:36:56.671379,2026-09-10 11:36:56.671379
24423,4233,Savings,198686.79,INR,BR002,ACTIVE,2024-03-06,2026-09-10 11:36:56.671379,2026-09-10 11:36:56.671379
24424,4499,Savings,303778.35,INR,BR002,ACTIVE,2020-12-15,2026-09-10 11:36:56.671379,2026-09-10 11:36:56.671379
24425,1403,Current,276287.27,INR,BR002,ACTIVE,2021-09-09,2026-09-10 11:36:56.671379,2026-09-10 11:36:56.671379
24426,4104,Savings,219891.49,INR,BR001,ACTIVE,2024-11-27,2026-09-10 11:36:56.671379,2026-09-10 11:36:56.671379
24427,3169,Savings,118129.28,INR,BR004,ACTIVE,2022-01-15,2026-09-10 11:36:56.671379,2026-09-10 11:36:56.671379
24428,3775,Current,359760.99,INR,BR004,ACTIVE,2020-09-15,2026-09-10 11:36:56.671379,2026-09-10 11:36:56.671379
24429,4587,Savings,454613.52,INR,BR002,ACTIVE,2023-05-19,2026-09-10 11:36:56.671379,2026-09-10 11:36:56.671379
24430,1385,Savings,385211.90,INR,BR001,ACTIVE,2022-04-24,2026-09-10 11:36:56.671379,2026-09-10 11:36:56.671379
24431,2764,Savings,60899.08,INR,BR004,ACTIVE,2022-12-28,2026-09-10 11:36:56.671379,2026-09-10 11:36:56.671379
24432,2449,Savings,269436.92,INR,BR001,ACTIVE,2021-05-23,2026-09-10 11:36:56.671379,2026-09-10 11:36:56.671379
24433,3524,Savings,417847.73,INR,BR003,ACTIVE,2020-03-16,2026-09-10 11:36:56.671379,2026-09-10 11:36:56.671379
24434,3608,Savings,295899.91,INR,BR003,ACTIVE,2022-11-25,2026-09-10 11:36:56.671379,2026-09-10 11:36:56.671379
24435,2191,Savings,220345.01,INR,BR001,ACTIVE,2020-06-20,2026-09-10 11:36:56.671379,2026-09-10 11:36:56.671379
24436,1389,Savings,142988.63,INR,BR003,ACTIVE,2021-06-30,2026-09-10 11:36:56.671379,2026-09-10 11:36:56.671379
24437,4405,Savings,165864.98,INR,BR004,ACTIVE,2021-11-07,2026-09-10 11:36:56.671379,2026-09-10 11:36:56.671379
24438,2547,Savings,121836.26,INR,BR002,ACTIVE,2022-03-19,2026-09-10 11:36:56.671379,2026-09-10 11:36:56.671379
24439,2774,Savings,98667.50,INR,BR001,ACTIVE,2024-08-02,2026-09-10 11:36:56.671379,2026-09-10 11:36:56.671379
24440,1790,Savings,294843.71,INR,BR003,ACTIVE,2020-03-07,2026-09-10 11:36:56.671379,2026-09-10 11:36:56.671379
24441,3801,Savings,255183.02,INR,BR002,ACTIVE,2021-03-28,2026-09-10 11:36:56.671379,2026-09-10 11:36:56.671379
24442,2495,Savings,367681.71,INR,BR004,ACTIVE,2024-07-31,2026-09-10 11:36:56.671379,2026-09-10 11:36:56.671379
24443,3752,Savings,154656.84,INR,BR004,ACTIVE,2020-12-11,2026-09-10 11:36:56.671379,2026-09-10 11:36:56.671379
24444,2548,Savings,230951.22,INR,BR001,ACTIVE,2022-09-28,2026-09-10 11:36:56.671379,2026-09-10 11:36:56.671379
24445,3101,Savings,340504.74,INR,BR002,ACTIVE,2023-06-01,2026-09-10 11:36:56.671379,2026-09-10 11:36:56.671379
24446,3615,Savings,481653.66,INR,BR004,ACTIVE,2022-09-25,2026-09-10 11:36:56.671379,2026-09-10 11:36:56.671379
24447,1821,Current,175086.33,INR,BR001,ACTIVE,2023-08-01,2026-09-10 11:36:56.671379,2026-09-10 11:36:56.671379
24448,2045,Current,149806.23,INR,BR003,ACTIVE,2020-01-06,2026-09-10 11:36:56.671379,2026-09-10 11:36:56.671379
24449,2043,Savings,225194.90,INR,BR002,ACTIVE,2021-06-05,2026-09-10 11:36:56.671379,2026-09-10 11:36:56.671379
24450,2880,Savings,362213.11,INR,BR004,ACTIVE,2021-12-09,2026-09-10 11:36:56.671379,2026-09-10 11:36:56.671379
24451,1862,Savings,480813.60,INR,BR003,ACTIVE,2023-11-27,2026-09-10 11:36:56.671379,2026-09-10 11:36:56.671379
24452,2480,Savings,268731.63,INR,BR002,ACTIVE,2020-01-23,2026-09-10 11:36:56.671379,2026-09-10 11:36:56.671379
24453,3370,Savings,406407.68,INR,BR002,ACTIVE,2021-03-21,2026-09-10 11:36:56.671379,2026-09-10 11:36:56.671379
24454,3875,Savings,232735.50,INR,BR002,ACTIVE,2024-10-15,2026-09-10 11:36:56.671379,2026-09-10 11:36:56.671379
24455,3481,Savings,20888.71,INR,BR004,ACTIVE,2022-01-16,2026-09-10 11:36:56.671379,2026-09-10 11:36:56.671379
24456,4131,Current,447211.44,INR,BR002,ACTIVE,2022-12-31,2026-09-10 11:36:56.671379,2026-09-10 11:36:56.671379
24457,4223,Savings,145649.17,INR,BR003,ACTIVE,2021-12-11,2026-09-10 11:36:56.671379,2026-09-10 11:36:56.671379
24458,2795,Savings,70194.16,INR,BR004,ACTIVE,2023-11-21,2026-09-10 11:36:56.671379,2026-09-10 11:36:56.671379
24459,2464,Savings,498084.59,INR,BR002,ACTIVE,2021-06-19,2026-09-10 11:36:56.671379,2026-09-10 11:36:56.671379
24460,2908,Savings,174352.10,INR,BR003,ACTIVE,2024-05-25,2026-09-10 11:36:56.671379,2026-09-10 11:36:56.671379
24461,3106,Savings,69132.60,INR,BR004,ACTIVE,2022-02-12,2026-09-10 11:36:56.671379,2026-09-10 11:36:56.671379
24462,4066,Current,156459.55,INR,BR002,ACTIVE,2022-12-28,2026-09-10 11:36:56.671379,2026-09-10 11:36:56.671379
24463,4800,Current,257404.98,INR,BR001,ACTIVE,2024-12-16,2026-09-10 11:36:56.671379,2026-09-10 11:36:56.671379
24464,4646,Savings,44890.59,INR,BR001,ACTIVE,2024-05-05,2026-09-10 11:36:56.671379,2026-09-10 11:36:56.671379
24465,4730,Savings,176957.80,INR,BR002,ACTIVE,2025-01-19,2026-09-10 11:36:56.671379,2026-09-10 11:36:56.671379
24466,4966,Savings,334759.35,INR,BR001,ACTIVE,2024-02-17,2026-09-10 11:36:56.671379,2026-09-10 11:36:56.671379
24467,1751,Current,458050.07,INR,BR004,ACTIVE,2023-11-17,2026-09-10 11:36:56.671379,2026-09-10 11:36:56.671379
24468,2317,Current,199321.40,INR,BR002,ACTIVE,2024-11-10,2026-09-10 11:36:56.671379,2026-09-10 11:36:56.671379
24469,1182,Savings,282717.56,INR,BR003,ACTIVE,2020-03-28,2026-09-10 11:36:56.671379,2026-09-10 11:36:56.671379
24470,2905,Savings,318395.04,INR,BR001,ACTIVE,2022-03-05,2026-09-10 11:36:56.671379,2026-09-10 11:36:56.671379
24471,3655,Savings,36305.99,INR,BR002,ACTIVE,2024-12-09,2026-09-10 11:36:56.671379,2026-09-10 11:36:56.671379
24472,4150,Savings,171770.30,INR,BR004,ACTIVE,2020-09-08,2026-09-10 11:36:56.671379,2026-09-10 11:36:56.671379
24473,1961,Current,342442.75,INR,BR002,ACTIVE,2020-05-22,2026-09-10 11:36:56.671379,2026-09-10 11:36:56.671379
24474,4726,Savings,368094.88,INR,BR003,ACTIVE,2021-01-15,2026-09-10 11:36:56.671379,2026-09-10 11:36:56.671379
24475,1105,Current,178620.10,INR,BR003,ACTIVE,2021-11-06,2026-09-10 11:36:56.671379,2026-09-10 11:36:56.671379
24476,2285,Savings,4361.39,INR,BR002,ACTIVE,2024-12-20,2026-09-10 11:36:56.671379,2026-09-10 11:36:56.671379
24477,3655,Savings,4425.93,INR,BR002,ACTIVE,2023-05-11,2026-09-10 11:36:56.671379,2026-09-10 11:36:56.671379
24478,4295,Savings,269521.89,INR,BR002,ACTIVE,2022-06-19,2026-09-10 11:36:56.671379,2026-09-10 11:36:56.671379
24479,1990,Savings,276191.46,INR,BR002,ACTIVE,2022-05-02,2026-09-10 11:36:56.671379,2026-09-10 11:36:56.671379
24480,1484,Savings,278304.00,INR,BR004,ACTIVE,2021-09-10,2026-09-10 11:36:56.671379,2026-09-10 11:36:56.671379
24481,2726,Savings,361154.78,INR,BR002,ACTIVE,2023-08-19,2026-09-10 11:36:56.671379,2026-09-10 11:36:56.671379
24482,3177,Savings,460713.43,INR,BR004,ACTIVE,2021-02-22,2026-09-10 11:36:56.671379,2026-09-10 11:36:56.671379
24483,3367,Savings,495094.93,INR,BR002,ACTIVE,2022-05-31,2026-09-10 11:36:56.671379,2026-09-10 11:36:56.671379
24484,1707,Savings,350832.31,INR,BR004,ACTIVE,2020-04-25,2026-09-10 11:36:56.671379,2026-09-10 11:36:56.671379
24485,3557,Current,257485.36,INR,BR003,ACTIVE,2020-01-17,2026-09-10 11:36:56.671379,2026-09-10 11:36:56.671379
24486,1020,Savings,71356.40,INR,BR001,ACTIVE,2022-12-04,2026-09-10 11:36:56.671379,2026-09-10 11:36:56.671379
24487,4883,Savings,192703.41,INR,BR002,ACTIVE,2020-09-21,2026-09-10 11:36:56.671379,2026-09-10 11:36:56.671379
24488,1752,Savings,286655.88,INR,BR002,ACTIVE,2024-08-08,2026-09-10 11:36:56.671379,2026-09-10 11:36:56.671379
24489,1235,Savings,499904.43,INR,BR003,ACTIVE,2022-02-21,2026-09-10 11:36:56.671379,2026-09-10 11:36:56.671379
24490,2621,Savings,64363.83,INR,BR001,ACTIVE,2022-10-28,2026-09-10 11:36:56.671379,2026-09-10 11:36:56.671379
24491,1606,Current,396745.16,INR,BR003,ACTIVE,2020-03-01,2026-09-10 11:36:56.671379,2026-09-10 11:36:56.671379
24492,1554,Savings,499471.16,INR,BR003,ACTIVE,2024-11-09,2026-09-10 11:36:56.671379,2026-09-10 11:36:56.671379
24493,2900,Savings,402840.35,INR,BR002,ACTIVE,2023-11-19,2026-09-10 11:36:56.671379,2026-09-10 11:36:56.671379
24494,4422,Savings,383804.94,INR,BR002,ACTIVE,2022-03-22,2026-09-10 11:36:56.671379,2026-09-10 11:36:56.671379
24495,3501,Savings,130081.89,INR,BR003,ACTIVE,2022-08-11,2026-09-10 11:36:56.671379,2026-09-10 11:36:56.671379
24496,1586,Current,2677.89,INR,BR002,ACTIVE,2021-07-08,2026-09-10 11:36:56.671379,2026-09-10 11:36:56.671379
24497,1984,Current,113767.56,INR,BR002,ACTIVE,2021-11-18,2026-09-10 11:36:56.671379,2026-09-10 11:36:56.671379
24498,4949,Savings,395110.26,INR,BR002,ACTIVE,2024-02-26,2026-09-10 11:36:56.671379,2026-09-10 11:36:56.671379
24499,4581,Savings,54533.32,INR,BR001,ACTIVE,2025-01-06,2026-09-10 11:36:56.671379,2026-09-10 11:36:56.671379
24500,2651,Savings,148763.07,INR,BR001,ACTIVE,2023-06-27,2026-09-10 11:36:56.671379,2026-09-10 11:36:56.671379
